2026-07-11 15:09:58,694 - inventory_backend.migrations - INFO - Running database migrations (current=0, target=1)...
2026-07-11 15:09:58,698 - inventory_backend.migrations - INFO - Database migrations completed successfully.
2026-07-11 15:09:58,728 - inventory_backend.migrations - INFO - Running database migrations (current=0, target=1)...
2026-07-11 15:09:58,734 - inventory_backend.migrations - INFO - Database migrations completed successfully.
2026-07-11 15:09:58,747 - inventory_backend.db_manager - INFO - Added product SKU=TEST-01 with ID=1
2026-07-11 15:09:58,759 - inventory_backend.db_manager - ERROR - Transaction failed and was rolled back: FOREIGN KEY constraint failed
Traceback (most recent call last):
  File "C:\Inventra\backend\database\db_manager.py", line 77, in transaction
    yield cursor
  File "C:\Inventra\backend\tests\test_database.py", line 54, in test_transaction_rollback
    cursor.execute("""
    ~~~~~~~~~~~~~~^^^^
        INSERT INTO stock_movements (product_id, movement_type, quantity, supplier_name, cost_per_unit, reason, movement_date, entered_by, created_at)
        ^^^^^^^^^^^^^^^^^^^^^^^^^^^^^^^^^^^^^^^^^^^^^^^^^^^^^^^^^^^^^^^^^^^^^^^^^^^^^^^^^^^^^^^^^^^^^^^^^^^^^^^^^^^^^^^^^^^^^^^^^^^^^^^^^^^^^^^^^^^^^^
        VALUES (999, 'IN', 5, 'Supplier', 5.0, 'Reason', '2026-07-11', NULL, datetime('now'));
        ^^^^^^^^^^^^^^^^^^^^^^^^^^^^^^^^^^^^^^^^^^^^^^^^^^^^^^^^^^^^^^^^^^^^^^^^^^^^^^^^^^^^^^
    """)
    ^^^^
sqlite3.IntegrityError: FOREIGN KEY constraint failed
2026-07-11 15:09:58,763 - inventory_backend.db_manager - ERROR - Database connection error: Database transaction failure: FOREIGN KEY constraint failed
Traceback (most recent call last):
  File "C:\Inventra\backend\database\db_manager.py", line 77, in transaction
    yield cursor
  File "C:\Inventra\backend\tests\test_database.py", line 54, in test_transaction_rollback
    cursor.execute("""
    ~~~~~~~~~~~~~~^^^^
        INSERT INTO stock_movements (product_id, movement_type, quantity, supplier_name, cost_per_unit, reason, movement_date, entered_by, created_at)
        ^^^^^^^^^^^^^^^^^^^^^^^^^^^^^^^^^^^^^^^^^^^^^^^^^^^^^^^^^^^^^^^^^^^^^^^^^^^^^^^^^^^^^^^^^^^^^^^^^^^^^^^^^^^^^^^^^^^^^^^^^^^^^^^^^^^^^^^^^^^^^^
        VALUES (999, 'IN', 5, 'Supplier', 5.0, 'Reason', '2026-07-11', NULL, datetime('now'));
        ^^^^^^^^^^^^^^^^^^^^^^^^^^^^^^^^^^^^^^^^^^^^^^^^^^^^^^^^^^^^^^^^^^^^^^^^^^^^^^^^^^^^^^
    """)
    ^^^^
sqlite3.IntegrityError: FOREIGN KEY constraint failed

The above exception was the direct cause of the following exception:

Traceback (most recent call last):
  File "C:\Inventra\backend\database\db_manager.py", line 54, in connection
    yield conn
  File "C:\Inventra\backend\database\db_manager.py", line 82, in transaction
    raise DatabaseError(f"Database transaction failure: {e}") from e
backend.utils.validators.DatabaseError: Database transaction failure: FOREIGN KEY constraint failed
2026-07-11 15:09:58,784 - inventory_backend.migrations - INFO - Running database migrations (current=0, target=1)...
2026-07-11 15:09:58,789 - inventory_backend.migrations - INFO - Database migrations completed successfully.
2026-07-11 15:09:58,799 - inventory_backend.db_manager - INFO - Added product SKU=SKU-1 with ID=1
2026-07-11 15:09:58,822 - inventory_backend.db_manager - INFO - Updated product ID=1, status=True
2026-07-11 15:09:58,841 - inventory_backend.db_manager - INFO - Deleted product ID=1, status=True
2026-07-11 15:10:00,461 - inventory_backend.forecasting - INFO - Moving Average fallback completed successfully
2026-07-11 15:10:00,473 - inventory_backend.forecasting - INFO - Linear Regression fallback completed successfully
2026-07-11 15:10:00,671 - inventory_backend.classifier - INFO - Classifier trained successfully. Train Accuracy: 100.00%
2026-07-11 15:10:01,366 - inventory_backend.evaluation - INFO - Forecast evaluation: MAPE=0.0500, RMSE=0.8165, R2=0.9600
2026-07-11 15:10:01,378 - inventory_backend.evaluation - INFO - Classification evaluation: Accuracy=0.6667, F1=0.5556
2026-07-11 15:10:01,395 - inventory_backend.migrations - INFO - Running database migrations (current=0, target=1)...
2026-07-11 15:10:01,399 - inventory_backend.migrations - INFO - Database migrations completed successfully.
2026-07-11 15:10:01,416 - inventory_backend.db_manager - INFO - Added product SKU=SKU-T1 with ID=1
2026-07-11 15:10:01,434 - inventory_backend.inventory_service - WARNING - Failed to add product: SKU 'SKU-T1' already exists.
2026-07-11 15:10:01,442 - inventory_backend.inventory_service - WARNING - Failed to add product: Name 'Bread' already exists.
2026-07-11 15:10:01,452 - inventory_backend.db_manager - INFO - Updated product ID=1, status=True
2026-07-11 15:10:01,481 - inventory_backend.inventory_service - INFO - Logically deactivated product SKU=SKU-T1
2026-07-11 15:10:01,507 - inventory_backend.migrations - INFO - Running database migrations (current=0, target=1)...
2026-07-11 15:10:01,510 - inventory_backend.migrations - INFO - Database migrations completed successfully.
2026-07-11 15:10:01,527 - inventory_backend.db_manager - INFO - Added product SKU=MILK-01 with ID=1
2026-07-11 15:10:01,541 - inventory_backend.db_manager - INFO - Recorded movement ID=1 (IN), delta=15 for product ID=1
2026-07-11 15:10:01,558 - inventory_backend.inventory_service - INFO - Weekly submission for SKU=MILK-01: Sales=17, PrevStock=10, Deliveries=15, NewStock=8
2026-07-11 15:10:01,583 - inventory_backend.migrations - INFO - Running database migrations (current=0, target=1)...
2026-07-11 15:10:01,590 - inventory_backend.migrations - INFO - Database migrations completed successfully.
2026-07-11 15:10:01,607 - inventory_backend.db_manager - INFO - Added product SKU=A-1 with ID=1
2026-07-11 15:10:01,624 - inventory_backend.db_manager - INFO - Added product SKU=B-2 with ID=2
2026-07-11 15:10:01,641 - inventory_backend.inventory_service - INFO - Weekly submission for SKU=A-1: Sales=10, PrevStock=20, Deliveries=0, NewStock=10
2026-07-11 15:10:01,659 - inventory_backend.inventory_service - INFO - Weekly submission for SKU=B-2: Sales=3, PrevStock=5, Deliveries=0, NewStock=2
2026-07-11 15:10:01,702 - inventory_backend.migrations - INFO - Running database migrations (current=0, target=1)...
2026-07-11 15:10:01,707 - inventory_backend.migrations - INFO - Database migrations completed successfully.
2026-07-11 15:10:01,724 - inventory_backend.db_manager - INFO - Added product SKU=A with ID=1
2026-07-11 15:10:01,737 - inventory_backend.inventory_service - INFO - Weekly submission for SKU=A: Sales=5, PrevStock=20, Deliveries=0, NewStock=15
2026-07-11 15:10:01,751 - inventory_backend.inventory_service - INFO - Weekly submission for SKU=A: Sales=0, PrevStock=15, Deliveries=0, NewStock=15
2026-07-11 15:10:01,763 - inventory_backend.inventory_service - INFO - Weekly submission for SKU=A: Sales=0, PrevStock=15, Deliveries=0, NewStock=15
2026-07-11 15:10:01,778 - inventory_backend.inventory_service - INFO - Weekly submission for SKU=A: Sales=0, PrevStock=15, Deliveries=0, NewStock=15
2026-07-11 15:10:01,791 - inventory_backend.inventory_service - INFO - Weekly submission for SKU=A: Sales=0, PrevStock=15, Deliveries=0, NewStock=15
2026-07-11 15:10:01,811 - inventory_backend.prediction_engine - INFO - Starting ML pipeline for 1 products...
2026-07-11 15:10:01,854 - inventory_backend.model_manager - INFO - Retraining required: No existing models found.
2026-07-11 15:10:02,016 - inventory_backend.classifier - INFO - Classifier trained successfully. Train Accuracy: 100.00%
2026-07-11 15:10:02,071 - inventory_backend.model_manager - INFO - Classifier and Scaler successfully saved to C:\Inventra\backend\saved_models
2026-07-11 15:10:02,078 - inventory_backend.forecasting - INFO - Linear Regression fallback completed successfully
2026-07-11 15:10:02,093 - inventory_backend.prediction_engine - INFO - ML Pipeline execution finished. Generated 1 predictions.
2026-07-11 15:10:44,749 - inventory_backend.migrations - INFO - Running database migrations (current=0, target=1)...
2026-07-11 15:10:44,754 - inventory_backend.migrations - INFO - Database migrations completed successfully.
2026-07-11 15:10:44,767 - inventory_backend.db_manager - INFO - Added product SKU=A-1 with ID=1
2026-07-11 15:10:44,780 - inventory_backend.db_manager - INFO - Added product SKU=B-2 with ID=2
2026-07-11 15:10:44,794 - inventory_backend.inventory_service - INFO - Weekly submission for SKU=A-1: Sales=10, PrevStock=20, Deliveries=0, NewStock=10
2026-07-11 15:10:44,805 - inventory_backend.inventory_service - INFO - Weekly submission for SKU=B-2: Sales=3, PrevStock=5, Deliveries=0, NewStock=2
2026-07-11 15:11:38,860 - inventory_backend.migrations - INFO - Running database migrations (current=0, target=1)...
2026-07-11 15:11:38,864 - inventory_backend.migrations - INFO - Database migrations completed successfully.
2026-07-11 15:11:38,882 - inventory_backend.migrations - INFO - Running database migrations (current=0, target=1)...
2026-07-11 15:11:38,885 - inventory_backend.migrations - INFO - Database migrations completed successfully.
2026-07-11 15:11:38,892 - inventory_backend.db_manager - INFO - Added product SKU=TEST-01 with ID=1
2026-07-11 15:11:38,898 - inventory_backend.db_manager - ERROR - Transaction failed and was rolled back: FOREIGN KEY constraint failed
Traceback (most recent call last):
  File "C:\Inventra\backend\database\db_manager.py", line 77, in transaction
    yield cursor
  File "C:\Inventra\backend\tests\test_database.py", line 54, in test_transaction_rollback
    cursor.execute("""
    ~~~~~~~~~~~~~~^^^^
        INSERT INTO stock_movements (product_id, movement_type, quantity, supplier_name, cost_per_unit, reason, movement_date, entered_by, created_at)
        ^^^^^^^^^^^^^^^^^^^^^^^^^^^^^^^^^^^^^^^^^^^^^^^^^^^^^^^^^^^^^^^^^^^^^^^^^^^^^^^^^^^^^^^^^^^^^^^^^^^^^^^^^^^^^^^^^^^^^^^^^^^^^^^^^^^^^^^^^^^^^^
        VALUES (999, 'IN', 5, 'Supplier', 5.0, 'Reason', '2026-07-11', NULL, datetime('now'));
        ^^^^^^^^^^^^^^^^^^^^^^^^^^^^^^^^^^^^^^^^^^^^^^^^^^^^^^^^^^^^^^^^^^^^^^^^^^^^^^^^^^^^^^
    """)
    ^^^^
sqlite3.IntegrityError: FOREIGN KEY constraint failed
2026-07-11 15:11:38,900 - inventory_backend.db_manager - ERROR - Database connection error: Database transaction failure: FOREIGN KEY constraint failed
Traceback (most recent call last):
  File "C:\Inventra\backend\database\db_manager.py", line 77, in transaction
    yield cursor
  File "C:\Inventra\backend\tests\test_database.py", line 54, in test_transaction_rollback
    cursor.execute("""
    ~~~~~~~~~~~~~~^^^^
        INSERT INTO stock_movements (product_id, movement_type, quantity, supplier_name, cost_per_unit, reason, movement_date, entered_by, created_at)
        ^^^^^^^^^^^^^^^^^^^^^^^^^^^^^^^^^^^^^^^^^^^^^^^^^^^^^^^^^^^^^^^^^^^^^^^^^^^^^^^^^^^^^^^^^^^^^^^^^^^^^^^^^^^^^^^^^^^^^^^^^^^^^^^^^^^^^^^^^^^^^^
        VALUES (999, 'IN', 5, 'Supplier', 5.0, 'Reason', '2026-07-11', NULL, datetime('now'));
        ^^^^^^^^^^^^^^^^^^^^^^^^^^^^^^^^^^^^^^^^^^^^^^^^^^^^^^^^^^^^^^^^^^^^^^^^^^^^^^^^^^^^^^
    """)
    ^^^^
sqlite3.IntegrityError: FOREIGN KEY constraint failed

The above exception was the direct cause of the following exception:

Traceback (most recent call last):
  File "C:\Inventra\backend\database\db_manager.py", line 54, in connection
    yield conn
  File "C:\Inventra\backend\database\db_manager.py", line 82, in transaction
    raise DatabaseError(f"Database transaction failure: {e}") from e
backend.utils.validators.DatabaseError: Database transaction failure: FOREIGN KEY constraint failed
2026-07-11 15:11:38,914 - inventory_backend.migrations - INFO - Running database migrations (current=0, target=1)...
2026-07-11 15:11:38,917 - inventory_backend.migrations - INFO - Database migrations completed successfully.
2026-07-11 15:11:38,924 - inventory_backend.db_manager - INFO - Added product SKU=SKU-1 with ID=1
2026-07-11 15:11:38,933 - inventory_backend.db_manager - INFO - Updated product ID=1, status=True
2026-07-11 15:11:38,943 - inventory_backend.db_manager - INFO - Deleted product ID=1, status=True
2026-07-11 15:11:39,661 - inventory_backend.forecasting - INFO - Moving Average fallback completed successfully
2026-07-11 15:11:39,677 - inventory_backend.forecasting - INFO - Linear Regression fallback completed successfully
2026-07-11 15:11:39,779 - inventory_backend.classifier - INFO - Classifier trained successfully. Train Accuracy: 100.00%
2026-07-11 15:11:39,797 - inventory_backend.evaluation - INFO - Forecast evaluation: MAPE=0.0500, RMSE=0.8165, R2=0.9600
2026-07-11 15:11:39,805 - inventory_backend.evaluation - INFO - Classification evaluation: Accuracy=0.6667, F1=0.5556
2026-07-11 15:11:39,827 - inventory_backend.migrations - INFO - Running database migrations (current=0, target=1)...
2026-07-11 15:11:39,830 - inventory_backend.migrations - INFO - Database migrations completed successfully.
2026-07-11 15:11:39,842 - inventory_backend.db_manager - INFO - Added product SKU=SKU-T1 with ID=1
2026-07-11 15:11:39,850 - inventory_backend.inventory_service - WARNING - Failed to add product: SKU 'SKU-T1' already exists.
2026-07-11 15:11:39,854 - inventory_backend.inventory_service - WARNING - Failed to add product: Name 'Bread' already exists.
2026-07-11 15:11:39,860 - inventory_backend.db_manager - INFO - Updated product ID=1, status=True
2026-07-11 15:11:39,877 - inventory_backend.inventory_service - INFO - Logically deactivated product SKU=SKU-T1
2026-07-11 15:11:39,892 - inventory_backend.migrations - INFO - Running database migrations (current=0, target=1)...
2026-07-11 15:11:39,895 - inventory_backend.migrations - INFO - Database migrations completed successfully.
2026-07-11 15:11:39,906 - inventory_backend.db_manager - INFO - Added product SKU=MILK-01 with ID=1
2026-07-11 15:11:39,915 - inventory_backend.db_manager - INFO - Recorded movement ID=1 (IN), delta=15 for product ID=1
2026-07-11 15:11:39,927 - inventory_backend.inventory_service - INFO - Weekly submission for SKU=MILK-01: Sales=17, PrevStock=10, Deliveries=15, NewStock=8
2026-07-11 15:11:39,947 - inventory_backend.migrations - INFO - Running database migrations (current=0, target=1)...
2026-07-11 15:11:39,949 - inventory_backend.migrations - INFO - Database migrations completed successfully.
2026-07-11 15:11:39,960 - inventory_backend.db_manager - INFO - Added product SKU=A-1 with ID=1
2026-07-11 15:11:39,974 - inventory_backend.db_manager - INFO - Added product SKU=B-2 with ID=2
2026-07-11 15:11:39,982 - inventory_backend.inventory_service - INFO - Weekly submission for SKU=A-1: Sales=10, PrevStock=20, Deliveries=0, NewStock=10
2026-07-11 15:11:39,994 - inventory_backend.inventory_service - INFO - Weekly submission for SKU=B-2: Sales=3, PrevStock=5, Deliveries=0, NewStock=2
2026-07-11 15:11:40,024 - inventory_backend.migrations - INFO - Running database migrations (current=0, target=1)...
2026-07-11 15:11:40,027 - inventory_backend.migrations - INFO - Database migrations completed successfully.
2026-07-11 15:11:40,043 - inventory_backend.db_manager - INFO - Added product SKU=A with ID=1
2026-07-11 15:11:40,057 - inventory_backend.inventory_service - INFO - Weekly submission for SKU=A: Sales=5, PrevStock=20, Deliveries=0, NewStock=15
2026-07-11 15:11:40,070 - inventory_backend.inventory_service - INFO - Weekly submission for SKU=A: Sales=0, PrevStock=15, Deliveries=0, NewStock=15
2026-07-11 15:11:40,084 - inventory_backend.inventory_service - INFO - Weekly submission for SKU=A: Sales=0, PrevStock=15, Deliveries=0, NewStock=15
2026-07-11 15:11:40,099 - inventory_backend.inventory_service - INFO - Weekly submission for SKU=A: Sales=0, PrevStock=15, Deliveries=0, NewStock=15
2026-07-11 15:11:40,117 - inventory_backend.inventory_service - INFO - Weekly submission for SKU=A: Sales=0, PrevStock=15, Deliveries=0, NewStock=15
2026-07-11 15:11:40,141 - inventory_backend.prediction_engine - INFO - Starting ML pipeline for 1 products...
2026-07-11 15:11:40,264 - inventory_backend.model_manager - INFO - Loaded pre-trained model and metadata from disk.
2026-07-11 15:11:40,264 - inventory_backend.model_manager - INFO - Skipping retraining: Data hash is unchanged, loaded cached model.
2026-07-11 15:11:40,310 - inventory_backend.model_manager - INFO - Loaded pre-trained model and metadata from disk.
2026-07-11 15:11:40,330 - inventory_backend.forecasting - INFO - Linear Regression fallback completed successfully
2026-07-11 15:11:40,353 - inventory_backend.prediction_engine - INFO - ML Pipeline execution finished. Generated 1 predictions.
2026-07-11 15:12:24,746 - inventory_backend.migrations - INFO - Running database migrations (current=0, target=1)...
2026-07-11 15:12:24,750 - inventory_backend.migrations - INFO - Database migrations completed successfully.
2026-07-11 15:12:24,773 - inventory_backend.migrations - INFO - Running database migrations (current=0, target=1)...
2026-07-11 15:12:24,777 - inventory_backend.migrations - INFO - Database migrations completed successfully.
2026-07-11 15:12:24,784 - inventory_backend.db_manager - INFO - Added product SKU=TEST-01 with ID=1
2026-07-11 15:12:24,796 - inventory_backend.db_manager - ERROR - Transaction failed and was rolled back: FOREIGN KEY constraint failed
Traceback (most recent call last):
  File "C:\Inventra\backend\database\db_manager.py", line 77, in transaction
    yield cursor
  File "C:\Inventra\backend\tests\test_database.py", line 54, in test_transaction_rollback
    cursor.execute("""
    ~~~~~~~~~~~~~~^^^^
        INSERT INTO stock_movements (product_id, movement_type, quantity, supplier_name, cost_per_unit, reason, movement_date, entered_by, created_at)
        ^^^^^^^^^^^^^^^^^^^^^^^^^^^^^^^^^^^^^^^^^^^^^^^^^^^^^^^^^^^^^^^^^^^^^^^^^^^^^^^^^^^^^^^^^^^^^^^^^^^^^^^^^^^^^^^^^^^^^^^^^^^^^^^^^^^^^^^^^^^^^^
        VALUES (999, 'IN', 5, 'Supplier', 5.0, 'Reason', '2026-07-11', NULL, datetime('now'));
        ^^^^^^^^^^^^^^^^^^^^^^^^^^^^^^^^^^^^^^^^^^^^^^^^^^^^^^^^^^^^^^^^^^^^^^^^^^^^^^^^^^^^^^
    """)
    ^^^^
sqlite3.IntegrityError: FOREIGN KEY constraint failed
2026-07-11 15:12:24,801 - inventory_backend.db_manager - ERROR - Database connection error: Database transaction failure: FOREIGN KEY constraint failed
Traceback (most recent call last):
  File "C:\Inventra\backend\database\db_manager.py", line 77, in transaction
    yield cursor
  File "C:\Inventra\backend\tests\test_database.py", line 54, in test_transaction_rollback
    cursor.execute("""
    ~~~~~~~~~~~~~~^^^^
        INSERT INTO stock_movements (product_id, movement_type, quantity, supplier_name, cost_per_unit, reason, movement_date, entered_by, created_at)
        ^^^^^^^^^^^^^^^^^^^^^^^^^^^^^^^^^^^^^^^^^^^^^^^^^^^^^^^^^^^^^^^^^^^^^^^^^^^^^^^^^^^^^^^^^^^^^^^^^^^^^^^^^^^^^^^^^^^^^^^^^^^^^^^^^^^^^^^^^^^^^^
        VALUES (999, 'IN', 5, 'Supplier', 5.0, 'Reason', '2026-07-11', NULL, datetime('now'));
        ^^^^^^^^^^^^^^^^^^^^^^^^^^^^^^^^^^^^^^^^^^^^^^^^^^^^^^^^^^^^^^^^^^^^^^^^^^^^^^^^^^^^^^
    """)
    ^^^^
sqlite3.IntegrityError: FOREIGN KEY constraint failed

The above exception was the direct cause of the following exception:

Traceback (most recent call last):
  File "C:\Inventra\backend\database\db_manager.py", line 54, in connection
    yield conn
  File "C:\Inventra\backend\database\db_manager.py", line 82, in transaction
    raise DatabaseError(f"Database transaction failure: {e}") from e
backend.utils.validators.DatabaseError: Database transaction failure: FOREIGN KEY constraint failed
2026-07-11 15:12:24,820 - inventory_backend.migrations - INFO - Running database migrations (current=0, target=1)...
2026-07-11 15:12:24,825 - inventory_backend.migrations - INFO - Database migrations completed successfully.
2026-07-11 15:12:24,832 - inventory_backend.db_manager - INFO - Added product SKU=SKU-1 with ID=1
2026-07-11 15:12:24,846 - inventory_backend.db_manager - INFO - Updated product ID=1, status=True
2026-07-11 15:12:24,860 - inventory_backend.db_manager - INFO - Deleted product ID=1, status=True
2026-07-11 15:12:26,548 - inventory_backend.forecasting - INFO - Moving Average fallback completed successfully
2026-07-11 15:12:26,570 - inventory_backend.forecasting - INFO - Linear Regression fallback completed successfully
2026-07-11 15:12:26,805 - inventory_backend.classifier - INFO - Classifier trained successfully. Train Accuracy: 100.00%
2026-07-11 15:12:26,838 - inventory_backend.evaluation - INFO - Forecast evaluation: MAPE=0.0500, RMSE=0.8165, R2=0.9600
2026-07-11 15:12:26,851 - inventory_backend.evaluation - INFO - Classification evaluation: Accuracy=0.6667, F1=0.5556
2026-07-11 15:12:26,876 - inventory_backend.migrations - INFO - Running database migrations (current=0, target=1)...
2026-07-11 15:12:26,880 - inventory_backend.migrations - INFO - Database migrations completed successfully.
2026-07-11 15:12:26,894 - inventory_backend.db_manager - INFO - Added product SKU=SKU-T1 with ID=1
2026-07-11 15:12:26,903 - inventory_backend.inventory_service - WARNING - Failed to add product: SKU 'SKU-T1' already exists.
2026-07-11 15:12:26,909 - inventory_backend.inventory_service - WARNING - Failed to add product: Name 'Bread' already exists.
2026-07-11 15:12:26,916 - inventory_backend.db_manager - INFO - Updated product ID=1, status=True
2026-07-11 15:12:26,936 - inventory_backend.inventory_service - INFO - Logically deactivated product SKU=SKU-T1
2026-07-11 15:12:26,960 - inventory_backend.migrations - INFO - Running database migrations (current=0, target=1)...
2026-07-11 15:12:26,963 - inventory_backend.migrations - INFO - Database migrations completed successfully.
2026-07-11 15:12:26,978 - inventory_backend.db_manager - INFO - Added product SKU=MILK-01 with ID=1
2026-07-11 15:12:26,990 - inventory_backend.db_manager - INFO - Recorded movement ID=1 (IN), delta=15 for product ID=1
2026-07-11 15:12:27,003 - inventory_backend.inventory_service - INFO - Weekly submission for SKU=MILK-01: Sales=17, PrevStock=10, Deliveries=15, NewStock=8
2026-07-11 15:12:27,028 - inventory_backend.migrations - INFO - Running database migrations (current=0, target=1)...
2026-07-11 15:12:27,032 - inventory_backend.migrations - INFO - Database migrations completed successfully.
2026-07-11 15:12:27,047 - inventory_backend.db_manager - INFO - Added product SKU=A-1 with ID=1
2026-07-11 15:12:27,063 - inventory_backend.db_manager - INFO - Added product SKU=B-2 with ID=2
2026-07-11 15:12:27,076 - inventory_backend.inventory_service - INFO - Weekly submission for SKU=A-1: Sales=10, PrevStock=20, Deliveries=0, NewStock=10
2026-07-11 15:12:27,088 - inventory_backend.inventory_service - INFO - Weekly submission for SKU=B-2: Sales=3, PrevStock=5, Deliveries=0, NewStock=2
2026-07-11 15:12:27,116 - inventory_backend.migrations - INFO - Running database migrations (current=0, target=1)...
2026-07-11 15:12:27,120 - inventory_backend.migrations - INFO - Database migrations completed successfully.
2026-07-11 15:12:27,139 - inventory_backend.db_manager - INFO - Added product SKU=A with ID=1
2026-07-11 15:12:27,153 - inventory_backend.inventory_service - INFO - Weekly submission for SKU=A: Sales=5, PrevStock=20, Deliveries=0, NewStock=15
2026-07-11 15:12:27,166 - inventory_backend.inventory_service - INFO - Weekly submission for SKU=A: Sales=0, PrevStock=15, Deliveries=0, NewStock=15
2026-07-11 15:12:27,181 - inventory_backend.inventory_service - INFO - Weekly submission for SKU=A: Sales=0, PrevStock=15, Deliveries=0, NewStock=15
2026-07-11 15:12:27,196 - inventory_backend.inventory_service - INFO - Weekly submission for SKU=A: Sales=0, PrevStock=15, Deliveries=0, NewStock=15
2026-07-11 15:12:27,210 - inventory_backend.inventory_service - INFO - Weekly submission for SKU=A: Sales=0, PrevStock=15, Deliveries=0, NewStock=15
2026-07-11 15:12:27,227 - inventory_backend.prediction_engine - INFO - Starting ML pipeline for 1 products...
2026-07-11 15:12:27,364 - inventory_backend.model_manager - INFO - Loaded pre-trained model and metadata from disk.
2026-07-11 15:12:27,364 - inventory_backend.model_manager - INFO - Skipping retraining: Data hash is unchanged, loaded cached model.
2026-07-11 15:12:27,431 - inventory_backend.model_manager - INFO - Loaded pre-trained model and metadata from disk.
2026-07-11 15:12:27,442 - inventory_backend.forecasting - INFO - Linear Regression fallback completed successfully
2026-07-11 15:12:27,470 - inventory_backend.prediction_engine - INFO - ML Pipeline execution finished. Generated 1 predictions.
2026-07-11 15:13:17,215 - inventory_backend.migrations - INFO - Running database migrations (current=0, target=1)...
2026-07-11 15:13:17,218 - inventory_backend.migrations - INFO - Database migrations completed successfully.
2026-07-11 15:13:17,235 - inventory_backend.migrations - INFO - Running database migrations (current=0, target=1)...
2026-07-11 15:13:17,238 - inventory_backend.migrations - INFO - Database migrations completed successfully.
2026-07-11 15:13:17,244 - inventory_backend.db_manager - INFO - Added product SKU=TEST-01 with ID=1
2026-07-11 15:13:17,251 - inventory_backend.db_manager - ERROR - Transaction failed and was rolled back: FOREIGN KEY constraint failed
Traceback (most recent call last):
  File "C:\Inventra\backend\database\db_manager.py", line 77, in transaction
    yield cursor
  File "C:\Inventra\backend\tests\test_database.py", line 55, in test_transaction_rollback
    cursor.execute("""
    ~~~~~~~~~~~~~~^^^^
        INSERT INTO stock_movements (product_id, movement_type, quantity, supplier_name, cost_per_unit, reason, movement_date, entered_by, created_at)
        ^^^^^^^^^^^^^^^^^^^^^^^^^^^^^^^^^^^^^^^^^^^^^^^^^^^^^^^^^^^^^^^^^^^^^^^^^^^^^^^^^^^^^^^^^^^^^^^^^^^^^^^^^^^^^^^^^^^^^^^^^^^^^^^^^^^^^^^^^^^^^^
        VALUES (999, 'IN', 5, 'Supplier', 5.0, 'Reason', '2026-07-11', NULL, datetime('now'));
        ^^^^^^^^^^^^^^^^^^^^^^^^^^^^^^^^^^^^^^^^^^^^^^^^^^^^^^^^^^^^^^^^^^^^^^^^^^^^^^^^^^^^^^
    """)
    ^^^^
sqlite3.IntegrityError: FOREIGN KEY constraint failed
2026-07-11 15:13:17,254 - inventory_backend.db_manager - ERROR - Database connection error: Database transaction failure: FOREIGN KEY constraint failed
Traceback (most recent call last):
  File "C:\Inventra\backend\database\db_manager.py", line 77, in transaction
    yield cursor
  File "C:\Inventra\backend\tests\test_database.py", line 55, in test_transaction_rollback
    cursor.execute("""
    ~~~~~~~~~~~~~~^^^^
        INSERT INTO stock_movements (product_id, movement_type, quantity, supplier_name, cost_per_unit, reason, movement_date, entered_by, created_at)
        ^^^^^^^^^^^^^^^^^^^^^^^^^^^^^^^^^^^^^^^^^^^^^^^^^^^^^^^^^^^^^^^^^^^^^^^^^^^^^^^^^^^^^^^^^^^^^^^^^^^^^^^^^^^^^^^^^^^^^^^^^^^^^^^^^^^^^^^^^^^^^^
        VALUES (999, 'IN', 5, 'Supplier', 5.0, 'Reason', '2026-07-11', NULL, datetime('now'));
        ^^^^^^^^^^^^^^^^^^^^^^^^^^^^^^^^^^^^^^^^^^^^^^^^^^^^^^^^^^^^^^^^^^^^^^^^^^^^^^^^^^^^^^
    """)
    ^^^^
sqlite3.IntegrityError: FOREIGN KEY constraint failed

The above exception was the direct cause of the following exception:

Traceback (most recent call last):
  File "C:\Inventra\backend\database\db_manager.py", line 54, in connection
    yield conn
  File "C:\Inventra\backend\database\db_manager.py", line 82, in transaction
    raise DatabaseError(f"Database transaction failure: {e}") from e
backend.utils.validators.DatabaseError: Database transaction failure: FOREIGN KEY constraint failed
2026-07-11 15:13:17,269 - inventory_backend.migrations - INFO - Running database migrations (current=0, target=1)...
2026-07-11 15:13:17,272 - inventory_backend.migrations - INFO - Database migrations completed successfully.
2026-07-11 15:13:17,278 - inventory_backend.db_manager - INFO - Added product SKU=SKU-1 with ID=1
2026-07-11 15:13:17,288 - inventory_backend.db_manager - INFO - Updated product ID=1, status=True
2026-07-11 15:13:17,299 - inventory_backend.db_manager - INFO - Deleted product ID=1, status=True
2026-07-11 15:13:17,316 - inventory_backend.migrations - INFO - Running database migrations (current=0, target=1)...
2026-07-11 15:13:17,319 - inventory_backend.migrations - INFO - Database migrations completed successfully.
2026-07-11 15:13:17,325 - inventory_backend.db_manager - INFO - Added product SKU=P1 with ID=1
2026-07-11 15:13:17,333 - inventory_backend.db_manager - INFO - Added daily entry ID=1 for product ID=1
2026-07-11 15:13:17,344 - inventory_backend.db_manager - INFO - Updated daily entry ID=1, status=True
2026-07-11 15:13:17,352 - inventory_backend.db_manager - INFO - Deleted daily entry ID=1, status=True
2026-07-11 15:13:17,374 - inventory_backend.migrations - INFO - Running database migrations (current=0, target=1)...
2026-07-11 15:13:17,378 - inventory_backend.migrations - INFO - Database migrations completed successfully.
2026-07-11 15:13:17,383 - inventory_backend.db_manager - INFO - Added product SKU=P1 with ID=1
2026-07-11 15:13:17,391 - inventory_backend.db_manager - INFO - Recorded movement ID=1 (OUT), delta=-5 for product ID=1
2026-07-11 15:13:17,424 - inventory_backend.migrations - INFO - Running database migrations (current=0, target=1)...
2026-07-11 15:13:17,429 - inventory_backend.migrations - INFO - Database migrations completed successfully.
2026-07-11 15:13:18,947 - inventory_backend.forecasting - INFO - Moving Average fallback completed successfully
2026-07-11 15:13:18,970 - inventory_backend.forecasting - INFO - Linear Regression fallback completed successfully
2026-07-11 15:13:19,364 - inventory_backend.classifier - INFO - Classifier trained successfully. Train Accuracy: 100.00%
2026-07-11 15:13:19,408 - inventory_backend.evaluation - INFO - Forecast evaluation: MAPE=0.0500, RMSE=0.8165, R2=0.9600
2026-07-11 15:13:19,423 - inventory_backend.evaluation - INFO - Classification evaluation: Accuracy=0.6667, F1=0.5556
2026-07-11 15:13:19,451 - inventory_backend.migrations - INFO - Running database migrations (current=0, target=1)...
2026-07-11 15:13:19,454 - inventory_backend.migrations - INFO - Database migrations completed successfully.
2026-07-11 15:13:19,473 - inventory_backend.db_manager - INFO - Added product SKU=SKU-T1 with ID=1
2026-07-11 15:13:19,484 - inventory_backend.inventory_service - WARNING - Failed to add product: SKU 'SKU-T1' already exists.
2026-07-11 15:13:19,490 - inventory_backend.inventory_service - WARNING - Failed to add product: Name 'Bread' already exists.
2026-07-11 15:13:19,499 - inventory_backend.db_manager - INFO - Updated product ID=1, status=True
2026-07-11 15:13:19,521 - inventory_backend.inventory_service - INFO - Logically deactivated product SKU=SKU-T1
2026-07-11 15:13:19,547 - inventory_backend.migrations - INFO - Running database migrations (current=0, target=1)...
2026-07-11 15:13:19,551 - inventory_backend.migrations - INFO - Database migrations completed successfully.
2026-07-11 15:13:19,568 - inventory_backend.db_manager - INFO - Added product SKU=MILK-01 with ID=1
2026-07-11 15:13:19,584 - inventory_backend.db_manager - INFO - Recorded movement ID=1 (IN), delta=15 for product ID=1
2026-07-11 15:13:19,601 - inventory_backend.inventory_service - INFO - Weekly submission for SKU=MILK-01: Sales=17, PrevStock=10, Deliveries=15, NewStock=8
2026-07-11 15:13:19,631 - inventory_backend.migrations - INFO - Running database migrations (current=0, target=1)...
2026-07-11 15:13:19,636 - inventory_backend.migrations - INFO - Database migrations completed successfully.
2026-07-11 15:13:19,653 - inventory_backend.db_manager - INFO - Added product SKU=A-1 with ID=1
2026-07-11 15:13:19,671 - inventory_backend.db_manager - INFO - Added product SKU=B-2 with ID=2
2026-07-11 15:13:19,684 - inventory_backend.inventory_service - INFO - Weekly submission for SKU=A-1: Sales=10, PrevStock=20, Deliveries=0, NewStock=10
2026-07-11 15:13:19,698 - inventory_backend.inventory_service - INFO - Weekly submission for SKU=B-2: Sales=3, PrevStock=5, Deliveries=0, NewStock=2
2026-07-11 15:13:19,740 - inventory_backend.migrations - INFO - Running database migrations (current=0, target=1)...
2026-07-11 15:13:19,745 - inventory_backend.migrations - INFO - Database migrations completed successfully.
2026-07-11 15:13:19,762 - inventory_backend.db_manager - INFO - Added product SKU=A with ID=1
2026-07-11 15:13:19,775 - inventory_backend.inventory_service - INFO - Weekly submission for SKU=A: Sales=5, PrevStock=20, Deliveries=0, NewStock=15
2026-07-11 15:13:19,788 - inventory_backend.inventory_service - INFO - Weekly submission for SKU=A: Sales=0, PrevStock=15, Deliveries=0, NewStock=15
2026-07-11 15:13:19,802 - inventory_backend.inventory_service - INFO - Weekly submission for SKU=A: Sales=0, PrevStock=15, Deliveries=0, NewStock=15
2026-07-11 15:13:19,816 - inventory_backend.inventory_service - INFO - Weekly submission for SKU=A: Sales=0, PrevStock=15, Deliveries=0, NewStock=15
2026-07-11 15:13:19,831 - inventory_backend.inventory_service - INFO - Weekly submission for SKU=A: Sales=0, PrevStock=15, Deliveries=0, NewStock=15
2026-07-11 15:13:19,848 - inventory_backend.prediction_engine - INFO - Starting ML pipeline for 1 products...
2026-07-11 15:13:19,984 - inventory_backend.model_manager - INFO - Loaded pre-trained model and metadata from disk.
2026-07-11 15:13:19,985 - inventory_backend.model_manager - INFO - Skipping retraining: Data hash is unchanged, loaded cached model.
2026-07-11 15:13:20,052 - inventory_backend.model_manager - INFO - Loaded pre-trained model and metadata from disk.
2026-07-11 15:13:20,064 - inventory_backend.forecasting - INFO - Linear Regression fallback completed successfully
2026-07-11 15:13:20,096 - inventory_backend.prediction_engine - INFO - ML Pipeline execution finished. Generated 1 predictions.
2026-07-11 15:13:20,133 - inventory_backend.migrations - INFO - Running database migrations (current=0, target=1)...
2026-07-11 15:13:20,145 - inventory_backend.migrations - INFO - Database migrations completed successfully.
2026-07-11 15:13:20,198 - inventory_backend.inventory_service - INFO - Bulk CSV import complete: 2 inserted, 0 updated.
2026-07-11 15:13:20,206 - inventory_backend.inventory_service - INFO - Bulk CSV import complete: 0 inserted, 2 updated.
2026-07-11 15:13:50,670 - inventory_backend.migrations - INFO - Running database migrations (current=0, target=1)...
2026-07-11 15:13:50,677 - inventory_backend.migrations - INFO - Database migrations completed successfully.
2026-07-11 15:13:50,702 - inventory_backend.migrations - INFO - Running database migrations (current=0, target=1)...
2026-07-11 15:13:50,707 - inventory_backend.migrations - INFO - Database migrations completed successfully.
2026-07-11 15:13:50,716 - inventory_backend.db_manager - INFO - Added product SKU=TEST-01 with ID=1
2026-07-11 15:13:50,730 - inventory_backend.db_manager - ERROR - Transaction failed and was rolled back: FOREIGN KEY constraint failed
Traceback (most recent call last):
  File "C:\Inventra\backend\database\db_manager.py", line 77, in transaction
    yield cursor
  File "C:\Inventra\backend\tests\test_database.py", line 55, in test_transaction_rollback
    cursor.execute("""
    ~~~~~~~~~~~~~~^^^^
        INSERT INTO stock_movements (product_id, movement_type, quantity, supplier_name, cost_per_unit, reason, movement_date, entered_by, created_at)
        ^^^^^^^^^^^^^^^^^^^^^^^^^^^^^^^^^^^^^^^^^^^^^^^^^^^^^^^^^^^^^^^^^^^^^^^^^^^^^^^^^^^^^^^^^^^^^^^^^^^^^^^^^^^^^^^^^^^^^^^^^^^^^^^^^^^^^^^^^^^^^^
        VALUES (999, 'IN', 5, 'Supplier', 5.0, 'Reason', '2026-07-11', NULL, datetime('now'));
        ^^^^^^^^^^^^^^^^^^^^^^^^^^^^^^^^^^^^^^^^^^^^^^^^^^^^^^^^^^^^^^^^^^^^^^^^^^^^^^^^^^^^^^
    """)
    ^^^^
sqlite3.IntegrityError: FOREIGN KEY constraint failed
2026-07-11 15:13:50,737 - inventory_backend.db_manager - ERROR - Database connection error: Database transaction failure: FOREIGN KEY constraint failed
Traceback (most recent call last):
  File "C:\Inventra\backend\database\db_manager.py", line 77, in transaction
    yield cursor
  File "C:\Inventra\backend\tests\test_database.py", line 55, in test_transaction_rollback
    cursor.execute("""
    ~~~~~~~~~~~~~~^^^^
        INSERT INTO stock_movements (product_id, movement_type, quantity, supplier_name, cost_per_unit, reason, movement_date, entered_by, created_at)
        ^^^^^^^^^^^^^^^^^^^^^^^^^^^^^^^^^^^^^^^^^^^^^^^^^^^^^^^^^^^^^^^^^^^^^^^^^^^^^^^^^^^^^^^^^^^^^^^^^^^^^^^^^^^^^^^^^^^^^^^^^^^^^^^^^^^^^^^^^^^^^^
        VALUES (999, 'IN', 5, 'Supplier', 5.0, 'Reason', '2026-07-11', NULL, datetime('now'));
        ^^^^^^^^^^^^^^^^^^^^^^^^^^^^^^^^^^^^^^^^^^^^^^^^^^^^^^^^^^^^^^^^^^^^^^^^^^^^^^^^^^^^^^
    """)
    ^^^^
sqlite3.IntegrityError: FOREIGN KEY constraint failed

The above exception was the direct cause of the following exception:

Traceback (most recent call last):
  File "C:\Inventra\backend\database\db_manager.py", line 54, in connection
    yield conn
  File "C:\Inventra\backend\database\db_manager.py", line 82, in transaction
    raise DatabaseError(f"Database transaction failure: {e}") from e
backend.utils.validators.DatabaseError: Database transaction failure: FOREIGN KEY constraint failed
2026-07-11 15:13:50,758 - inventory_backend.migrations - INFO - Running database migrations (current=0, target=1)...
2026-07-11 15:13:50,762 - inventory_backend.migrations - INFO - Database migrations completed successfully.
2026-07-11 15:13:50,769 - inventory_backend.db_manager - INFO - Added product SKU=SKU-1 with ID=1
2026-07-11 15:13:50,784 - inventory_backend.db_manager - INFO - Updated product ID=1, status=True
2026-07-11 15:13:50,799 - inventory_backend.db_manager - INFO - Deleted product ID=1, status=True
2026-07-11 15:13:50,821 - inventory_backend.migrations - INFO - Running database migrations (current=0, target=1)...
2026-07-11 15:13:50,826 - inventory_backend.migrations - INFO - Database migrations completed successfully.
2026-07-11 15:13:50,833 - inventory_backend.db_manager - INFO - Added product SKU=P1 with ID=1
2026-07-11 15:13:50,842 - inventory_backend.db_manager - INFO - Added daily entry ID=1 for product ID=1
2026-07-11 15:13:50,854 - inventory_backend.db_manager - INFO - Updated daily entry ID=1, status=True
2026-07-11 15:13:50,867 - inventory_backend.db_manager - INFO - Deleted daily entry ID=1, status=True
2026-07-11 15:13:50,891 - inventory_backend.migrations - INFO - Running database migrations (current=0, target=1)...
2026-07-11 15:13:50,895 - inventory_backend.migrations - INFO - Database migrations completed successfully.
2026-07-11 15:13:50,902 - inventory_backend.db_manager - INFO - Added product SKU=P1 with ID=1
2026-07-11 15:13:50,911 - inventory_backend.db_manager - INFO - Recorded movement ID=1 (OUT), delta=-5 for product ID=1
2026-07-11 15:13:50,960 - inventory_backend.migrations - INFO - Running database migrations (current=0, target=1)...
2026-07-11 15:13:50,964 - inventory_backend.migrations - INFO - Database migrations completed successfully.
2026-07-11 15:13:53,268 - inventory_backend.forecasting - INFO - Moving Average fallback completed successfully
2026-07-11 15:13:53,282 - inventory_backend.forecasting - INFO - Linear Regression fallback completed successfully
2026-07-11 15:13:53,623 - inventory_backend.classifier - INFO - Classifier trained successfully. Train Accuracy: 100.00%
2026-07-11 15:13:53,684 - inventory_backend.evaluation - INFO - Forecast evaluation: MAPE=0.0500, RMSE=0.8165, R2=0.9600
2026-07-11 15:13:53,710 - inventory_backend.evaluation - INFO - Classification evaluation: Accuracy=0.6667, F1=0.5556
2026-07-11 15:13:53,744 - inventory_backend.model_manager - INFO - Retraining required: No existing models found.
2026-07-11 15:13:53,762 - inventory_backend.model_manager - INFO - Classifier and Scaler successfully saved to C:\Users\parmar jaimin\AppData\Local\Temp\pytest-of-parmar jaimin\pytest-5\test_model_manager0\models
2026-07-11 15:13:53,825 - inventory_backend.model_manager - INFO - Loaded pre-trained model and metadata from disk.
2026-07-11 15:13:53,825 - inventory_backend.model_manager - INFO - Skipping retraining: Data hash is unchanged, loaded cached model.
2026-07-11 15:13:53,833 - inventory_backend.model_manager - INFO - Loaded pre-trained model and metadata from disk.
2026-07-11 15:13:53,833 - inventory_backend.model_manager - INFO - Retraining required: Data hash changed (saved=hash1, new=hash2).
2026-07-11 15:13:53,840 - inventory_backend.model_manager - INFO - Loaded pre-trained model and metadata from disk.
2026-07-11 15:13:53,847 - inventory_backend.prediction_engine - WARNING - Sales history or product list is empty. Returning empty predictions.
2026-07-11 15:13:53,848 - inventory_backend.prediction_engine - INFO - Starting ML pipeline for 1 products...
2026-07-11 15:13:53,853 - inventory_backend.prediction_engine - INFO - Product SKU=COLD is in Cold Start (history=2 points, span=7 days).
2026-07-11 15:13:53,854 - inventory_backend.prediction_engine - INFO - ML Pipeline execution finished. Generated 1 predictions.
2026-07-11 15:13:53,868 - inventory_backend.migrations - INFO - Running database migrations (current=0, target=1)...
2026-07-11 15:13:53,875 - inventory_backend.migrations - INFO - Database migrations completed successfully.
2026-07-11 15:13:53,897 - inventory_backend.db_manager - INFO - Added product SKU=SKU-T1 with ID=1
2026-07-11 15:13:53,909 - inventory_backend.inventory_service - WARNING - Failed to add product: SKU 'SKU-T1' already exists.
2026-07-11 15:13:53,917 - inventory_backend.inventory_service - WARNING - Failed to add product: Name 'Bread' already exists.
2026-07-11 15:13:53,930 - inventory_backend.db_manager - INFO - Updated product ID=1, status=True
2026-07-11 15:13:53,964 - inventory_backend.inventory_service - INFO - Logically deactivated product SKU=SKU-T1
2026-07-11 15:13:53,994 - inventory_backend.migrations - INFO - Running database migrations (current=0, target=1)...
2026-07-11 15:13:54,001 - inventory_backend.migrations - INFO - Database migrations completed successfully.
2026-07-11 15:13:54,020 - inventory_backend.db_manager - INFO - Added product SKU=MILK-01 with ID=1
2026-07-11 15:13:54,037 - inventory_backend.db_manager - INFO - Recorded movement ID=1 (IN), delta=15 for product ID=1
2026-07-11 15:13:54,055 - inventory_backend.inventory_service - INFO - Weekly submission for SKU=MILK-01: Sales=17, PrevStock=10, Deliveries=15, NewStock=8
2026-07-11 15:13:54,091 - inventory_backend.migrations - INFO - Running database migrations (current=0, target=1)...
2026-07-11 15:13:54,097 - inventory_backend.migrations - INFO - Database migrations completed successfully.
2026-07-11 15:13:54,117 - inventory_backend.db_manager - INFO - Added product SKU=A-1 with ID=1
2026-07-11 15:13:54,135 - inventory_backend.db_manager - INFO - Added product SKU=B-2 with ID=2
2026-07-11 15:13:54,152 - inventory_backend.inventory_service - INFO - Weekly submission for SKU=A-1: Sales=10, PrevStock=20, Deliveries=0, NewStock=10
2026-07-11 15:13:54,168 - inventory_backend.inventory_service - INFO - Weekly submission for SKU=B-2: Sales=3, PrevStock=5, Deliveries=0, NewStock=2
2026-07-11 15:13:54,216 - inventory_backend.migrations - INFO - Running database migrations (current=0, target=1)...
2026-07-11 15:13:54,220 - inventory_backend.migrations - INFO - Database migrations completed successfully.
2026-07-11 15:13:54,242 - inventory_backend.db_manager - INFO - Added product SKU=A with ID=1
2026-07-11 15:13:54,255 - inventory_backend.inventory_service - INFO - Weekly submission for SKU=A: Sales=5, PrevStock=20, Deliveries=0, NewStock=15
2026-07-11 15:13:54,269 - inventory_backend.inventory_service - INFO - Weekly submission for SKU=A: Sales=0, PrevStock=15, Deliveries=0, NewStock=15
2026-07-11 15:13:54,284 - inventory_backend.inventory_service - INFO - Weekly submission for SKU=A: Sales=0, PrevStock=15, Deliveries=0, NewStock=15
2026-07-11 15:13:54,298 - inventory_backend.inventory_service - INFO - Weekly submission for SKU=A: Sales=0, PrevStock=15, Deliveries=0, NewStock=15
2026-07-11 15:13:54,312 - inventory_backend.inventory_service - INFO - Weekly submission for SKU=A: Sales=0, PrevStock=15, Deliveries=0, NewStock=15
2026-07-11 15:13:54,332 - inventory_backend.prediction_engine - INFO - Starting ML pipeline for 1 products...
2026-07-11 15:13:54,480 - inventory_backend.model_manager - INFO - Loaded pre-trained model and metadata from disk.
2026-07-11 15:13:54,480 - inventory_backend.model_manager - INFO - Retraining required: Data hash changed (saved=hash1, new=4c33ba0780ee190b57a5821cd9e278810bd386b266b42cb1580528b8377bb218).
2026-07-11 15:13:54,775 - inventory_backend.classifier - INFO - Classifier trained successfully. Train Accuracy: 100.00%
2026-07-11 15:13:54,878 - inventory_backend.model_manager - INFO - Classifier and Scaler successfully saved to C:\Inventra\backend\saved_models
2026-07-11 15:13:54,889 - inventory_backend.forecasting - INFO - Linear Regression fallback completed successfully
2026-07-11 15:13:54,924 - inventory_backend.prediction_engine - INFO - ML Pipeline execution finished. Generated 1 predictions.
2026-07-11 15:13:54,965 - inventory_backend.migrations - INFO - Running database migrations (current=0, target=1)...
2026-07-11 15:13:54,969 - inventory_backend.migrations - INFO - Database migrations completed successfully.
2026-07-11 15:13:54,998 - inventory_backend.inventory_service - INFO - Bulk CSV import complete: 2 inserted, 0 updated.
2026-07-11 15:13:55,014 - inventory_backend.inventory_service - INFO - Bulk CSV import complete: 0 inserted, 2 updated.
2026-07-11 15:14:27,498 - inventory_backend.migrations - INFO - Running database migrations (current=0, target=1)...
2026-07-11 15:14:27,504 - inventory_backend.migrations - INFO - Database migrations completed successfully.
2026-07-11 15:14:27,528 - inventory_backend.migrations - INFO - Running database migrations (current=0, target=1)...
2026-07-11 15:14:27,532 - inventory_backend.migrations - INFO - Database migrations completed successfully.
2026-07-11 15:14:27,543 - inventory_backend.db_manager - INFO - Added product SKU=TEST-01 with ID=1
2026-07-11 15:14:27,553 - inventory_backend.db_manager - ERROR - Transaction failed and was rolled back: FOREIGN KEY constraint failed
Traceback (most recent call last):
  File "C:\Inventra\backend\database\db_manager.py", line 77, in transaction
    yield cursor
  File "C:\Inventra\backend\tests\test_database.py", line 55, in test_transaction_rollback
    cursor.execute("""
    ~~~~~~~~~~~~~~^^^^
        INSERT INTO stock_movements (product_id, movement_type, quantity, supplier_name, cost_per_unit, reason, movement_date, entered_by, created_at)
        ^^^^^^^^^^^^^^^^^^^^^^^^^^^^^^^^^^^^^^^^^^^^^^^^^^^^^^^^^^^^^^^^^^^^^^^^^^^^^^^^^^^^^^^^^^^^^^^^^^^^^^^^^^^^^^^^^^^^^^^^^^^^^^^^^^^^^^^^^^^^^^
        VALUES (999, 'IN', 5, 'Supplier', 5.0, 'Reason', '2026-07-11', NULL, datetime('now'));
        ^^^^^^^^^^^^^^^^^^^^^^^^^^^^^^^^^^^^^^^^^^^^^^^^^^^^^^^^^^^^^^^^^^^^^^^^^^^^^^^^^^^^^^
    """)
    ^^^^
sqlite3.IntegrityError: FOREIGN KEY constraint failed
2026-07-11 15:14:27,559 - inventory_backend.db_manager - ERROR - Database connection error: Database transaction failure: FOREIGN KEY constraint failed
Traceback (most recent call last):
  File "C:\Inventra\backend\database\db_manager.py", line 77, in transaction
    yield cursor
  File "C:\Inventra\backend\tests\test_database.py", line 55, in test_transaction_rollback
    cursor.execute("""
    ~~~~~~~~~~~~~~^^^^
        INSERT INTO stock_movements (product_id, movement_type, quantity, supplier_name, cost_per_unit, reason, movement_date, entered_by, created_at)
        ^^^^^^^^^^^^^^^^^^^^^^^^^^^^^^^^^^^^^^^^^^^^^^^^^^^^^^^^^^^^^^^^^^^^^^^^^^^^^^^^^^^^^^^^^^^^^^^^^^^^^^^^^^^^^^^^^^^^^^^^^^^^^^^^^^^^^^^^^^^^^^
        VALUES (999, 'IN', 5, 'Supplier', 5.0, 'Reason', '2026-07-11', NULL, datetime('now'));
        ^^^^^^^^^^^^^^^^^^^^^^^^^^^^^^^^^^^^^^^^^^^^^^^^^^^^^^^^^^^^^^^^^^^^^^^^^^^^^^^^^^^^^^
    """)
    ^^^^
sqlite3.IntegrityError: FOREIGN KEY constraint failed

The above exception was the direct cause of the following exception:

Traceback (most recent call last):
  File "C:\Inventra\backend\database\db_manager.py", line 54, in connection
    yield conn
  File "C:\Inventra\backend\database\db_manager.py", line 82, in transaction
    raise DatabaseError(f"Database transaction failure: {e}") from e
backend.utils.validators.DatabaseError: Database transaction failure: FOREIGN KEY constraint failed
2026-07-11 15:14:27,578 - inventory_backend.migrations - INFO - Running database migrations (current=0, target=1)...
2026-07-11 15:14:27,582 - inventory_backend.migrations - INFO - Database migrations completed successfully.
2026-07-11 15:14:27,590 - inventory_backend.db_manager - INFO - Added product SKU=SKU-1 with ID=1
2026-07-11 15:14:27,604 - inventory_backend.db_manager - INFO - Updated product ID=1, status=True
2026-07-11 15:14:27,617 - inventory_backend.db_manager - INFO - Deleted product ID=1, status=True
2026-07-11 15:14:27,641 - inventory_backend.migrations - INFO - Running database migrations (current=0, target=1)...
2026-07-11 15:14:27,644 - inventory_backend.migrations - INFO - Database migrations completed successfully.
2026-07-11 15:14:27,654 - inventory_backend.db_manager - INFO - Added product SKU=P1 with ID=1
2026-07-11 15:14:27,663 - inventory_backend.db_manager - INFO - Added daily entry ID=1 for product ID=1
2026-07-11 15:14:27,678 - inventory_backend.db_manager - INFO - Updated daily entry ID=1, status=True
2026-07-11 15:14:27,691 - inventory_backend.db_manager - INFO - Deleted daily entry ID=1, status=True
2026-07-11 15:14:27,715 - inventory_backend.migrations - INFO - Running database migrations (current=0, target=1)...
2026-07-11 15:14:27,719 - inventory_backend.migrations - INFO - Database migrations completed successfully.
2026-07-11 15:14:27,727 - inventory_backend.db_manager - INFO - Added product SKU=P1 with ID=1
2026-07-11 15:14:27,738 - inventory_backend.db_manager - INFO - Recorded movement ID=1 (OUT), delta=-5 for product ID=1
2026-07-11 15:14:27,783 - inventory_backend.migrations - INFO - Running database migrations (current=0, target=1)...
2026-07-11 15:14:27,789 - inventory_backend.migrations - INFO - Database migrations completed successfully.
2026-07-11 15:14:29,489 - inventory_backend.forecasting - INFO - Moving Average fallback completed successfully
2026-07-11 15:14:29,500 - inventory_backend.forecasting - INFO - Linear Regression fallback completed successfully
2026-07-11 15:14:29,741 - inventory_backend.classifier - INFO - Classifier trained successfully. Train Accuracy: 100.00%
2026-07-11 15:14:29,780 - inventory_backend.evaluation - INFO - Forecast evaluation: MAPE=0.0500, RMSE=0.8165, R2=0.9600
2026-07-11 15:14:29,805 - inventory_backend.evaluation - INFO - Classification evaluation: Accuracy=0.6667, F1=0.5556
2026-07-11 15:14:29,833 - inventory_backend.model_manager - INFO - Retraining required: No existing models found.
2026-07-11 15:14:29,865 - inventory_backend.model_manager - INFO - Classifier and Scaler successfully saved to C:\Users\parmar jaimin\AppData\Local\Temp\pytest-of-parmar jaimin\pytest-6\test_model_manager0\models
2026-07-11 15:14:29,908 - inventory_backend.model_manager - INFO - Loaded pre-trained model and metadata from disk.
2026-07-11 15:14:29,908 - inventory_backend.model_manager - INFO - Skipping retraining: Data hash is unchanged, loaded cached model.
2026-07-11 15:14:29,920 - inventory_backend.model_manager - INFO - Loaded pre-trained model and metadata from disk.
2026-07-11 15:14:29,921 - inventory_backend.model_manager - INFO - Retraining required: Data hash changed (saved=hash1, new=hash2).
2026-07-11 15:14:29,934 - inventory_backend.model_manager - INFO - Loaded pre-trained model and metadata from disk.
2026-07-11 15:14:29,943 - inventory_backend.prediction_engine - WARNING - Sales history or product list is empty. Returning empty predictions.
2026-07-11 15:14:29,945 - inventory_backend.prediction_engine - INFO - Starting ML pipeline for 1 products...
2026-07-11 15:14:29,951 - inventory_backend.prediction_engine - INFO - Product SKU=COLD is in Cold Start (history=2 points, span=7 days).
2026-07-11 15:14:29,955 - inventory_backend.prediction_engine - INFO - ML Pipeline execution finished. Generated 1 predictions.
2026-07-11 15:14:29,977 - inventory_backend.migrations - INFO - Running database migrations (current=0, target=1)...
2026-07-11 15:14:29,982 - inventory_backend.migrations - INFO - Database migrations completed successfully.
2026-07-11 15:14:30,007 - inventory_backend.db_manager - INFO - Added product SKU=SKU-T1 with ID=1
2026-07-11 15:14:30,021 - inventory_backend.inventory_service - WARNING - Failed to add product: SKU 'SKU-T1' already exists.
2026-07-11 15:14:30,031 - inventory_backend.inventory_service - WARNING - Failed to add product: Name 'Bread' already exists.
2026-07-11 15:14:30,047 - inventory_backend.db_manager - INFO - Updated product ID=1, status=True
2026-07-11 15:14:30,083 - inventory_backend.inventory_service - INFO - Logically deactivated product SKU=SKU-T1
2026-07-11 15:14:30,123 - inventory_backend.migrations - INFO - Running database migrations (current=0, target=1)...
2026-07-11 15:14:30,129 - inventory_backend.migrations - INFO - Database migrations completed successfully.
2026-07-11 15:14:30,150 - inventory_backend.db_manager - INFO - Added product SKU=MILK-01 with ID=1
2026-07-11 15:14:30,168 - inventory_backend.db_manager - INFO - Recorded movement ID=1 (IN), delta=15 for product ID=1
2026-07-11 15:14:30,193 - inventory_backend.inventory_service - INFO - Weekly submission for SKU=MILK-01: Sales=17, PrevStock=10, Deliveries=15, NewStock=8
2026-07-11 15:14:30,235 - inventory_backend.migrations - INFO - Running database migrations (current=0, target=1)...
2026-07-11 15:14:30,242 - inventory_backend.migrations - INFO - Database migrations completed successfully.
2026-07-11 15:14:30,263 - inventory_backend.db_manager - INFO - Added product SKU=A-1 with ID=1
2026-07-11 15:14:30,285 - inventory_backend.db_manager - INFO - Added product SKU=B-2 with ID=2
2026-07-11 15:14:30,301 - inventory_backend.inventory_service - INFO - Weekly submission for SKU=A-1: Sales=10, PrevStock=20, Deliveries=0, NewStock=10
2026-07-11 15:14:30,317 - inventory_backend.inventory_service - INFO - Weekly submission for SKU=B-2: Sales=3, PrevStock=5, Deliveries=0, NewStock=2
2026-07-11 15:14:30,366 - inventory_backend.db_manager - INFO - Recorded movement ID=1 (IN), delta=10 for product ID=1
2026-07-11 15:14:30,856 - inventory_backend.migrations - INFO - Running database migrations (current=0, target=1)...
2026-07-11 15:14:30,859 - inventory_backend.migrations - INFO - Database migrations completed successfully.
2026-07-11 15:14:30,876 - inventory_backend.prediction_service - WARNING - No active products to run predictions for.
2026-07-11 15:14:30,883 - inventory_backend.db_manager - INFO - Added product SKU=A with ID=1
2026-07-11 15:14:30,898 - inventory_backend.prediction_service - WARNING - No sales history records in daily_entries. Pipeline cannot run.
2026-07-11 15:14:30,902 - inventory_backend.inventory_service - INFO - Weekly submission for SKU=A: Sales=5, PrevStock=20, Deliveries=0, NewStock=15
2026-07-11 15:14:30,914 - inventory_backend.inventory_service - INFO - Weekly submission for SKU=A: Sales=0, PrevStock=15, Deliveries=0, NewStock=15
2026-07-11 15:14:30,926 - inventory_backend.inventory_service - INFO - Weekly submission for SKU=A: Sales=0, PrevStock=15, Deliveries=0, NewStock=15
2026-07-11 15:14:30,937 - inventory_backend.inventory_service - INFO - Weekly submission for SKU=A: Sales=0, PrevStock=15, Deliveries=0, NewStock=15
2026-07-11 15:14:30,949 - inventory_backend.inventory_service - INFO - Weekly submission for SKU=A: Sales=0, PrevStock=15, Deliveries=0, NewStock=15
2026-07-11 15:14:30,965 - inventory_backend.prediction_engine - INFO - Starting ML pipeline for 1 products...
2026-07-11 15:14:31,135 - inventory_backend.model_manager - INFO - Loaded pre-trained model and metadata from disk.
2026-07-11 15:14:31,135 - inventory_backend.model_manager - INFO - Retraining required: Data hash changed (saved=hash1, new=4c33ba0780ee190b57a5821cd9e278810bd386b266b42cb1580528b8377bb218).
2026-07-11 15:14:31,454 - inventory_backend.classifier - INFO - Classifier trained successfully. Train Accuracy: 100.00%
2026-07-11 15:14:31,619 - inventory_backend.model_manager - INFO - Classifier and Scaler successfully saved to C:\Inventra\backend\saved_models
2026-07-11 15:14:31,634 - inventory_backend.forecasting - INFO - Linear Regression fallback completed successfully
2026-07-11 15:14:31,669 - inventory_backend.prediction_engine - INFO - ML Pipeline execution finished. Generated 1 predictions.
2026-07-11 15:14:31,699 - inventory_backend.prediction_engine - INFO - Starting ML pipeline for 1 products...
2026-07-11 15:14:31,702 - inventory_backend.prediction_engine - INFO - Product SKU=A is in Cold Start (history=2 points, span=1 days).
2026-07-11 15:14:31,703 - inventory_backend.prediction_engine - INFO - ML Pipeline execution finished. Generated 1 predictions.
2026-07-11 15:14:31,719 - inventory_backend.migrations - INFO - Running database migrations (current=0, target=1)...
2026-07-11 15:14:31,724 - inventory_backend.migrations - INFO - Database migrations completed successfully.
2026-07-11 15:14:31,753 - inventory_backend.inventory_service - INFO - Bulk CSV import complete: 2 inserted, 0 updated.
2026-07-11 15:14:31,764 - inventory_backend.inventory_service - INFO - Bulk CSV import complete: 0 inserted, 2 updated.
2026-07-11 15:15:43,136 - inventory_backend.migrations - INFO - Running database migrations (current=0, target=1)...
2026-07-11 15:15:43,140 - inventory_backend.migrations - INFO - Database migrations completed successfully.
2026-07-11 15:15:43,163 - inventory_backend.migrations - INFO - Running database migrations (current=0, target=1)...
2026-07-11 15:15:43,167 - inventory_backend.migrations - INFO - Database migrations completed successfully.
2026-07-11 15:15:43,174 - inventory_backend.db_manager - INFO - Added product SKU=TEST-01 with ID=1
2026-07-11 15:15:43,184 - inventory_backend.db_manager - ERROR - Transaction failed and was rolled back: FOREIGN KEY constraint failed
Traceback (most recent call last):
  File "C:\Inventra\backend\database\db_manager.py", line 77, in transaction
    yield cursor
  File "C:\Inventra\backend\tests\test_database.py", line 55, in test_transaction_rollback
    cursor.execute("""
    ~~~~~~~~~~~~~~^^^^
        INSERT INTO stock_movements (product_id, movement_type, quantity, supplier_name, cost_per_unit, reason, movement_date, entered_by, created_at)
        ^^^^^^^^^^^^^^^^^^^^^^^^^^^^^^^^^^^^^^^^^^^^^^^^^^^^^^^^^^^^^^^^^^^^^^^^^^^^^^^^^^^^^^^^^^^^^^^^^^^^^^^^^^^^^^^^^^^^^^^^^^^^^^^^^^^^^^^^^^^^^^
        VALUES (999, 'IN', 5, 'Supplier', 5.0, 'Reason', '2026-07-11', NULL, datetime('now'));
        ^^^^^^^^^^^^^^^^^^^^^^^^^^^^^^^^^^^^^^^^^^^^^^^^^^^^^^^^^^^^^^^^^^^^^^^^^^^^^^^^^^^^^^
    """)
    ^^^^
sqlite3.IntegrityError: FOREIGN KEY constraint failed
2026-07-11 15:15:43,188 - inventory_backend.db_manager - ERROR - Database connection error: Database transaction failure: FOREIGN KEY constraint failed
Traceback (most recent call last):
  File "C:\Inventra\backend\database\db_manager.py", line 77, in transaction
    yield cursor
  File "C:\Inventra\backend\tests\test_database.py", line 55, in test_transaction_rollback
    cursor.execute("""
    ~~~~~~~~~~~~~~^^^^
        INSERT INTO stock_movements (product_id, movement_type, quantity, supplier_name, cost_per_unit, reason, movement_date, entered_by, created_at)
        ^^^^^^^^^^^^^^^^^^^^^^^^^^^^^^^^^^^^^^^^^^^^^^^^^^^^^^^^^^^^^^^^^^^^^^^^^^^^^^^^^^^^^^^^^^^^^^^^^^^^^^^^^^^^^^^^^^^^^^^^^^^^^^^^^^^^^^^^^^^^^^
        VALUES (999, 'IN', 5, 'Supplier', 5.0, 'Reason', '2026-07-11', NULL, datetime('now'));
        ^^^^^^^^^^^^^^^^^^^^^^^^^^^^^^^^^^^^^^^^^^^^^^^^^^^^^^^^^^^^^^^^^^^^^^^^^^^^^^^^^^^^^^
    """)
    ^^^^
sqlite3.IntegrityError: FOREIGN KEY constraint failed

The above exception was the direct cause of the following exception:

Traceback (most recent call last):
  File "C:\Inventra\backend\database\db_manager.py", line 54, in connection
    yield conn
  File "C:\Inventra\backend\database\db_manager.py", line 82, in transaction
    raise DatabaseError(f"Database transaction failure: {e}") from e
backend.utils.validators.DatabaseError: Database transaction failure: FOREIGN KEY constraint failed
2026-07-11 15:15:43,206 - inventory_backend.migrations - INFO - Running database migrations (current=0, target=1)...
2026-07-11 15:15:43,210 - inventory_backend.migrations - INFO - Database migrations completed successfully.
2026-07-11 15:15:43,217 - inventory_backend.db_manager - INFO - Added product SKU=SKU-1 with ID=1
2026-07-11 15:15:43,231 - inventory_backend.db_manager - INFO - Updated product ID=1, status=True
2026-07-11 15:15:43,245 - inventory_backend.db_manager - INFO - Deleted product ID=1, status=True
2026-07-11 15:15:43,267 - inventory_backend.migrations - INFO - Running database migrations (current=0, target=1)...
2026-07-11 15:15:43,271 - inventory_backend.migrations - INFO - Database migrations completed successfully.
2026-07-11 15:15:43,278 - inventory_backend.db_manager - INFO - Added product SKU=P1 with ID=1
2026-07-11 15:15:43,288 - inventory_backend.db_manager - INFO - Added daily entry ID=1 for product ID=1
2026-07-11 15:15:43,302 - inventory_backend.db_manager - INFO - Updated daily entry ID=1, status=True
2026-07-11 15:15:43,313 - inventory_backend.db_manager - INFO - Deleted daily entry ID=1, status=True
2026-07-11 15:15:43,337 - inventory_backend.migrations - INFO - Running database migrations (current=0, target=1)...
2026-07-11 15:15:43,341 - inventory_backend.migrations - INFO - Database migrations completed successfully.
2026-07-11 15:15:43,350 - inventory_backend.db_manager - INFO - Added product SKU=P1 with ID=1
2026-07-11 15:15:43,359 - inventory_backend.db_manager - INFO - Recorded movement ID=1 (OUT), delta=-5 for product ID=1
2026-07-11 15:15:43,405 - inventory_backend.migrations - INFO - Running database migrations (current=0, target=1)...
2026-07-11 15:15:43,409 - inventory_backend.migrations - INFO - Database migrations completed successfully.
2026-07-11 15:15:44,853 - inventory_backend.forecasting - INFO - Moving Average fallback completed successfully
2026-07-11 15:15:44,864 - inventory_backend.forecasting - INFO - Linear Regression fallback completed successfully
2026-07-11 15:15:45,116 - inventory_backend.classifier - INFO - Classifier trained successfully. Train Accuracy: 100.00%
2026-07-11 15:15:45,153 - inventory_backend.evaluation - INFO - Forecast evaluation: MAPE=0.0500, RMSE=0.8165, R2=0.9600
2026-07-11 15:15:45,165 - inventory_backend.evaluation - INFO - Classification evaluation: Accuracy=0.6667, F1=0.5556
2026-07-11 15:15:45,187 - inventory_backend.model_manager - INFO - Retraining required: No existing models found.
2026-07-11 15:15:45,204 - inventory_backend.model_manager - INFO - Classifier and Scaler successfully saved to C:\Users\parmar jaimin\AppData\Local\Temp\pytest-of-parmar jaimin\pytest-7\test_model_manager0\models
2026-07-11 15:15:45,238 - inventory_backend.model_manager - INFO - Loaded pre-trained model and metadata from disk.
2026-07-11 15:15:45,239 - inventory_backend.model_manager - INFO - Skipping retraining: Data hash is unchanged, loaded cached model.
2026-07-11 15:15:45,245 - inventory_backend.model_manager - INFO - Loaded pre-trained model and metadata from disk.
2026-07-11 15:15:45,245 - inventory_backend.model_manager - INFO - Retraining required: Data hash changed (saved=hash1, new=hash2).
2026-07-11 15:15:45,254 - inventory_backend.model_manager - INFO - Loaded pre-trained model and metadata from disk.
2026-07-11 15:15:45,261 - inventory_backend.prediction_engine - WARNING - Sales history or product list is empty. Returning empty predictions.
2026-07-11 15:15:45,263 - inventory_backend.prediction_engine - INFO - Starting ML pipeline for 1 products...
2026-07-11 15:15:45,271 - inventory_backend.prediction_engine - INFO - Product SKU=COLD is in Cold Start (history=2 points, span=7 days).
2026-07-11 15:15:45,273 - inventory_backend.prediction_engine - INFO - ML Pipeline execution finished. Generated 1 predictions.
2026-07-11 15:15:45,295 - inventory_backend.migrations - INFO - Running database migrations (current=0, target=1)...
2026-07-11 15:15:45,301 - inventory_backend.migrations - INFO - Database migrations completed successfully.
2026-07-11 15:15:45,323 - inventory_backend.db_manager - INFO - Added product SKU=SKU-T1 with ID=1
2026-07-11 15:15:45,337 - inventory_backend.inventory_service - WARNING - Failed to add product: SKU 'SKU-T1' already exists.
2026-07-11 15:15:45,345 - inventory_backend.inventory_service - WARNING - Failed to add product: Name 'Bread' already exists.
2026-07-11 15:15:45,357 - inventory_backend.db_manager - INFO - Updated product ID=1, status=True
2026-07-11 15:15:45,387 - inventory_backend.inventory_service - INFO - Logically deactivated product SKU=SKU-T1
2026-07-11 15:15:45,428 - inventory_backend.migrations - INFO - Running database migrations (current=0, target=1)...
2026-07-11 15:15:45,436 - inventory_backend.migrations - INFO - Database migrations completed successfully.
2026-07-11 15:15:45,463 - inventory_backend.db_manager - INFO - Added product SKU=MILK-01 with ID=1
2026-07-11 15:15:45,485 - inventory_backend.db_manager - INFO - Recorded movement ID=1 (IN), delta=15 for product ID=1
2026-07-11 15:15:45,517 - inventory_backend.inventory_service - INFO - Weekly submission for SKU=MILK-01: Sales=17, PrevStock=10, Deliveries=15, NewStock=8
2026-07-11 15:15:45,560 - inventory_backend.migrations - INFO - Running database migrations (current=0, target=1)...
2026-07-11 15:15:45,568 - inventory_backend.migrations - INFO - Database migrations completed successfully.
2026-07-11 15:15:45,596 - inventory_backend.db_manager - INFO - Added product SKU=A-1 with ID=1
2026-07-11 15:15:45,621 - inventory_backend.db_manager - INFO - Added product SKU=B-2 with ID=2
2026-07-11 15:15:45,639 - inventory_backend.inventory_service - INFO - Weekly submission for SKU=A-1: Sales=10, PrevStock=20, Deliveries=0, NewStock=10
2026-07-11 15:15:45,656 - inventory_backend.inventory_service - INFO - Weekly submission for SKU=B-2: Sales=3, PrevStock=5, Deliveries=0, NewStock=2
2026-07-11 15:15:45,709 - inventory_backend.db_manager - INFO - Recorded movement ID=1 (IN), delta=10 for product ID=1
2026-07-11 15:15:45,755 - inventory_backend.migrations - INFO - Running database migrations (current=0, target=1)...
2026-07-11 15:15:45,760 - inventory_backend.migrations - INFO - Database migrations completed successfully.
2026-07-11 15:15:45,784 - inventory_backend.prediction_service - WARNING - No active products to run predictions for.
2026-07-11 15:15:45,798 - inventory_backend.db_manager - INFO - Added product SKU=A with ID=1
2026-07-11 15:15:45,822 - inventory_backend.prediction_service - WARNING - No sales history records in daily_entries. Pipeline cannot run.
2026-07-11 15:15:45,829 - inventory_backend.inventory_service - INFO - Weekly submission for SKU=A: Sales=5, PrevStock=20, Deliveries=0, NewStock=15
2026-07-11 15:15:45,845 - inventory_backend.inventory_service - INFO - Weekly submission for SKU=A: Sales=0, PrevStock=15, Deliveries=0, NewStock=15
2026-07-11 15:15:45,860 - inventory_backend.inventory_service - INFO - Weekly submission for SKU=A: Sales=0, PrevStock=15, Deliveries=0, NewStock=15
2026-07-11 15:15:45,874 - inventory_backend.inventory_service - INFO - Weekly submission for SKU=A: Sales=0, PrevStock=15, Deliveries=0, NewStock=15
2026-07-11 15:15:45,888 - inventory_backend.inventory_service - INFO - Weekly submission for SKU=A: Sales=0, PrevStock=15, Deliveries=0, NewStock=15
2026-07-11 15:15:45,908 - inventory_backend.prediction_engine - INFO - Starting ML pipeline for 1 products...
2026-07-11 15:15:46,094 - inventory_backend.model_manager - INFO - Loaded pre-trained model and metadata from disk.
2026-07-11 15:15:46,094 - inventory_backend.model_manager - INFO - Retraining required: Data hash changed (saved=hash1, new=4c33ba0780ee190b57a5821cd9e278810bd386b266b42cb1580528b8377bb218).
2026-07-11 15:15:46,341 - inventory_backend.classifier - INFO - Classifier trained successfully. Train Accuracy: 100.00%
2026-07-11 15:15:46,448 - inventory_backend.model_manager - INFO - Classifier and Scaler successfully saved to C:\Inventra\backend\saved_models
2026-07-11 15:15:46,459 - inventory_backend.forecasting - INFO - Linear Regression fallback completed successfully
2026-07-11 15:15:46,486 - inventory_backend.prediction_engine - INFO - ML Pipeline execution finished. Generated 1 predictions.
2026-07-11 15:15:46,512 - inventory_backend.prediction_engine - INFO - Starting ML pipeline for 1 products...
2026-07-11 15:15:46,515 - inventory_backend.prediction_engine - INFO - Product SKU=A is in Cold Start (history=2 points, span=1 days).
2026-07-11 15:15:46,517 - inventory_backend.prediction_engine - INFO - ML Pipeline execution finished. Generated 1 predictions.
2026-07-11 15:15:46,532 - inventory_backend.migrations - INFO - Running database migrations (current=0, target=1)...
2026-07-11 15:15:46,537 - inventory_backend.migrations - INFO - Database migrations completed successfully.
2026-07-11 15:15:46,564 - inventory_backend.inventory_service - INFO - Bulk CSV import complete: 2 inserted, 0 updated.
2026-07-11 15:15:46,574 - inventory_backend.inventory_service - INFO - Bulk CSV import complete: 0 inserted, 2 updated.
2026-07-11 15:16:12,557 - inventory_backend.migrations - INFO - Running database migrations (current=0, target=1)...
2026-07-11 15:16:12,563 - inventory_backend.migrations - INFO - Database migrations completed successfully.
2026-07-11 15:16:12,585 - inventory_backend.migrations - INFO - Running database migrations (current=0, target=1)...
2026-07-11 15:16:12,588 - inventory_backend.migrations - INFO - Database migrations completed successfully.
2026-07-11 15:16:12,596 - inventory_backend.db_manager - INFO - Added product SKU=TEST-01 with ID=1
2026-07-11 15:16:12,604 - inventory_backend.db_manager - ERROR - Transaction failed and was rolled back: FOREIGN KEY constraint failed
Traceback (most recent call last):
  File "C:\Inventra\backend\database\db_manager.py", line 77, in transaction
    yield cursor
  File "C:\Inventra\backend\tests\test_database.py", line 55, in test_transaction_rollback
    cursor.execute("""
    ~~~~~~~~~~~~~~^^^^
        INSERT INTO stock_movements (product_id, movement_type, quantity, supplier_name, cost_per_unit, reason, movement_date, entered_by, created_at)
        ^^^^^^^^^^^^^^^^^^^^^^^^^^^^^^^^^^^^^^^^^^^^^^^^^^^^^^^^^^^^^^^^^^^^^^^^^^^^^^^^^^^^^^^^^^^^^^^^^^^^^^^^^^^^^^^^^^^^^^^^^^^^^^^^^^^^^^^^^^^^^^
        VALUES (999, 'IN', 5, 'Supplier', 5.0, 'Reason', '2026-07-11', NULL, datetime('now'));
        ^^^^^^^^^^^^^^^^^^^^^^^^^^^^^^^^^^^^^^^^^^^^^^^^^^^^^^^^^^^^^^^^^^^^^^^^^^^^^^^^^^^^^^
    """)
    ^^^^
sqlite3.IntegrityError: FOREIGN KEY constraint failed
2026-07-11 15:16:12,609 - inventory_backend.db_manager - ERROR - Database connection error: Database transaction failure: FOREIGN KEY constraint failed
Traceback (most recent call last):
  File "C:\Inventra\backend\database\db_manager.py", line 77, in transaction
    yield cursor
  File "C:\Inventra\backend\tests\test_database.py", line 55, in test_transaction_rollback
    cursor.execute("""
    ~~~~~~~~~~~~~~^^^^
        INSERT INTO stock_movements (product_id, movement_type, quantity, supplier_name, cost_per_unit, reason, movement_date, entered_by, created_at)
        ^^^^^^^^^^^^^^^^^^^^^^^^^^^^^^^^^^^^^^^^^^^^^^^^^^^^^^^^^^^^^^^^^^^^^^^^^^^^^^^^^^^^^^^^^^^^^^^^^^^^^^^^^^^^^^^^^^^^^^^^^^^^^^^^^^^^^^^^^^^^^^
        VALUES (999, 'IN', 5, 'Supplier', 5.0, 'Reason', '2026-07-11', NULL, datetime('now'));
        ^^^^^^^^^^^^^^^^^^^^^^^^^^^^^^^^^^^^^^^^^^^^^^^^^^^^^^^^^^^^^^^^^^^^^^^^^^^^^^^^^^^^^^
    """)
    ^^^^
sqlite3.IntegrityError: FOREIGN KEY constraint failed

The above exception was the direct cause of the following exception:

Traceback (most recent call last):
  File "C:\Inventra\backend\database\db_manager.py", line 54, in connection
    yield conn
  File "C:\Inventra\backend\database\db_manager.py", line 82, in transaction
    raise DatabaseError(f"Database transaction failure: {e}") from e
backend.utils.validators.DatabaseError: Database transaction failure: FOREIGN KEY constraint failed
2026-07-11 15:16:12,628 - inventory_backend.migrations - INFO - Running database migrations (current=0, target=1)...
2026-07-11 15:16:12,632 - inventory_backend.migrations - INFO - Database migrations completed successfully.
2026-07-11 15:16:12,639 - inventory_backend.db_manager - INFO - Added product SKU=SKU-1 with ID=1
2026-07-11 15:16:12,652 - inventory_backend.db_manager - INFO - Updated product ID=1, status=True
2026-07-11 15:16:12,666 - inventory_backend.db_manager - INFO - Deleted product ID=1, status=True
2026-07-11 15:16:12,688 - inventory_backend.migrations - INFO - Running database migrations (current=0, target=1)...
2026-07-11 15:16:12,693 - inventory_backend.migrations - INFO - Database migrations completed successfully.
2026-07-11 15:16:12,701 - inventory_backend.db_manager - INFO - Added product SKU=P1 with ID=1
2026-07-11 15:16:12,709 - inventory_backend.db_manager - INFO - Added daily entry ID=1 for product ID=1
2026-07-11 15:16:12,723 - inventory_backend.db_manager - INFO - Updated daily entry ID=1, status=True
2026-07-11 15:16:12,736 - inventory_backend.db_manager - INFO - Deleted daily entry ID=1, status=True
2026-07-11 15:16:12,759 - inventory_backend.migrations - INFO - Running database migrations (current=0, target=1)...
2026-07-11 15:16:12,763 - inventory_backend.migrations - INFO - Database migrations completed successfully.
2026-07-11 15:16:12,771 - inventory_backend.db_manager - INFO - Added product SKU=P1 with ID=1
2026-07-11 15:16:12,781 - inventory_backend.db_manager - INFO - Recorded movement ID=1 (OUT), delta=-5 for product ID=1
2026-07-11 15:16:12,827 - inventory_backend.migrations - INFO - Running database migrations (current=0, target=1)...
2026-07-11 15:16:12,832 - inventory_backend.migrations - INFO - Database migrations completed successfully.
2026-07-11 15:16:14,530 - inventory_backend.forecasting - INFO - Moving Average fallback completed successfully
2026-07-11 15:16:14,541 - inventory_backend.forecasting - INFO - Linear Regression fallback completed successfully
2026-07-11 15:16:16,949 - inventory_backend.classifier - INFO - Classifier trained successfully. Train Accuracy: 100.00%
2026-07-11 15:16:16,987 - inventory_backend.evaluation - INFO - Forecast evaluation: MAPE=0.0500, RMSE=0.8165, R2=0.9600
2026-07-11 15:16:17,004 - inventory_backend.evaluation - INFO - Classification evaluation: Accuracy=0.6667, F1=0.5556
2026-07-11 15:16:17,034 - inventory_backend.model_manager - INFO - Retraining required: No existing models found.
2026-07-11 15:16:17,053 - inventory_backend.model_manager - INFO - Classifier and Scaler successfully saved to C:\Users\parmar jaimin\AppData\Local\Temp\pytest-of-parmar jaimin\pytest-8\test_model_manager0\models
2026-07-11 15:16:17,085 - inventory_backend.model_manager - INFO - Loaded pre-trained model and metadata from disk.
2026-07-11 15:16:17,085 - inventory_backend.model_manager - INFO - Skipping retraining: Data hash is unchanged, loaded cached model.
2026-07-11 15:16:17,091 - inventory_backend.model_manager - INFO - Loaded pre-trained model and metadata from disk.
2026-07-11 15:16:17,091 - inventory_backend.model_manager - INFO - Retraining required: Data hash changed (saved=hash1, new=hash2).
2026-07-11 15:16:17,100 - inventory_backend.model_manager - INFO - Loaded pre-trained model and metadata from disk.
2026-07-11 15:16:17,107 - inventory_backend.prediction_engine - WARNING - Sales history or product list is empty. Returning empty predictions.
2026-07-11 15:16:17,108 - inventory_backend.prediction_engine - INFO - Starting ML pipeline for 1 products...
2026-07-11 15:16:17,114 - inventory_backend.prediction_engine - INFO - Product SKU=COLD is in Cold Start (history=2 points, span=7 days).
2026-07-11 15:16:17,115 - inventory_backend.prediction_engine - INFO - ML Pipeline execution finished. Generated 1 predictions.
2026-07-11 15:16:17,131 - inventory_backend.migrations - INFO - Running database migrations (current=0, target=1)...
2026-07-11 15:16:17,136 - inventory_backend.migrations - INFO - Database migrations completed successfully.
2026-07-11 15:16:17,159 - inventory_backend.db_manager - INFO - Added product SKU=SKU-T1 with ID=1
2026-07-11 15:16:17,171 - inventory_backend.inventory_service - WARNING - Failed to add product: SKU 'SKU-T1' already exists.
2026-07-11 15:16:17,178 - inventory_backend.inventory_service - WARNING - Failed to add product: Name 'Bread' already exists.
2026-07-11 15:16:17,190 - inventory_backend.db_manager - INFO - Updated product ID=1, status=True
2026-07-11 15:16:17,214 - inventory_backend.inventory_service - INFO - Logically deactivated product SKU=SKU-T1
2026-07-11 15:16:17,241 - inventory_backend.migrations - INFO - Running database migrations (current=0, target=1)...
2026-07-11 15:16:17,246 - inventory_backend.migrations - INFO - Database migrations completed successfully.
2026-07-11 15:16:17,269 - inventory_backend.db_manager - INFO - Added product SKU=MILK-01 with ID=1
2026-07-11 15:16:17,289 - inventory_backend.db_manager - INFO - Recorded movement ID=1 (IN), delta=15 for product ID=1
2026-07-11 15:16:17,309 - inventory_backend.inventory_service - INFO - Weekly submission for SKU=MILK-01: Sales=17, PrevStock=10, Deliveries=15, NewStock=8
2026-07-11 15:16:17,339 - inventory_backend.migrations - INFO - Running database migrations (current=0, target=1)...
2026-07-11 15:16:17,344 - inventory_backend.migrations - INFO - Database migrations completed successfully.
2026-07-11 15:16:17,363 - inventory_backend.db_manager - INFO - Added product SKU=A-1 with ID=1
2026-07-11 15:16:17,381 - inventory_backend.db_manager - INFO - Added product SKU=B-2 with ID=2
2026-07-11 15:16:17,398 - inventory_backend.inventory_service - INFO - Weekly submission for SKU=A-1: Sales=10, PrevStock=20, Deliveries=0, NewStock=10
2026-07-11 15:16:17,410 - inventory_backend.inventory_service - INFO - Weekly submission for SKU=B-2: Sales=3, PrevStock=5, Deliveries=0, NewStock=2
2026-07-11 15:16:17,457 - inventory_backend.db_manager - INFO - Recorded movement ID=1 (IN), delta=10 for product ID=1
2026-07-11 15:16:17,505 - inventory_backend.migrations - INFO - Running database migrations (current=0, target=1)...
2026-07-11 15:16:17,510 - inventory_backend.migrations - INFO - Database migrations completed successfully.
2026-07-11 15:16:17,526 - inventory_backend.prediction_service - WARNING - No active products to run predictions for.
2026-07-11 15:16:17,538 - inventory_backend.db_manager - INFO - Added product SKU=A with ID=1
2026-07-11 15:16:17,560 - inventory_backend.prediction_service - WARNING - No sales history records in daily_entries. Pipeline cannot run.
2026-07-11 15:16:17,568 - inventory_backend.inventory_service - INFO - Weekly submission for SKU=A: Sales=5, PrevStock=20, Deliveries=0, NewStock=15
2026-07-11 15:16:17,583 - inventory_backend.inventory_service - INFO - Weekly submission for SKU=A: Sales=0, PrevStock=15, Deliveries=0, NewStock=15
2026-07-11 15:16:17,598 - inventory_backend.inventory_service - INFO - Weekly submission for SKU=A: Sales=0, PrevStock=15, Deliveries=0, NewStock=15
2026-07-11 15:16:17,613 - inventory_backend.inventory_service - INFO - Weekly submission for SKU=A: Sales=0, PrevStock=15, Deliveries=0, NewStock=15
2026-07-11 15:16:17,626 - inventory_backend.inventory_service - INFO - Weekly submission for SKU=A: Sales=0, PrevStock=15, Deliveries=0, NewStock=15
2026-07-11 15:16:17,651 - inventory_backend.prediction_engine - INFO - Starting ML pipeline for 1 products...
2026-07-11 15:16:17,834 - inventory_backend.model_manager - INFO - Loaded pre-trained model and metadata from disk.
2026-07-11 15:16:17,834 - inventory_backend.model_manager - INFO - Retraining required: Data hash changed (saved=hash1, new=4c33ba0780ee190b57a5821cd9e278810bd386b266b42cb1580528b8377bb218).
2026-07-11 15:16:18,076 - inventory_backend.classifier - INFO - Classifier trained successfully. Train Accuracy: 100.00%
2026-07-11 15:16:18,168 - inventory_backend.model_manager - INFO - Classifier and Scaler successfully saved to C:\Inventra\backend\saved_models
2026-07-11 15:16:18,178 - inventory_backend.forecasting - INFO - Linear Regression fallback completed successfully
2026-07-11 15:16:18,206 - inventory_backend.prediction_engine - INFO - ML Pipeline execution finished. Generated 1 predictions.
2026-07-11 15:16:18,222 - inventory_backend.prediction_engine - INFO - Starting ML pipeline for 1 products...
2026-07-11 15:16:18,225 - inventory_backend.prediction_engine - INFO - Product SKU=A is in Cold Start (history=2 points, span=1 days).
2026-07-11 15:16:18,227 - inventory_backend.prediction_engine - INFO - ML Pipeline execution finished. Generated 1 predictions.
2026-07-11 15:16:18,245 - inventory_backend.migrations - INFO - Running database migrations (current=0, target=1)...
2026-07-11 15:16:18,250 - inventory_backend.migrations - INFO - Database migrations completed successfully.
2026-07-11 15:16:18,282 - inventory_backend.inventory_service - INFO - Bulk CSV import complete: 2 inserted, 0 updated.
2026-07-11 15:16:18,292 - inventory_backend.inventory_service - INFO - Bulk CSV import complete: 0 inserted, 2 updated.
2026-07-11 15:17:10,623 - inventory_backend.migrations - INFO - Running database migrations (current=0, target=1)...
2026-07-11 15:17:10,629 - inventory_backend.migrations - INFO - Database migrations completed successfully.
2026-07-11 15:17:10,666 - inventory_backend.migrations - INFO - Running database migrations (current=0, target=1)...
2026-07-11 15:17:10,673 - inventory_backend.migrations - INFO - Database migrations completed successfully.
2026-07-11 15:17:10,685 - inventory_backend.db_manager - INFO - Added product SKU=TEST-01 with ID=1
2026-07-11 15:17:10,697 - inventory_backend.db_manager - ERROR - Transaction failed and was rolled back: FOREIGN KEY constraint failed
Traceback (most recent call last):
  File "C:\Inventra\backend\database\db_manager.py", line 77, in transaction
    yield cursor
  File "C:\Inventra\backend\tests\test_database.py", line 55, in test_transaction_rollback
    cursor.execute("""
    ~~~~~~~~~~~~~~^^^^
        INSERT INTO stock_movements (product_id, movement_type, quantity, supplier_name, cost_per_unit, reason, movement_date, entered_by, created_at)
        ^^^^^^^^^^^^^^^^^^^^^^^^^^^^^^^^^^^^^^^^^^^^^^^^^^^^^^^^^^^^^^^^^^^^^^^^^^^^^^^^^^^^^^^^^^^^^^^^^^^^^^^^^^^^^^^^^^^^^^^^^^^^^^^^^^^^^^^^^^^^^^
        VALUES (999, 'IN', 5, 'Supplier', 5.0, 'Reason', '2026-07-11', NULL, datetime('now'));
        ^^^^^^^^^^^^^^^^^^^^^^^^^^^^^^^^^^^^^^^^^^^^^^^^^^^^^^^^^^^^^^^^^^^^^^^^^^^^^^^^^^^^^^
    """)
    ^^^^
sqlite3.IntegrityError: FOREIGN KEY constraint failed
2026-07-11 15:17:10,706 - inventory_backend.db_manager - ERROR - Database connection error: Database transaction failure: FOREIGN KEY constraint failed
Traceback (most recent call last):
  File "C:\Inventra\backend\database\db_manager.py", line 77, in transaction
    yield cursor
  File "C:\Inventra\backend\tests\test_database.py", line 55, in test_transaction_rollback
    cursor.execute("""
    ~~~~~~~~~~~~~~^^^^
        INSERT INTO stock_movements (product_id, movement_type, quantity, supplier_name, cost_per_unit, reason, movement_date, entered_by, created_at)
        ^^^^^^^^^^^^^^^^^^^^^^^^^^^^^^^^^^^^^^^^^^^^^^^^^^^^^^^^^^^^^^^^^^^^^^^^^^^^^^^^^^^^^^^^^^^^^^^^^^^^^^^^^^^^^^^^^^^^^^^^^^^^^^^^^^^^^^^^^^^^^^
        VALUES (999, 'IN', 5, 'Supplier', 5.0, 'Reason', '2026-07-11', NULL, datetime('now'));
        ^^^^^^^^^^^^^^^^^^^^^^^^^^^^^^^^^^^^^^^^^^^^^^^^^^^^^^^^^^^^^^^^^^^^^^^^^^^^^^^^^^^^^^
    """)
    ^^^^
sqlite3.IntegrityError: FOREIGN KEY constraint failed

The above exception was the direct cause of the following exception:

Traceback (most recent call last):
  File "C:\Inventra\backend\database\db_manager.py", line 54, in connection
    yield conn
  File "C:\Inventra\backend\database\db_manager.py", line 82, in transaction
    raise DatabaseError(f"Database transaction failure: {e}") from e
backend.utils.validators.DatabaseError: Database transaction failure: FOREIGN KEY constraint failed
2026-07-11 15:17:10,735 - inventory_backend.migrations - INFO - Running database migrations (current=0, target=1)...
2026-07-11 15:17:10,741 - inventory_backend.migrations - INFO - Database migrations completed successfully.
2026-07-11 15:17:10,757 - inventory_backend.db_manager - INFO - Added product SKU=SKU-1 with ID=1
2026-07-11 15:17:10,785 - inventory_backend.db_manager - INFO - Updated product ID=1, status=True
2026-07-11 15:17:10,810 - inventory_backend.db_manager - INFO - Deleted product ID=1, status=True
2026-07-11 15:17:10,839 - inventory_backend.migrations - INFO - Running database migrations (current=0, target=1)...
2026-07-11 15:17:10,843 - inventory_backend.migrations - INFO - Database migrations completed successfully.
2026-07-11 15:17:10,855 - inventory_backend.db_manager - INFO - Added product SKU=P1 with ID=1
2026-07-11 15:17:10,866 - inventory_backend.db_manager - INFO - Added daily entry ID=1 for product ID=1
2026-07-11 15:17:10,887 - inventory_backend.db_manager - INFO - Updated daily entry ID=1, status=True
2026-07-11 15:17:10,906 - inventory_backend.db_manager - INFO - Deleted daily entry ID=1, status=True
2026-07-11 15:17:10,933 - inventory_backend.migrations - INFO - Running database migrations (current=0, target=1)...
2026-07-11 15:17:10,939 - inventory_backend.migrations - INFO - Database migrations completed successfully.
2026-07-11 15:17:10,948 - inventory_backend.db_manager - INFO - Added product SKU=P1 with ID=1
2026-07-11 15:17:10,959 - inventory_backend.db_manager - INFO - Recorded movement ID=1 (OUT), delta=-5 for product ID=1
2026-07-11 15:17:11,011 - inventory_backend.migrations - INFO - Running database migrations (current=0, target=1)...
2026-07-11 15:17:11,016 - inventory_backend.migrations - INFO - Database migrations completed successfully.
2026-07-11 15:17:11,081 - inventory_backend.migrations - INFO - Running database migrations (current=0, target=1)...
2026-07-11 15:17:11,087 - inventory_backend.migrations - INFO - Database migrations completed successfully.
2026-07-11 15:17:11,095 - inventory_backend.db_manager - ERROR - Database connection error: no such table: nonexistent_table
Traceback (most recent call last):
  File "C:\Inventra\backend\database\db_manager.py", line 54, in connection
    yield conn
  File "C:\Inventra\backend\tests\test_database.py", line 204, in test_db_execute_error
    cursor.execute("SELECT * FROM nonexistent_table;")
    ~~~~~~~~~~~~~~^^^^^^^^^^^^^^^^^^^^^^^^^^^^^^^^^^^^
sqlite3.OperationalError: no such table: nonexistent_table
2026-07-11 15:17:12,762 - inventory_backend.forecasting - INFO - Moving Average fallback completed successfully
2026-07-11 15:17:12,775 - inventory_backend.forecasting - INFO - Linear Regression fallback completed successfully
2026-07-11 15:17:14,119 - inventory_backend.classifier - INFO - Classifier trained successfully. Train Accuracy: 100.00%
2026-07-11 15:17:14,159 - inventory_backend.evaluation - INFO - Forecast evaluation: MAPE=0.0500, RMSE=0.8165, R2=0.9600
2026-07-11 15:17:14,173 - inventory_backend.evaluation - INFO - Classification evaluation: Accuracy=0.6667, F1=0.5556
2026-07-11 15:17:14,203 - inventory_backend.model_manager - INFO - Retraining required: No existing models found.
2026-07-11 15:17:14,218 - inventory_backend.model_manager - INFO - Classifier and Scaler successfully saved to C:\Users\parmar jaimin\AppData\Local\Temp\pytest-of-parmar jaimin\pytest-9\test_model_manager0\models
2026-07-11 15:17:14,249 - inventory_backend.model_manager - INFO - Loaded pre-trained model and metadata from disk.
2026-07-11 15:17:14,249 - inventory_backend.model_manager - INFO - Skipping retraining: Data hash is unchanged, loaded cached model.
2026-07-11 15:17:14,256 - inventory_backend.model_manager - INFO - Loaded pre-trained model and metadata from disk.
2026-07-11 15:17:14,256 - inventory_backend.model_manager - INFO - Retraining required: Data hash changed (saved=hash1, new=hash2).
2026-07-11 15:17:14,262 - inventory_backend.model_manager - INFO - Loaded pre-trained model and metadata from disk.
2026-07-11 15:17:14,267 - inventory_backend.prediction_engine - WARNING - Sales history or product list is empty. Returning empty predictions.
2026-07-11 15:17:14,270 - inventory_backend.prediction_engine - INFO - Starting ML pipeline for 1 products...
2026-07-11 15:17:14,274 - inventory_backend.prediction_engine - INFO - Product SKU=COLD is in Cold Start (history=2 points, span=7 days).
2026-07-11 15:17:14,275 - inventory_backend.prediction_engine - INFO - ML Pipeline execution finished. Generated 1 predictions.
2026-07-11 15:17:14,289 - inventory_backend.migrations - INFO - Running database migrations (current=0, target=1)...
2026-07-11 15:17:14,292 - inventory_backend.migrations - INFO - Database migrations completed successfully.
2026-07-11 15:17:14,308 - inventory_backend.db_manager - INFO - Added product SKU=SKU-T1 with ID=1
2026-07-11 15:17:14,319 - inventory_backend.inventory_service - WARNING - Failed to add product: SKU 'SKU-T1' already exists.
2026-07-11 15:17:14,325 - inventory_backend.inventory_service - WARNING - Failed to add product: Name 'Bread' already exists.
2026-07-11 15:17:14,333 - inventory_backend.db_manager - INFO - Updated product ID=1, status=True
2026-07-11 15:17:14,356 - inventory_backend.inventory_service - INFO - Logically deactivated product SKU=SKU-T1
2026-07-11 15:17:14,381 - inventory_backend.migrations - INFO - Running database migrations (current=0, target=1)...
2026-07-11 15:17:14,386 - inventory_backend.migrations - INFO - Database migrations completed successfully.
2026-07-11 15:17:14,402 - inventory_backend.db_manager - INFO - Added product SKU=MILK-01 with ID=1
2026-07-11 15:17:14,415 - inventory_backend.db_manager - INFO - Recorded movement ID=1 (IN), delta=15 for product ID=1
2026-07-11 15:17:14,431 - inventory_backend.inventory_service - INFO - Weekly submission for SKU=MILK-01: Sales=17, PrevStock=10, Deliveries=15, NewStock=8
2026-07-11 15:17:14,457 - inventory_backend.migrations - INFO - Running database migrations (current=0, target=1)...
2026-07-11 15:17:14,461 - inventory_backend.migrations - INFO - Database migrations completed successfully.
2026-07-11 15:17:14,477 - inventory_backend.db_manager - INFO - Added product SKU=A-1 with ID=1
2026-07-11 15:17:14,492 - inventory_backend.db_manager - INFO - Added product SKU=B-2 with ID=2
2026-07-11 15:17:14,506 - inventory_backend.inventory_service - INFO - Weekly submission for SKU=A-1: Sales=10, PrevStock=20, Deliveries=0, NewStock=10
2026-07-11 15:17:14,520 - inventory_backend.inventory_service - INFO - Weekly submission for SKU=B-2: Sales=3, PrevStock=5, Deliveries=0, NewStock=2
2026-07-11 15:17:14,563 - inventory_backend.db_manager - INFO - Recorded movement ID=1 (IN), delta=10 for product ID=1
2026-07-11 15:17:14,603 - inventory_backend.migrations - INFO - Running database migrations (current=0, target=1)...
2026-07-11 15:17:14,607 - inventory_backend.migrations - INFO - Database migrations completed successfully.
2026-07-11 15:17:14,627 - inventory_backend.prediction_service - WARNING - No active products to run predictions for.
2026-07-11 15:17:14,642 - inventory_backend.db_manager - INFO - Added product SKU=A with ID=1
2026-07-11 15:17:14,665 - inventory_backend.prediction_service - WARNING - No sales history records in daily_entries. Pipeline cannot run.
2026-07-11 15:17:14,675 - inventory_backend.inventory_service - INFO - Weekly submission for SKU=A: Sales=5, PrevStock=20, Deliveries=0, NewStock=15
2026-07-11 15:17:14,694 - inventory_backend.inventory_service - INFO - Weekly submission for SKU=A: Sales=0, PrevStock=15, Deliveries=0, NewStock=15
2026-07-11 15:17:14,712 - inventory_backend.inventory_service - INFO - Weekly submission for SKU=A: Sales=0, PrevStock=15, Deliveries=0, NewStock=15
2026-07-11 15:17:14,729 - inventory_backend.inventory_service - INFO - Weekly submission for SKU=A: Sales=0, PrevStock=15, Deliveries=0, NewStock=15
2026-07-11 15:17:14,746 - inventory_backend.inventory_service - INFO - Weekly submission for SKU=A: Sales=0, PrevStock=15, Deliveries=0, NewStock=15
2026-07-11 15:17:14,777 - inventory_backend.prediction_engine - INFO - Starting ML pipeline for 1 products...
2026-07-11 15:17:15,037 - inventory_backend.model_manager - INFO - Loaded pre-trained model and metadata from disk.
2026-07-11 15:17:15,038 - inventory_backend.model_manager - INFO - Retraining required: Data hash changed (saved=hash1, new=4c33ba0780ee190b57a5821cd9e278810bd386b266b42cb1580528b8377bb218).
2026-07-11 15:17:15,342 - inventory_backend.classifier - INFO - Classifier trained successfully. Train Accuracy: 100.00%
2026-07-11 15:17:15,457 - inventory_backend.model_manager - INFO - Classifier and Scaler successfully saved to C:\Inventra\backend\saved_models
2026-07-11 15:17:15,471 - inventory_backend.forecasting - INFO - Linear Regression fallback completed successfully
2026-07-11 15:17:15,512 - inventory_backend.prediction_engine - INFO - ML Pipeline execution finished. Generated 1 predictions.
2026-07-11 15:17:15,528 - inventory_backend.prediction_engine - INFO - Starting ML pipeline for 1 products...
2026-07-11 15:17:15,531 - inventory_backend.prediction_engine - INFO - Product SKU=A is in Cold Start (history=2 points, span=1 days).
2026-07-11 15:17:15,532 - inventory_backend.prediction_engine - INFO - ML Pipeline execution finished. Generated 1 predictions.
2026-07-11 15:17:15,549 - inventory_backend.migrations - INFO - Running database migrations (current=0, target=1)...
2026-07-11 15:17:15,554 - inventory_backend.migrations - INFO - Database migrations completed successfully.
2026-07-11 15:17:15,583 - inventory_backend.inventory_service - INFO - Bulk CSV import complete: 2 inserted, 0 updated.
2026-07-11 15:17:15,597 - inventory_backend.inventory_service - INFO - Bulk CSV import complete: 0 inserted, 2 updated.
2026-07-11 15:17:15,633 - inventory_backend.migrations - INFO - Running database migrations (current=0, target=1)...
2026-07-11 15:17:15,638 - inventory_backend.migrations - INFO - Database migrations completed successfully.
2026-07-11 15:17:15,653 - inventory_backend.inventory_service - WARNING - Attempted deactivation of non-existent product ID=999
2026-07-11 15:17:15,677 - inventory_backend.db_manager - INFO - Added product SKU=SKU-REAL with ID=1
2026-07-11 15:17:15,708 - inventory_backend.db_manager - ERROR - Transaction failed and was rolled back: Row 1: Product name 'Real Product' already exists in database with a different SKU.
Traceback (most recent call last):
  File "C:\Inventra\backend\database\db_manager.py", line 77, in transaction
    yield cursor
  File "C:\Inventra\backend\services\inventory_service.py", line 189, in bulk_csv_import
    raise DuplicateProductError(f"Row {idx+1}: Product name '{name}' already exists in database with a different SKU.")
backend.utils.validators.DuplicateProductError: Row 1: Product name 'Real Product' already exists in database with a different SKU.
2026-07-11 15:17:15,711 - inventory_backend.db_manager - ERROR - Database connection error: Database transaction failure: Row 1: Product name 'Real Product' already exists in database with a different SKU.
Traceback (most recent call last):
  File "C:\Inventra\backend\database\db_manager.py", line 77, in transaction
    yield cursor
  File "C:\Inventra\backend\services\inventory_service.py", line 189, in bulk_csv_import
    raise DuplicateProductError(f"Row {idx+1}: Product name '{name}' already exists in database with a different SKU.")
backend.utils.validators.DuplicateProductError: Row 1: Product name 'Real Product' already exists in database with a different SKU.

The above exception was the direct cause of the following exception:

Traceback (most recent call last):
  File "C:\Inventra\backend\database\db_manager.py", line 54, in connection
    yield conn
  File "C:\Inventra\backend\database\db_manager.py", line 82, in transaction
    raise DatabaseError(f"Database transaction failure: {e}") from e
backend.utils.validators.DatabaseError: Database transaction failure: Row 1: Product name 'Real Product' already exists in database with a different SKU.
2026-07-11 15:17:15,714 - inventory_backend.inventory_service - ERROR - Bulk CSV import error: Database error: Database transaction failure: Row 1: Product name 'Real Product' already exists in database with a different SKU.
Traceback (most recent call last):
  File "C:\Inventra\backend\database\db_manager.py", line 77, in transaction
    yield cursor
  File "C:\Inventra\backend\services\inventory_service.py", line 189, in bulk_csv_import
    raise DuplicateProductError(f"Row {idx+1}: Product name '{name}' already exists in database with a different SKU.")
backend.utils.validators.DuplicateProductError: Row 1: Product name 'Real Product' already exists in database with a different SKU.

The above exception was the direct cause of the following exception:

Traceback (most recent call last):
  File "C:\Inventra\backend\database\db_manager.py", line 54, in connection
    yield conn
  File "C:\Inventra\backend\database\db_manager.py", line 82, in transaction
    raise DatabaseError(f"Database transaction failure: {e}") from e
backend.utils.validators.DatabaseError: Database transaction failure: Row 1: Product name 'Real Product' already exists in database with a different SKU.

The above exception was the direct cause of the following exception:

Traceback (most recent call last):
  File "C:\Inventra\backend\services\inventory_service.py", line 157, in bulk_csv_import
    with self.db.transaction() as cursor:
         ~~~~~~~~~~~~~~~~~~~^^
  File "C:\Users\parmar jaimin\anaconda3\Lib\contextlib.py", line 162, in __exit__
    self.gen.throw(value)
    ~~~~~~~~~~~~~~^^^^^^^
  File "C:\Inventra\backend\database\db_manager.py", line 74, in transaction
    with self.connection() as conn:
         ~~~~~~~~~~~~~~~^^
  File "C:\Users\parmar jaimin\anaconda3\Lib\contextlib.py", line 162, in __exit__
    self.gen.throw(value)
    ~~~~~~~~~~~~~~^^^^^^^
  File "C:\Inventra\backend\database\db_manager.py", line 63, in connection
    raise DatabaseError(f"Database error: {e}") from e
backend.utils.validators.DatabaseError: Database error: Database transaction failure: Row 1: Product name 'Real Product' already exists in database with a different SKU.
2026-07-11 15:17:47,420 - inventory_backend.migrations - INFO - Running database migrations (current=0, target=1)...
2026-07-11 15:17:47,425 - inventory_backend.migrations - INFO - Database migrations completed successfully.
2026-07-11 15:17:47,455 - inventory_backend.migrations - INFO - Running database migrations (current=0, target=1)...
2026-07-11 15:17:47,460 - inventory_backend.migrations - INFO - Database migrations completed successfully.
2026-07-11 15:17:47,471 - inventory_backend.db_manager - INFO - Added product SKU=TEST-01 with ID=1
2026-07-11 15:17:47,485 - inventory_backend.db_manager - ERROR - Transaction failed and was rolled back: FOREIGN KEY constraint failed
Traceback (most recent call last):
  File "C:\Inventra\backend\database\db_manager.py", line 77, in transaction
    yield cursor
  File "C:\Inventra\backend\tests\test_database.py", line 55, in test_transaction_rollback
    cursor.execute("""
    ~~~~~~~~~~~~~~^^^^
        INSERT INTO stock_movements (product_id, movement_type, quantity, supplier_name, cost_per_unit, reason, movement_date, entered_by, created_at)
        ^^^^^^^^^^^^^^^^^^^^^^^^^^^^^^^^^^^^^^^^^^^^^^^^^^^^^^^^^^^^^^^^^^^^^^^^^^^^^^^^^^^^^^^^^^^^^^^^^^^^^^^^^^^^^^^^^^^^^^^^^^^^^^^^^^^^^^^^^^^^^^
        VALUES (999, 'IN', 5, 'Supplier', 5.0, 'Reason', '2026-07-11', NULL, datetime('now'));
        ^^^^^^^^^^^^^^^^^^^^^^^^^^^^^^^^^^^^^^^^^^^^^^^^^^^^^^^^^^^^^^^^^^^^^^^^^^^^^^^^^^^^^^
    """)
    ^^^^
sqlite3.IntegrityError: FOREIGN KEY constraint failed
2026-07-11 15:17:47,493 - inventory_backend.db_manager - ERROR - Database connection error: Database transaction failure: FOREIGN KEY constraint failed
Traceback (most recent call last):
  File "C:\Inventra\backend\database\db_manager.py", line 77, in transaction
    yield cursor
  File "C:\Inventra\backend\tests\test_database.py", line 55, in test_transaction_rollback
    cursor.execute("""
    ~~~~~~~~~~~~~~^^^^
        INSERT INTO stock_movements (product_id, movement_type, quantity, supplier_name, cost_per_unit, reason, movement_date, entered_by, created_at)
        ^^^^^^^^^^^^^^^^^^^^^^^^^^^^^^^^^^^^^^^^^^^^^^^^^^^^^^^^^^^^^^^^^^^^^^^^^^^^^^^^^^^^^^^^^^^^^^^^^^^^^^^^^^^^^^^^^^^^^^^^^^^^^^^^^^^^^^^^^^^^^^
        VALUES (999, 'IN', 5, 'Supplier', 5.0, 'Reason', '2026-07-11', NULL, datetime('now'));
        ^^^^^^^^^^^^^^^^^^^^^^^^^^^^^^^^^^^^^^^^^^^^^^^^^^^^^^^^^^^^^^^^^^^^^^^^^^^^^^^^^^^^^^
    """)
    ^^^^
sqlite3.IntegrityError: FOREIGN KEY constraint failed

The above exception was the direct cause of the following exception:

Traceback (most recent call last):
  File "C:\Inventra\backend\database\db_manager.py", line 54, in connection
    yield conn
  File "C:\Inventra\backend\database\db_manager.py", line 85, in transaction
    raise DatabaseError(f"Database transaction failure: {e}") from e
backend.utils.validators.DatabaseError: Database transaction failure: FOREIGN KEY constraint failed
2026-07-11 15:17:47,518 - inventory_backend.migrations - INFO - Running database migrations (current=0, target=1)...
2026-07-11 15:17:47,522 - inventory_backend.migrations - INFO - Database migrations completed successfully.
2026-07-11 15:17:47,531 - inventory_backend.db_manager - INFO - Added product SKU=SKU-1 with ID=1
2026-07-11 15:17:47,549 - inventory_backend.db_manager - INFO - Updated product ID=1, status=True
2026-07-11 15:17:47,569 - inventory_backend.db_manager - INFO - Deleted product ID=1, status=True
2026-07-11 15:17:47,602 - inventory_backend.migrations - INFO - Running database migrations (current=0, target=1)...
2026-07-11 15:17:47,608 - inventory_backend.migrations - INFO - Database migrations completed successfully.
2026-07-11 15:17:47,620 - inventory_backend.db_manager - INFO - Added product SKU=P1 with ID=1
2026-07-11 15:17:47,632 - inventory_backend.db_manager - INFO - Added daily entry ID=1 for product ID=1
2026-07-11 15:17:47,653 - inventory_backend.db_manager - INFO - Updated daily entry ID=1, status=True
2026-07-11 15:17:47,669 - inventory_backend.db_manager - INFO - Deleted daily entry ID=1, status=True
2026-07-11 15:17:47,701 - inventory_backend.migrations - INFO - Running database migrations (current=0, target=1)...
2026-07-11 15:17:47,706 - inventory_backend.migrations - INFO - Database migrations completed successfully.
2026-07-11 15:17:47,721 - inventory_backend.db_manager - INFO - Added product SKU=P1 with ID=1
2026-07-11 15:17:47,732 - inventory_backend.db_manager - INFO - Recorded movement ID=1 (OUT), delta=-5 for product ID=1
2026-07-11 15:17:47,793 - inventory_backend.migrations - INFO - Running database migrations (current=0, target=1)...
2026-07-11 15:17:47,800 - inventory_backend.migrations - INFO - Database migrations completed successfully.
2026-07-11 15:17:47,873 - inventory_backend.migrations - INFO - Running database migrations (current=0, target=1)...
2026-07-11 15:17:47,877 - inventory_backend.migrations - INFO - Database migrations completed successfully.
2026-07-11 15:17:47,888 - inventory_backend.db_manager - ERROR - Database connection error: no such table: nonexistent_table
Traceback (most recent call last):
  File "C:\Inventra\backend\database\db_manager.py", line 54, in connection
    yield conn
  File "C:\Inventra\backend\tests\test_database.py", line 204, in test_db_execute_error
    cursor.execute("SELECT * FROM nonexistent_table;")
    ~~~~~~~~~~~~~~^^^^^^^^^^^^^^^^^^^^^^^^^^^^^^^^^^^^
sqlite3.OperationalError: no such table: nonexistent_table
2026-07-11 15:17:49,702 - inventory_backend.forecasting - INFO - Moving Average fallback completed successfully
2026-07-11 15:17:49,718 - inventory_backend.forecasting - INFO - Linear Regression fallback completed successfully
2026-07-11 15:17:51,029 - inventory_backend.classifier - INFO - Classifier trained successfully. Train Accuracy: 100.00%
2026-07-11 15:17:51,080 - inventory_backend.evaluation - INFO - Forecast evaluation: MAPE=0.0500, RMSE=0.8165, R2=0.9600
2026-07-11 15:17:51,108 - inventory_backend.evaluation - INFO - Classification evaluation: Accuracy=0.6667, F1=0.5556
2026-07-11 15:17:51,140 - inventory_backend.model_manager - INFO - Retraining required: No existing models found.
2026-07-11 15:17:51,155 - inventory_backend.model_manager - INFO - Classifier and Scaler successfully saved to C:\Users\parmar jaimin\AppData\Local\Temp\pytest-of-parmar jaimin\pytest-10\test_model_manager0\models
2026-07-11 15:17:51,202 - inventory_backend.model_manager - INFO - Loaded pre-trained model and metadata from disk.
2026-07-11 15:17:51,202 - inventory_backend.model_manager - INFO - Skipping retraining: Data hash is unchanged, loaded cached model.
2026-07-11 15:17:51,213 - inventory_backend.model_manager - INFO - Loaded pre-trained model and metadata from disk.
2026-07-11 15:17:51,214 - inventory_backend.model_manager - INFO - Retraining required: Data hash changed (saved=hash1, new=hash2).
2026-07-11 15:17:51,223 - inventory_backend.model_manager - INFO - Loaded pre-trained model and metadata from disk.
2026-07-11 15:17:51,231 - inventory_backend.prediction_engine - WARNING - Sales history or product list is empty. Returning empty predictions.
2026-07-11 15:17:51,234 - inventory_backend.prediction_engine - INFO - Starting ML pipeline for 1 products...
2026-07-11 15:17:51,239 - inventory_backend.prediction_engine - INFO - Product SKU=COLD is in Cold Start (history=2 points, span=7 days).
2026-07-11 15:17:51,241 - inventory_backend.prediction_engine - INFO - ML Pipeline execution finished. Generated 1 predictions.
2026-07-11 15:17:51,256 - inventory_backend.migrations - INFO - Running database migrations (current=0, target=1)...
2026-07-11 15:17:51,260 - inventory_backend.migrations - INFO - Database migrations completed successfully.
2026-07-11 15:17:51,276 - inventory_backend.db_manager - INFO - Added product SKU=SKU-T1 with ID=1
2026-07-11 15:17:51,289 - inventory_backend.inventory_service - WARNING - Failed to add product: SKU 'SKU-T1' already exists.
2026-07-11 15:17:51,297 - inventory_backend.inventory_service - WARNING - Failed to add product: Name 'Bread' already exists.
2026-07-11 15:17:51,308 - inventory_backend.db_manager - INFO - Updated product ID=1, status=True
2026-07-11 15:17:51,330 - inventory_backend.inventory_service - INFO - Logically deactivated product SKU=SKU-T1
2026-07-11 15:17:51,358 - inventory_backend.migrations - INFO - Running database migrations (current=0, target=1)...
2026-07-11 15:17:51,362 - inventory_backend.migrations - INFO - Database migrations completed successfully.
2026-07-11 15:17:51,379 - inventory_backend.db_manager - INFO - Added product SKU=MILK-01 with ID=1
2026-07-11 15:17:51,396 - inventory_backend.db_manager - INFO - Recorded movement ID=1 (IN), delta=15 for product ID=1
2026-07-11 15:17:51,418 - inventory_backend.inventory_service - INFO - Weekly submission for SKU=MILK-01: Sales=17, PrevStock=10, Deliveries=15, NewStock=8
2026-07-11 15:17:51,453 - inventory_backend.migrations - INFO - Running database migrations (current=0, target=1)...
2026-07-11 15:17:51,457 - inventory_backend.migrations - INFO - Database migrations completed successfully.
2026-07-11 15:17:51,477 - inventory_backend.db_manager - INFO - Added product SKU=A-1 with ID=1
2026-07-11 15:17:51,503 - inventory_backend.db_manager - INFO - Added product SKU=B-2 with ID=2
2026-07-11 15:17:51,523 - inventory_backend.inventory_service - INFO - Weekly submission for SKU=A-1: Sales=10, PrevStock=20, Deliveries=0, NewStock=10
2026-07-11 15:17:51,539 - inventory_backend.inventory_service - INFO - Weekly submission for SKU=B-2: Sales=3, PrevStock=5, Deliveries=0, NewStock=2
2026-07-11 15:17:51,587 - inventory_backend.db_manager - INFO - Recorded movement ID=1 (IN), delta=10 for product ID=1
2026-07-11 15:17:51,634 - inventory_backend.migrations - INFO - Running database migrations (current=0, target=1)...
2026-07-11 15:17:51,639 - inventory_backend.migrations - INFO - Database migrations completed successfully.
2026-07-11 15:17:51,655 - inventory_backend.prediction_service - WARNING - No active products to run predictions for.
2026-07-11 15:17:51,664 - inventory_backend.db_manager - INFO - Added product SKU=A with ID=1
2026-07-11 15:17:51,681 - inventory_backend.prediction_service - WARNING - No sales history records in daily_entries. Pipeline cannot run.
2026-07-11 15:17:51,689 - inventory_backend.inventory_service - INFO - Weekly submission for SKU=A: Sales=5, PrevStock=20, Deliveries=0, NewStock=15
2026-07-11 15:17:51,703 - inventory_backend.inventory_service - INFO - Weekly submission for SKU=A: Sales=0, PrevStock=15, Deliveries=0, NewStock=15
2026-07-11 15:17:51,717 - inventory_backend.inventory_service - INFO - Weekly submission for SKU=A: Sales=0, PrevStock=15, Deliveries=0, NewStock=15
2026-07-11 15:17:51,728 - inventory_backend.inventory_service - INFO - Weekly submission for SKU=A: Sales=0, PrevStock=15, Deliveries=0, NewStock=15
2026-07-11 15:17:51,742 - inventory_backend.inventory_service - INFO - Weekly submission for SKU=A: Sales=0, PrevStock=15, Deliveries=0, NewStock=15
2026-07-11 15:17:51,762 - inventory_backend.prediction_engine - INFO - Starting ML pipeline for 1 products...
2026-07-11 15:17:51,957 - inventory_backend.model_manager - INFO - Loaded pre-trained model and metadata from disk.
2026-07-11 15:17:51,957 - inventory_backend.model_manager - INFO - Retraining required: Data hash changed (saved=hash1, new=4c33ba0780ee190b57a5821cd9e278810bd386b266b42cb1580528b8377bb218).
2026-07-11 15:17:52,220 - inventory_backend.classifier - INFO - Classifier trained successfully. Train Accuracy: 100.00%
2026-07-11 15:17:52,344 - inventory_backend.model_manager - INFO - Classifier and Scaler successfully saved to C:\Inventra\backend\saved_models
2026-07-11 15:17:52,364 - inventory_backend.forecasting - INFO - Linear Regression fallback completed successfully
2026-07-11 15:17:52,415 - inventory_backend.prediction_engine - INFO - ML Pipeline execution finished. Generated 1 predictions.
2026-07-11 15:17:52,447 - inventory_backend.prediction_engine - INFO - Starting ML pipeline for 1 products...
2026-07-11 15:17:52,454 - inventory_backend.prediction_engine - INFO - Product SKU=A is in Cold Start (history=2 points, span=1 days).
2026-07-11 15:17:52,456 - inventory_backend.prediction_engine - INFO - ML Pipeline execution finished. Generated 1 predictions.
2026-07-11 15:17:52,483 - inventory_backend.migrations - INFO - Running database migrations (current=0, target=1)...
2026-07-11 15:17:52,489 - inventory_backend.migrations - INFO - Database migrations completed successfully.
2026-07-11 15:17:52,536 - inventory_backend.inventory_service - INFO - Bulk CSV import complete: 2 inserted, 0 updated.
2026-07-11 15:17:52,553 - inventory_backend.inventory_service - INFO - Bulk CSV import complete: 0 inserted, 2 updated.
2026-07-11 15:17:52,604 - inventory_backend.migrations - INFO - Running database migrations (current=0, target=1)...
2026-07-11 15:17:52,611 - inventory_backend.migrations - INFO - Database migrations completed successfully.
2026-07-11 15:17:52,633 - inventory_backend.inventory_service - WARNING - Attempted deactivation of non-existent product ID=999
2026-07-11 15:17:52,695 - inventory_backend.db_manager - INFO - Added product SKU=SKU-REAL with ID=1
2026-07-11 15:17:52,744 - inventory_backend.db_manager - ERROR - Transaction failed and was rolled back: Row 1: Product name 'Real Product' already exists in database with a different SKU.
Traceback (most recent call last):
  File "C:\Inventra\backend\database\db_manager.py", line 77, in transaction
    yield cursor
  File "C:\Inventra\backend\services\inventory_service.py", line 189, in bulk_csv_import
    raise DuplicateProductError(f"Row {idx+1}: Product name '{name}' already exists in database with a different SKU.")
backend.utils.validators.DuplicateProductError: Row 1: Product name 'Real Product' already exists in database with a different SKU.
2026-07-11 15:17:52,752 - inventory_backend.db_manager - ERROR - Database connection error: Row 1: Product name 'Real Product' already exists in database with a different SKU.
Traceback (most recent call last):
  File "C:\Inventra\backend\database\db_manager.py", line 54, in connection
    yield conn
  File "C:\Inventra\backend\database\db_manager.py", line 84, in transaction
    raise e
  File "C:\Inventra\backend\database\db_manager.py", line 77, in transaction
    yield cursor
  File "C:\Inventra\backend\services\inventory_service.py", line 189, in bulk_csv_import
    raise DuplicateProductError(f"Row {idx+1}: Product name '{name}' already exists in database with a different SKU.")
backend.utils.validators.DuplicateProductError: Row 1: Product name 'Real Product' already exists in database with a different SKU.
2026-07-11 15:17:52,762 - inventory_backend.inventory_service - ERROR - Bulk CSV import error: Database error: Row 1: Product name 'Real Product' already exists in database with a different SKU.
Traceback (most recent call last):
  File "C:\Inventra\backend\database\db_manager.py", line 54, in connection
    yield conn
  File "C:\Inventra\backend\database\db_manager.py", line 84, in transaction
    raise e
  File "C:\Inventra\backend\database\db_manager.py", line 77, in transaction
    yield cursor
  File "C:\Inventra\backend\services\inventory_service.py", line 189, in bulk_csv_import
    raise DuplicateProductError(f"Row {idx+1}: Product name '{name}' already exists in database with a different SKU.")
backend.utils.validators.DuplicateProductError: Row 1: Product name 'Real Product' already exists in database with a different SKU.

The above exception was the direct cause of the following exception:

Traceback (most recent call last):
  File "C:\Inventra\backend\services\inventory_service.py", line 157, in bulk_csv_import
    with self.db.transaction() as cursor:
         ~~~~~~~~~~~~~~~~~~~^^
  File "C:\Users\parmar jaimin\anaconda3\Lib\contextlib.py", line 162, in __exit__
    self.gen.throw(value)
    ~~~~~~~~~~~~~~^^^^^^^
  File "C:\Inventra\backend\database\db_manager.py", line 74, in transaction
    with self.connection() as conn:
         ~~~~~~~~~~~~~~~^^
  File "C:\Users\parmar jaimin\anaconda3\Lib\contextlib.py", line 162, in __exit__
    self.gen.throw(value)
    ~~~~~~~~~~~~~~^^^^^^^
  File "C:\Inventra\backend\database\db_manager.py", line 63, in connection
    raise DatabaseError(f"Database error: {e}") from e
backend.utils.validators.DatabaseError: Database error: Row 1: Product name 'Real Product' already exists in database with a different SKU.
2026-07-11 15:18:37,260 - inventory_backend.migrations - INFO - Running database migrations (current=0, target=1)...
2026-07-11 15:18:37,263 - inventory_backend.migrations - INFO - Database migrations completed successfully.
2026-07-11 15:18:37,282 - inventory_backend.migrations - INFO - Running database migrations (current=0, target=1)...
2026-07-11 15:18:37,286 - inventory_backend.migrations - INFO - Database migrations completed successfully.
2026-07-11 15:18:37,292 - inventory_backend.db_manager - INFO - Added product SKU=TEST-01 with ID=1
2026-07-11 15:18:37,299 - inventory_backend.db_manager - ERROR - Transaction failed and was rolled back: FOREIGN KEY constraint failed
Traceback (most recent call last):
  File "C:\Inventra\backend\database\db_manager.py", line 80, in transaction
    yield cursor
  File "C:\Inventra\backend\tests\test_database.py", line 55, in test_transaction_rollback
    cursor.execute("""
    ~~~~~~~~~~~~~~^^^^
        INSERT INTO stock_movements (product_id, movement_type, quantity, supplier_name, cost_per_unit, reason, movement_date, entered_by, created_at)
        ^^^^^^^^^^^^^^^^^^^^^^^^^^^^^^^^^^^^^^^^^^^^^^^^^^^^^^^^^^^^^^^^^^^^^^^^^^^^^^^^^^^^^^^^^^^^^^^^^^^^^^^^^^^^^^^^^^^^^^^^^^^^^^^^^^^^^^^^^^^^^^
        VALUES (999, 'IN', 5, 'Supplier', 5.0, 'Reason', '2026-07-11', NULL, datetime('now'));
        ^^^^^^^^^^^^^^^^^^^^^^^^^^^^^^^^^^^^^^^^^^^^^^^^^^^^^^^^^^^^^^^^^^^^^^^^^^^^^^^^^^^^^^
    """)
    ^^^^
sqlite3.IntegrityError: FOREIGN KEY constraint failed
2026-07-11 15:18:37,303 - inventory_backend.db_manager - ERROR - Database connection error: Database transaction failure: FOREIGN KEY constraint failed
Traceback (most recent call last):
  File "C:\Inventra\backend\database\db_manager.py", line 80, in transaction
    yield cursor
  File "C:\Inventra\backend\tests\test_database.py", line 55, in test_transaction_rollback
    cursor.execute("""
    ~~~~~~~~~~~~~~^^^^
        INSERT INTO stock_movements (product_id, movement_type, quantity, supplier_name, cost_per_unit, reason, movement_date, entered_by, created_at)
        ^^^^^^^^^^^^^^^^^^^^^^^^^^^^^^^^^^^^^^^^^^^^^^^^^^^^^^^^^^^^^^^^^^^^^^^^^^^^^^^^^^^^^^^^^^^^^^^^^^^^^^^^^^^^^^^^^^^^^^^^^^^^^^^^^^^^^^^^^^^^^^
        VALUES (999, 'IN', 5, 'Supplier', 5.0, 'Reason', '2026-07-11', NULL, datetime('now'));
        ^^^^^^^^^^^^^^^^^^^^^^^^^^^^^^^^^^^^^^^^^^^^^^^^^^^^^^^^^^^^^^^^^^^^^^^^^^^^^^^^^^^^^^
    """)
    ^^^^
sqlite3.IntegrityError: FOREIGN KEY constraint failed

The above exception was the direct cause of the following exception:

Traceback (most recent call last):
  File "C:\Inventra\backend\database\db_manager.py", line 54, in connection
    yield conn
  File "C:\Inventra\backend\database\db_manager.py", line 88, in transaction
    raise DatabaseError(f"Database transaction failure: {e}") from e
backend.utils.validators.DatabaseError: Database transaction failure: FOREIGN KEY constraint failed
2026-07-11 15:18:37,318 - inventory_backend.migrations - INFO - Running database migrations (current=0, target=1)...
2026-07-11 15:18:37,321 - inventory_backend.migrations - INFO - Database migrations completed successfully.
2026-07-11 15:18:37,326 - inventory_backend.db_manager - INFO - Added product SKU=SKU-1 with ID=1
2026-07-11 15:18:37,339 - inventory_backend.db_manager - INFO - Updated product ID=1, status=True
2026-07-11 15:18:37,348 - inventory_backend.db_manager - INFO - Deleted product ID=1, status=True
2026-07-11 15:18:37,365 - inventory_backend.migrations - INFO - Running database migrations (current=0, target=1)...
2026-07-11 15:18:37,369 - inventory_backend.migrations - INFO - Database migrations completed successfully.
2026-07-11 15:18:37,375 - inventory_backend.db_manager - INFO - Added product SKU=P1 with ID=1
2026-07-11 15:18:37,381 - inventory_backend.db_manager - INFO - Added daily entry ID=1 for product ID=1
2026-07-11 15:18:37,391 - inventory_backend.db_manager - INFO - Updated daily entry ID=1, status=True
2026-07-11 15:18:37,401 - inventory_backend.db_manager - INFO - Deleted daily entry ID=1, status=True
2026-07-11 15:18:37,418 - inventory_backend.migrations - INFO - Running database migrations (current=0, target=1)...
2026-07-11 15:18:37,422 - inventory_backend.migrations - INFO - Database migrations completed successfully.
2026-07-11 15:18:37,428 - inventory_backend.db_manager - INFO - Added product SKU=P1 with ID=1
2026-07-11 15:18:37,436 - inventory_backend.db_manager - INFO - Recorded movement ID=1 (OUT), delta=-5 for product ID=1
2026-07-11 15:18:37,469 - inventory_backend.migrations - INFO - Running database migrations (current=0, target=1)...
2026-07-11 15:18:37,472 - inventory_backend.migrations - INFO - Database migrations completed successfully.
2026-07-11 15:18:37,514 - inventory_backend.migrations - INFO - Running database migrations (current=0, target=1)...
2026-07-11 15:18:37,518 - inventory_backend.migrations - INFO - Database migrations completed successfully.
2026-07-11 15:18:37,525 - inventory_backend.db_manager - ERROR - Database connection error: no such table: nonexistent_table
Traceback (most recent call last):
  File "C:\Inventra\backend\database\db_manager.py", line 54, in connection
    yield conn
  File "C:\Inventra\backend\tests\test_database.py", line 204, in test_db_execute_error
    cursor.execute("SELECT * FROM nonexistent_table;")
    ~~~~~~~~~~~~~~^^^^^^^^^^^^^^^^^^^^^^^^^^^^^^^^^^^^
sqlite3.OperationalError: no such table: nonexistent_table
2026-07-11 15:18:38,874 - inventory_backend.forecasting - INFO - Moving Average fallback completed successfully
2026-07-11 15:18:38,885 - inventory_backend.forecasting - INFO - Linear Regression fallback completed successfully
2026-07-11 15:18:39,901 - inventory_backend.classifier - INFO - Classifier trained successfully. Train Accuracy: 100.00%
2026-07-11 15:18:39,934 - inventory_backend.evaluation - INFO - Forecast evaluation: MAPE=0.0500, RMSE=0.8165, R2=0.9600
2026-07-11 15:18:39,947 - inventory_backend.evaluation - INFO - Classification evaluation: Accuracy=0.6667, F1=0.5556
2026-07-11 15:18:39,968 - inventory_backend.model_manager - INFO - Retraining required: No existing models found.
2026-07-11 15:18:39,980 - inventory_backend.model_manager - INFO - Classifier and Scaler successfully saved to C:\Users\parmar jaimin\AppData\Local\Temp\pytest-of-parmar jaimin\pytest-11\test_model_manager0\models
2026-07-11 15:18:40,016 - inventory_backend.model_manager - INFO - Loaded pre-trained model and metadata from disk.
2026-07-11 15:18:40,016 - inventory_backend.model_manager - INFO - Skipping retraining: Data hash is unchanged, loaded cached model.
2026-07-11 15:18:40,023 - inventory_backend.model_manager - INFO - Loaded pre-trained model and metadata from disk.
2026-07-11 15:18:40,023 - inventory_backend.model_manager - INFO - Retraining required: Data hash changed (saved=hash1, new=hash2).
2026-07-11 15:18:40,028 - inventory_backend.model_manager - INFO - Loaded pre-trained model and metadata from disk.
2026-07-11 15:18:40,033 - inventory_backend.prediction_engine - WARNING - Sales history or product list is empty. Returning empty predictions.
2026-07-11 15:18:40,035 - inventory_backend.prediction_engine - INFO - Starting ML pipeline for 1 products...
2026-07-11 15:18:40,039 - inventory_backend.prediction_engine - INFO - Product SKU=COLD is in Cold Start (history=2 points, span=7 days).
2026-07-11 15:18:40,040 - inventory_backend.prediction_engine - INFO - ML Pipeline execution finished. Generated 1 predictions.
2026-07-11 15:18:40,052 - inventory_backend.migrations - INFO - Running database migrations (current=0, target=1)...
2026-07-11 15:18:40,055 - inventory_backend.migrations - INFO - Database migrations completed successfully.
2026-07-11 15:18:40,071 - inventory_backend.db_manager - INFO - Added product SKU=SKU-T1 with ID=1
2026-07-11 15:18:40,080 - inventory_backend.inventory_service - WARNING - Failed to add product: SKU 'SKU-T1' already exists.
2026-07-11 15:18:40,087 - inventory_backend.inventory_service - WARNING - Failed to add product: Name 'Bread' already exists.
2026-07-11 15:18:40,095 - inventory_backend.db_manager - INFO - Updated product ID=1, status=True
2026-07-11 15:18:40,114 - inventory_backend.inventory_service - INFO - Logically deactivated product SKU=SKU-T1
2026-07-11 15:18:40,143 - inventory_backend.migrations - INFO - Running database migrations (current=0, target=1)...
2026-07-11 15:18:40,148 - inventory_backend.migrations - INFO - Database migrations completed successfully.
2026-07-11 15:18:40,170 - inventory_backend.db_manager - INFO - Added product SKU=MILK-01 with ID=1
2026-07-11 15:18:40,186 - inventory_backend.db_manager - INFO - Recorded movement ID=1 (IN), delta=15 for product ID=1
2026-07-11 15:18:40,204 - inventory_backend.inventory_service - INFO - Weekly submission for SKU=MILK-01: Sales=17, PrevStock=10, Deliveries=15, NewStock=8
2026-07-11 15:18:40,232 - inventory_backend.migrations - INFO - Running database migrations (current=0, target=1)...
2026-07-11 15:18:40,237 - inventory_backend.migrations - INFO - Database migrations completed successfully.
2026-07-11 15:18:40,257 - inventory_backend.db_manager - INFO - Added product SKU=A-1 with ID=1
2026-07-11 15:18:40,274 - inventory_backend.db_manager - INFO - Added product SKU=B-2 with ID=2
2026-07-11 15:18:40,291 - inventory_backend.inventory_service - INFO - Weekly submission for SKU=A-1: Sales=10, PrevStock=20, Deliveries=0, NewStock=10
2026-07-11 15:18:40,307 - inventory_backend.inventory_service - INFO - Weekly submission for SKU=B-2: Sales=3, PrevStock=5, Deliveries=0, NewStock=2
2026-07-11 15:18:40,355 - inventory_backend.db_manager - INFO - Recorded movement ID=1 (IN), delta=10 for product ID=1
2026-07-11 15:18:40,398 - inventory_backend.migrations - INFO - Running database migrations (current=0, target=1)...
2026-07-11 15:18:40,404 - inventory_backend.migrations - INFO - Database migrations completed successfully.
2026-07-11 15:18:40,422 - inventory_backend.prediction_service - WARNING - No active products to run predictions for.
2026-07-11 15:18:40,434 - inventory_backend.db_manager - INFO - Added product SKU=A with ID=1
2026-07-11 15:18:40,455 - inventory_backend.prediction_service - WARNING - No sales history records in daily_entries. Pipeline cannot run.
2026-07-11 15:18:40,462 - inventory_backend.inventory_service - INFO - Weekly submission for SKU=A: Sales=5, PrevStock=20, Deliveries=0, NewStock=15
2026-07-11 15:18:40,476 - inventory_backend.inventory_service - INFO - Weekly submission for SKU=A: Sales=0, PrevStock=15, Deliveries=0, NewStock=15
2026-07-11 15:18:40,489 - inventory_backend.inventory_service - INFO - Weekly submission for SKU=A: Sales=0, PrevStock=15, Deliveries=0, NewStock=15
2026-07-11 15:18:40,502 - inventory_backend.inventory_service - INFO - Weekly submission for SKU=A: Sales=0, PrevStock=15, Deliveries=0, NewStock=15
2026-07-11 15:18:40,515 - inventory_backend.inventory_service - INFO - Weekly submission for SKU=A: Sales=0, PrevStock=15, Deliveries=0, NewStock=15
2026-07-11 15:18:40,536 - inventory_backend.prediction_engine - INFO - Starting ML pipeline for 1 products...
2026-07-11 15:18:40,702 - inventory_backend.model_manager - INFO - Loaded pre-trained model and metadata from disk.
2026-07-11 15:18:40,702 - inventory_backend.model_manager - INFO - Retraining required: Data hash changed (saved=hash1, new=4c33ba0780ee190b57a5821cd9e278810bd386b266b42cb1580528b8377bb218).
2026-07-11 15:18:41,004 - inventory_backend.classifier - INFO - Classifier trained successfully. Train Accuracy: 100.00%
2026-07-11 15:18:41,153 - inventory_backend.model_manager - INFO - Classifier and Scaler successfully saved to C:\Inventra\backend\saved_models
2026-07-11 15:18:41,173 - inventory_backend.forecasting - INFO - Linear Regression fallback completed successfully
2026-07-11 15:18:41,231 - inventory_backend.prediction_engine - INFO - ML Pipeline execution finished. Generated 1 predictions.
2026-07-11 15:18:41,268 - inventory_backend.prediction_engine - INFO - Starting ML pipeline for 1 products...
2026-07-11 15:18:41,277 - inventory_backend.prediction_engine - INFO - Product SKU=A is in Cold Start (history=2 points, span=1 days).
2026-07-11 15:18:41,279 - inventory_backend.prediction_engine - INFO - ML Pipeline execution finished. Generated 1 predictions.
2026-07-11 15:18:41,304 - inventory_backend.migrations - INFO - Running database migrations (current=0, target=1)...
2026-07-11 15:18:41,310 - inventory_backend.migrations - INFO - Database migrations completed successfully.
2026-07-11 15:18:41,354 - inventory_backend.inventory_service - INFO - Bulk CSV import complete: 2 inserted, 0 updated.
2026-07-11 15:18:41,371 - inventory_backend.inventory_service - INFO - Bulk CSV import complete: 0 inserted, 2 updated.
2026-07-11 15:18:41,416 - inventory_backend.migrations - INFO - Running database migrations (current=0, target=1)...
2026-07-11 15:18:41,423 - inventory_backend.migrations - INFO - Database migrations completed successfully.
2026-07-11 15:18:41,442 - inventory_backend.inventory_service - WARNING - Attempted deactivation of non-existent product ID=999
2026-07-11 15:18:41,469 - inventory_backend.db_manager - INFO - Added product SKU=SKU-REAL with ID=1
2026-07-11 15:18:41,491 - inventory_backend.db_manager - ERROR - Transaction failed and was rolled back: Row 1: Product name 'Real Product' already exists in database with a different SKU.
Traceback (most recent call last):
  File "C:\Inventra\backend\database\db_manager.py", line 80, in transaction
    yield cursor
  File "C:\Inventra\backend\services\inventory_service.py", line 189, in bulk_csv_import
    raise DuplicateProductError(f"Row {idx+1}: Product name '{name}' already exists in database with a different SKU.")
backend.utils.validators.DuplicateProductError: Row 1: Product name 'Real Product' already exists in database with a different SKU.
2026-07-11 15:19:20,597 - inventory_backend.migrations - INFO - Running database migrations (current=0, target=1)...
2026-07-11 15:19:20,603 - inventory_backend.migrations - INFO - Database migrations completed successfully.
2026-07-11 15:19:20,622 - inventory_backend.migrations - INFO - Running database migrations (current=0, target=1)...
2026-07-11 15:19:20,625 - inventory_backend.migrations - INFO - Database migrations completed successfully.
2026-07-11 15:19:20,634 - inventory_backend.db_manager - INFO - Added product SKU=TEST-01 with ID=1
2026-07-11 15:19:20,642 - inventory_backend.db_manager - ERROR - Transaction failed and was rolled back: FOREIGN KEY constraint failed
Traceback (most recent call last):
  File "C:\Inventra\backend\database\db_manager.py", line 80, in transaction
    yield cursor
  File "C:\Inventra\backend\tests\test_database.py", line 55, in test_transaction_rollback
    cursor.execute("""
    ~~~~~~~~~~~~~~^^^^
        INSERT INTO stock_movements (product_id, movement_type, quantity, supplier_name, cost_per_unit, reason, movement_date, entered_by, created_at)
        ^^^^^^^^^^^^^^^^^^^^^^^^^^^^^^^^^^^^^^^^^^^^^^^^^^^^^^^^^^^^^^^^^^^^^^^^^^^^^^^^^^^^^^^^^^^^^^^^^^^^^^^^^^^^^^^^^^^^^^^^^^^^^^^^^^^^^^^^^^^^^^
        VALUES (999, 'IN', 5, 'Supplier', 5.0, 'Reason', '2026-07-11', NULL, datetime('now'));
        ^^^^^^^^^^^^^^^^^^^^^^^^^^^^^^^^^^^^^^^^^^^^^^^^^^^^^^^^^^^^^^^^^^^^^^^^^^^^^^^^^^^^^^
    """)
    ^^^^
sqlite3.IntegrityError: FOREIGN KEY constraint failed
2026-07-11 15:19:20,646 - inventory_backend.db_manager - ERROR - Database connection error: Database transaction failure: FOREIGN KEY constraint failed
Traceback (most recent call last):
  File "C:\Inventra\backend\database\db_manager.py", line 80, in transaction
    yield cursor
  File "C:\Inventra\backend\tests\test_database.py", line 55, in test_transaction_rollback
    cursor.execute("""
    ~~~~~~~~~~~~~~^^^^
        INSERT INTO stock_movements (product_id, movement_type, quantity, supplier_name, cost_per_unit, reason, movement_date, entered_by, created_at)
        ^^^^^^^^^^^^^^^^^^^^^^^^^^^^^^^^^^^^^^^^^^^^^^^^^^^^^^^^^^^^^^^^^^^^^^^^^^^^^^^^^^^^^^^^^^^^^^^^^^^^^^^^^^^^^^^^^^^^^^^^^^^^^^^^^^^^^^^^^^^^^^
        VALUES (999, 'IN', 5, 'Supplier', 5.0, 'Reason', '2026-07-11', NULL, datetime('now'));
        ^^^^^^^^^^^^^^^^^^^^^^^^^^^^^^^^^^^^^^^^^^^^^^^^^^^^^^^^^^^^^^^^^^^^^^^^^^^^^^^^^^^^^^
    """)
    ^^^^
sqlite3.IntegrityError: FOREIGN KEY constraint failed

The above exception was the direct cause of the following exception:

Traceback (most recent call last):
  File "C:\Inventra\backend\database\db_manager.py", line 54, in connection
    yield conn
  File "C:\Inventra\backend\database\db_manager.py", line 88, in transaction
    raise DatabaseError(f"Database transaction failure: {e}") from e
backend.utils.validators.DatabaseError: Database transaction failure: FOREIGN KEY constraint failed
2026-07-11 15:19:20,663 - inventory_backend.migrations - INFO - Running database migrations (current=0, target=1)...
2026-07-11 15:19:20,667 - inventory_backend.migrations - INFO - Database migrations completed successfully.
2026-07-11 15:19:20,674 - inventory_backend.db_manager - INFO - Added product SKU=SKU-1 with ID=1
2026-07-11 15:19:20,688 - inventory_backend.db_manager - INFO - Updated product ID=1, status=True
2026-07-11 15:19:20,702 - inventory_backend.db_manager - INFO - Deleted product ID=1, status=True
2026-07-11 15:19:20,721 - inventory_backend.migrations - INFO - Running database migrations (current=0, target=1)...
2026-07-11 15:19:20,724 - inventory_backend.migrations - INFO - Database migrations completed successfully.
2026-07-11 15:19:20,731 - inventory_backend.db_manager - INFO - Added product SKU=P1 with ID=1
2026-07-11 15:19:20,740 - inventory_backend.db_manager - INFO - Added daily entry ID=1 for product ID=1
2026-07-11 15:19:20,754 - inventory_backend.db_manager - INFO - Updated daily entry ID=1, status=True
2026-07-11 15:19:20,764 - inventory_backend.db_manager - INFO - Deleted daily entry ID=1, status=True
2026-07-11 15:19:20,786 - inventory_backend.migrations - INFO - Running database migrations (current=0, target=1)...
2026-07-11 15:19:20,791 - inventory_backend.migrations - INFO - Database migrations completed successfully.
2026-07-11 15:19:20,801 - inventory_backend.db_manager - INFO - Added product SKU=P1 with ID=1
2026-07-11 15:19:20,813 - inventory_backend.db_manager - INFO - Recorded movement ID=1 (OUT), delta=-5 for product ID=1
2026-07-11 15:19:20,869 - inventory_backend.migrations - INFO - Running database migrations (current=0, target=1)...
2026-07-11 15:19:20,874 - inventory_backend.migrations - INFO - Database migrations completed successfully.
2026-07-11 15:19:20,949 - inventory_backend.migrations - INFO - Running database migrations (current=0, target=1)...
2026-07-11 15:19:20,955 - inventory_backend.migrations - INFO - Database migrations completed successfully.
2026-07-11 15:19:20,964 - inventory_backend.db_manager - ERROR - Database connection error: no such table: nonexistent_table
Traceback (most recent call last):
  File "C:\Inventra\backend\database\db_manager.py", line 54, in connection
    yield conn
  File "C:\Inventra\backend\tests\test_database.py", line 204, in test_db_execute_error
    cursor.execute("SELECT * FROM nonexistent_table;")
    ~~~~~~~~~~~~~~^^^^^^^^^^^^^^^^^^^^^^^^^^^^^^^^^^^^
sqlite3.OperationalError: no such table: nonexistent_table
2026-07-11 15:19:20,988 - inventory_backend.migrations - INFO - Running database migrations (current=0, target=1)...
2026-07-11 15:19:20,995 - inventory_backend.migrations - INFO - Database migrations completed successfully.
2026-07-11 15:19:21,020 - inventory_backend.db_manager - ERROR - Database connection error: unable to open database file
Traceback (most recent call last):
  File "C:\Inventra\backend\database\db_manager.py", line 45, in connection
    conn = sqlite3.connect(self.db_path)
sqlite3.OperationalError: unable to open database file
2026-07-11 15:19:21,022 - inventory_backend.db_manager - CRITICAL - Database initialization failed: Database error: unable to open database file
Traceback (most recent call last):
  File "C:\Inventra\backend\database\db_manager.py", line 45, in connection
    conn = sqlite3.connect(self.db_path)
sqlite3.OperationalError: unable to open database file

The above exception was the direct cause of the following exception:

Traceback (most recent call last):
  File "C:\Inventra\backend\database\db_manager.py", line 31, in _initialize_db
    with self.connection() as conn:
         ~~~~~~~~~~~~~~~^^
  File "C:\Users\parmar jaimin\anaconda3\Lib\contextlib.py", line 141, in __enter__
    return next(self.gen)
  File "C:\Inventra\backend\database\db_manager.py", line 66, in connection
    raise DatabaseError(f"Database error: {e}") from e
backend.utils.validators.DatabaseError: Database error: unable to open database file
2026-07-11 15:19:23,049 - inventory_backend.forecasting - INFO - Moving Average fallback completed successfully
2026-07-11 15:19:23,078 - inventory_backend.forecasting - INFO - Linear Regression fallback completed successfully
2026-07-11 15:19:24,231 - inventory_backend.classifier - INFO - Classifier trained successfully. Train Accuracy: 100.00%
2026-07-11 15:19:24,279 - inventory_backend.evaluation - INFO - Forecast evaluation: MAPE=0.0500, RMSE=0.8165, R2=0.9600
2026-07-11 15:19:24,294 - inventory_backend.evaluation - INFO - Classification evaluation: Accuracy=0.6667, F1=0.5556
2026-07-11 15:19:24,318 - inventory_backend.model_manager - INFO - Retraining required: No existing models found.
2026-07-11 15:19:24,332 - inventory_backend.model_manager - INFO - Classifier and Scaler successfully saved to C:\Users\parmar jaimin\AppData\Local\Temp\pytest-of-parmar jaimin\pytest-12\test_model_manager0\models
2026-07-11 15:19:24,375 - inventory_backend.model_manager - INFO - Loaded pre-trained model and metadata from disk.
2026-07-11 15:19:24,375 - inventory_backend.model_manager - INFO - Skipping retraining: Data hash is unchanged, loaded cached model.
2026-07-11 15:19:24,381 - inventory_backend.model_manager - INFO - Loaded pre-trained model and metadata from disk.
2026-07-11 15:19:24,381 - inventory_backend.model_manager - INFO - Retraining required: Data hash changed (saved=hash1, new=hash2).
2026-07-11 15:19:24,388 - inventory_backend.model_manager - INFO - Loaded pre-trained model and metadata from disk.
2026-07-11 15:19:24,392 - inventory_backend.prediction_engine - WARNING - Sales history or product list is empty. Returning empty predictions.
2026-07-11 15:19:24,393 - inventory_backend.prediction_engine - INFO - Starting ML pipeline for 1 products...
2026-07-11 15:19:24,397 - inventory_backend.prediction_engine - INFO - Product SKU=COLD is in Cold Start (history=2 points, span=7 days).
2026-07-11 15:19:24,399 - inventory_backend.prediction_engine - INFO - ML Pipeline execution finished. Generated 1 predictions.
2026-07-11 15:19:24,413 - inventory_backend.migrations - INFO - Running database migrations (current=0, target=1)...
2026-07-11 15:19:24,418 - inventory_backend.migrations - INFO - Database migrations completed successfully.
2026-07-11 15:19:24,432 - inventory_backend.db_manager - INFO - Added product SKU=SKU-T1 with ID=1
2026-07-11 15:19:24,443 - inventory_backend.inventory_service - WARNING - Failed to add product: SKU 'SKU-T1' already exists.
2026-07-11 15:19:24,449 - inventory_backend.inventory_service - WARNING - Failed to add product: Name 'Bread' already exists.
2026-07-11 15:19:24,458 - inventory_backend.db_manager - INFO - Updated product ID=1, status=True
2026-07-11 15:19:24,481 - inventory_backend.inventory_service - INFO - Logically deactivated product SKU=SKU-T1
2026-07-11 15:19:24,507 - inventory_backend.migrations - INFO - Running database migrations (current=0, target=1)...
2026-07-11 15:19:24,511 - inventory_backend.migrations - INFO - Database migrations completed successfully.
2026-07-11 15:19:24,528 - inventory_backend.db_manager - INFO - Added product SKU=MILK-01 with ID=1
2026-07-11 15:19:24,543 - inventory_backend.db_manager - INFO - Recorded movement ID=1 (IN), delta=15 for product ID=1
2026-07-11 15:19:24,559 - inventory_backend.inventory_service - INFO - Weekly submission for SKU=MILK-01: Sales=17, PrevStock=10, Deliveries=15, NewStock=8
2026-07-11 15:19:24,585 - inventory_backend.migrations - INFO - Running database migrations (current=0, target=1)...
2026-07-11 15:19:24,590 - inventory_backend.migrations - INFO - Database migrations completed successfully.
2026-07-11 15:19:24,606 - inventory_backend.db_manager - INFO - Added product SKU=A-1 with ID=1
2026-07-11 15:19:24,623 - inventory_backend.db_manager - INFO - Added product SKU=B-2 with ID=2
2026-07-11 15:19:24,636 - inventory_backend.inventory_service - INFO - Weekly submission for SKU=A-1: Sales=10, PrevStock=20, Deliveries=0, NewStock=10
2026-07-11 15:19:24,646 - inventory_backend.inventory_service - INFO - Weekly submission for SKU=B-2: Sales=3, PrevStock=5, Deliveries=0, NewStock=2
2026-07-11 15:19:24,684 - inventory_backend.db_manager - INFO - Recorded movement ID=1 (IN), delta=10 for product ID=1
2026-07-11 15:19:24,721 - inventory_backend.migrations - INFO - Running database migrations (current=0, target=1)...
2026-07-11 15:19:24,724 - inventory_backend.migrations - INFO - Database migrations completed successfully.
2026-07-11 15:19:24,738 - inventory_backend.prediction_service - WARNING - No active products to run predictions for.
2026-07-11 15:19:24,746 - inventory_backend.db_manager - INFO - Added product SKU=A with ID=1
2026-07-11 15:19:24,763 - inventory_backend.prediction_service - WARNING - No sales history records in daily_entries. Pipeline cannot run.
2026-07-11 15:19:24,770 - inventory_backend.inventory_service - INFO - Weekly submission for SKU=A: Sales=5, PrevStock=20, Deliveries=0, NewStock=15
2026-07-11 15:19:24,782 - inventory_backend.inventory_service - INFO - Weekly submission for SKU=A: Sales=0, PrevStock=15, Deliveries=0, NewStock=15
2026-07-11 15:19:24,795 - inventory_backend.inventory_service - INFO - Weekly submission for SKU=A: Sales=0, PrevStock=15, Deliveries=0, NewStock=15
2026-07-11 15:19:24,808 - inventory_backend.inventory_service - INFO - Weekly submission for SKU=A: Sales=0, PrevStock=15, Deliveries=0, NewStock=15
2026-07-11 15:19:24,821 - inventory_backend.inventory_service - INFO - Weekly submission for SKU=A: Sales=0, PrevStock=15, Deliveries=0, NewStock=15
2026-07-11 15:19:24,838 - inventory_backend.prediction_engine - INFO - Starting ML pipeline for 1 products...
2026-07-11 15:19:25,000 - inventory_backend.model_manager - INFO - Loaded pre-trained model and metadata from disk.
2026-07-11 15:19:25,001 - inventory_backend.model_manager - INFO - Retraining required: Data hash changed (saved=hash1, new=4c33ba0780ee190b57a5821cd9e278810bd386b266b42cb1580528b8377bb218).
2026-07-11 15:19:25,385 - inventory_backend.classifier - INFO - Classifier trained successfully. Train Accuracy: 100.00%
2026-07-11 15:19:25,653 - inventory_backend.model_manager - INFO - Classifier and Scaler successfully saved to C:\Inventra\backend\saved_models
2026-07-11 15:19:25,678 - inventory_backend.forecasting - INFO - Linear Regression fallback completed successfully
2026-07-11 15:19:25,732 - inventory_backend.prediction_engine - INFO - ML Pipeline execution finished. Generated 1 predictions.
2026-07-11 15:19:25,773 - inventory_backend.prediction_engine - INFO - Starting ML pipeline for 1 products...
2026-07-11 15:19:25,781 - inventory_backend.prediction_engine - INFO - Product SKU=A is in Cold Start (history=2 points, span=1 days).
2026-07-11 15:19:25,784 - inventory_backend.prediction_engine - INFO - ML Pipeline execution finished. Generated 1 predictions.
2026-07-11 15:19:25,818 - inventory_backend.migrations - INFO - Running database migrations (current=0, target=1)...
2026-07-11 15:19:25,827 - inventory_backend.migrations - INFO - Database migrations completed successfully.
2026-07-11 15:19:25,877 - inventory_backend.inventory_service - INFO - Bulk CSV import complete: 2 inserted, 0 updated.
2026-07-11 15:19:25,895 - inventory_backend.inventory_service - INFO - Bulk CSV import complete: 0 inserted, 2 updated.
2026-07-11 15:19:25,953 - inventory_backend.migrations - INFO - Running database migrations (current=0, target=1)...
2026-07-11 15:19:25,959 - inventory_backend.migrations - INFO - Database migrations completed successfully.
2026-07-11 15:19:25,978 - inventory_backend.inventory_service - WARNING - Attempted deactivation of non-existent product ID=999
2026-07-11 15:19:26,005 - inventory_backend.db_manager - INFO - Added product SKU=SKU-REAL with ID=1
2026-07-11 15:19:26,029 - inventory_backend.db_manager - ERROR - Transaction failed and was rolled back: Row 1: Product name 'Real Product' already exists in database with a different SKU.
Traceback (most recent call last):
  File "C:\Inventra\backend\database\db_manager.py", line 80, in transaction
    yield cursor
  File "C:\Inventra\backend\services\inventory_service.py", line 189, in bulk_csv_import
    raise DuplicateProductError(f"Row {idx+1}: Product name '{name}' already exists in database with a different SKU.")
backend.utils.validators.DuplicateProductError: Row 1: Product name 'Real Product' already exists in database with a different SKU.
2026-07-11 15:22:07,052 - inventory_backend.migrations - INFO - Running database migrations (current=0, target=1)...
2026-07-11 15:22:07,055 - inventory_backend.migrations - INFO - Database migrations completed successfully.
2026-07-11 15:22:07,068 - inventory_backend.db_manager - INFO - Added product SKU=APP-01 with ID=1
2026-07-11 15:22:07,081 - inventory_backend.db_manager - INFO - Added product SKU=ORG-02 with ID=2
2026-07-11 15:22:07,092 - inventory_backend.inventory_service - INFO - Weekly submission for SKU=APP-01: Sales=2, PrevStock=20, Deliveries=0, NewStock=18
2026-07-11 15:22:07,103 - inventory_backend.inventory_service - INFO - Weekly submission for SKU=ORG-02: Sales=1, PrevStock=5, Deliveries=0, NewStock=4
2026-07-11 15:22:07,115 - inventory_backend.inventory_service - INFO - Weekly submission for SKU=APP-01: Sales=3, PrevStock=18, Deliveries=0, NewStock=15
2026-07-11 15:22:07,125 - inventory_backend.inventory_service - INFO - Weekly submission for SKU=ORG-02: Sales=1, PrevStock=4, Deliveries=0, NewStock=3
2026-07-11 15:22:07,136 - inventory_backend.inventory_service - INFO - Weekly submission for SKU=APP-01: Sales=3, PrevStock=15, Deliveries=0, NewStock=12
2026-07-11 15:22:07,147 - inventory_backend.inventory_service - INFO - Weekly submission for SKU=ORG-02: Sales=1, PrevStock=3, Deliveries=0, NewStock=2
2026-07-11 15:22:07,157 - inventory_backend.inventory_service - INFO - Weekly submission for SKU=APP-01: Sales=2, PrevStock=12, Deliveries=0, NewStock=10
2026-07-11 15:22:07,169 - inventory_backend.db_manager - INFO - Recorded movement ID=1 (IN), delta=10 for product ID=2
2026-07-11 15:22:07,180 - inventory_backend.inventory_service - INFO - Weekly submission for SKU=ORG-02: Sales=4, PrevStock=2, Deliveries=10, NewStock=8
2026-07-11 15:22:07,192 - inventory_backend.inventory_service - INFO - Weekly submission for SKU=APP-01: Sales=2, PrevStock=10, Deliveries=0, NewStock=8
2026-07-11 15:22:07,202 - inventory_backend.inventory_service - INFO - Weekly submission for SKU=ORG-02: Sales=3, PrevStock=8, Deliveries=0, NewStock=5
2026-07-11 15:22:07,225 - inventory_backend.prediction_engine - INFO - Starting ML pipeline for 2 products...
2026-07-11 15:22:07,304 - inventory_backend.model_manager - INFO - Loaded pre-trained model and metadata from disk.
2026-07-11 15:22:07,304 - inventory_backend.model_manager - INFO - Retraining required: Data hash changed (saved=4c33ba0780ee190b57a5821cd9e278810bd386b266b42cb1580528b8377bb218, new=c96ab2a09bf172be6a6a301b4a56202cc4d2b0e35a75c85a0bb6791b2e0abc68).
2026-07-11 15:22:07,406 - inventory_backend.classifier - INFO - Classifier trained successfully. Train Accuracy: 100.00%
2026-07-11 15:22:07,433 - inventory_backend.model_manager - INFO - Classifier and Scaler successfully saved to C:\Inventra\backend\saved_models
2026-07-11 15:22:08,130 - inventory_backend.forecasting - INFO - Linear Regression fallback completed successfully
2026-07-11 15:22:08,146 - inventory_backend.forecasting - INFO - Linear Regression fallback completed successfully
2026-07-11 15:22:08,158 - inventory_backend.prediction_engine - INFO - ML Pipeline execution finished. Generated 2 predictions.
2026-07-11 15:48:27,401 - inventory_backend.migrations - INFO - Running database migrations (current=0, target=1)...
2026-07-11 15:48:27,402 - inventory_backend.migrations - INFO - Database migrations completed successfully.
2026-07-11 15:48:27,404 - inventory_backend.migrations - INFO - Running database migrations (current=0, target=1)...
2026-07-11 15:48:27,404 - inventory_backend.migrations - INFO - Database migrations completed successfully.
2026-07-11 15:48:27,405 - inventory_backend.db_manager - INFO - Added product SKU=TEST-01 with ID=1
2026-07-11 15:48:27,406 - inventory_backend.db_manager - ERROR - Transaction failed and was rolled back: FOREIGN KEY constraint failed
Traceback (most recent call last):
  File "/Users/ghoriommukeshbai/Desktop/research paper/model/Inventra/backend/database/db_manager.py", line 80, in transaction
    yield cursor
  File "/Users/ghoriommukeshbai/Desktop/research paper/model/Inventra/backend/tests/test_database.py", line 55, in test_transaction_rollback
    cursor.execute("""
    ~~~~~~~~~~~~~~^^^^
        INSERT INTO stock_movements (product_id, movement_type, quantity, supplier_name, cost_per_unit, reason, movement_date, entered_by, created_at)
        ^^^^^^^^^^^^^^^^^^^^^^^^^^^^^^^^^^^^^^^^^^^^^^^^^^^^^^^^^^^^^^^^^^^^^^^^^^^^^^^^^^^^^^^^^^^^^^^^^^^^^^^^^^^^^^^^^^^^^^^^^^^^^^^^^^^^^^^^^^^^^^
        VALUES (999, 'IN', 5, 'Supplier', 5.0, 'Reason', '2026-07-11', NULL, datetime('now'));
        ^^^^^^^^^^^^^^^^^^^^^^^^^^^^^^^^^^^^^^^^^^^^^^^^^^^^^^^^^^^^^^^^^^^^^^^^^^^^^^^^^^^^^^
    """)
    ^^^^
sqlite3.IntegrityError: FOREIGN KEY constraint failed
2026-07-11 15:48:27,407 - inventory_backend.db_manager - ERROR - Database connection error: Database transaction failure: FOREIGN KEY constraint failed
Traceback (most recent call last):
  File "/Users/ghoriommukeshbai/Desktop/research paper/model/Inventra/backend/database/db_manager.py", line 80, in transaction
    yield cursor
  File "/Users/ghoriommukeshbai/Desktop/research paper/model/Inventra/backend/tests/test_database.py", line 55, in test_transaction_rollback
    cursor.execute("""
    ~~~~~~~~~~~~~~^^^^
        INSERT INTO stock_movements (product_id, movement_type, quantity, supplier_name, cost_per_unit, reason, movement_date, entered_by, created_at)
        ^^^^^^^^^^^^^^^^^^^^^^^^^^^^^^^^^^^^^^^^^^^^^^^^^^^^^^^^^^^^^^^^^^^^^^^^^^^^^^^^^^^^^^^^^^^^^^^^^^^^^^^^^^^^^^^^^^^^^^^^^^^^^^^^^^^^^^^^^^^^^^
        VALUES (999, 'IN', 5, 'Supplier', 5.0, 'Reason', '2026-07-11', NULL, datetime('now'));
        ^^^^^^^^^^^^^^^^^^^^^^^^^^^^^^^^^^^^^^^^^^^^^^^^^^^^^^^^^^^^^^^^^^^^^^^^^^^^^^^^^^^^^^
    """)
    ^^^^
sqlite3.IntegrityError: FOREIGN KEY constraint failed

The above exception was the direct cause of the following exception:

Traceback (most recent call last):
  File "/Users/ghoriommukeshbai/Desktop/research paper/model/Inventra/backend/database/db_manager.py", line 54, in connection
    yield conn
  File "/Users/ghoriommukeshbai/Desktop/research paper/model/Inventra/backend/database/db_manager.py", line 88, in transaction
    raise DatabaseError(f"Database transaction failure: {e}") from e
backend.utils.validators.DatabaseError: Database transaction failure: FOREIGN KEY constraint failed
2026-07-11 15:48:27,409 - inventory_backend.migrations - INFO - Running database migrations (current=0, target=1)...
2026-07-11 15:48:27,409 - inventory_backend.migrations - INFO - Database migrations completed successfully.
2026-07-11 15:48:27,410 - inventory_backend.db_manager - INFO - Added product SKU=SKU-1 with ID=1
2026-07-11 15:48:27,411 - inventory_backend.db_manager - INFO - Updated product ID=1, status=True
2026-07-11 15:48:27,413 - inventory_backend.db_manager - INFO - Deleted product ID=1, status=True
2026-07-11 15:48:27,415 - inventory_backend.migrations - INFO - Running database migrations (current=0, target=1)...
2026-07-11 15:48:27,415 - inventory_backend.migrations - INFO - Database migrations completed successfully.
2026-07-11 15:48:27,416 - inventory_backend.db_manager - INFO - Added product SKU=P1 with ID=1
2026-07-11 15:48:27,416 - inventory_backend.db_manager - INFO - Added daily entry ID=1 for product ID=1
2026-07-11 15:48:27,418 - inventory_backend.db_manager - INFO - Updated daily entry ID=1, status=True
2026-07-11 15:48:27,419 - inventory_backend.db_manager - INFO - Deleted daily entry ID=1, status=True
2026-07-11 15:48:27,420 - inventory_backend.migrations - INFO - Running database migrations (current=0, target=1)...
2026-07-11 15:48:27,421 - inventory_backend.migrations - INFO - Database migrations completed successfully.
2026-07-11 15:48:27,421 - inventory_backend.db_manager - INFO - Added product SKU=P1 with ID=1
2026-07-11 15:48:27,422 - inventory_backend.db_manager - INFO - Recorded movement ID=1 (OUT), delta=-5 for product ID=1
2026-07-11 15:48:27,426 - inventory_backend.migrations - INFO - Running database migrations (current=0, target=1)...
2026-07-11 15:48:27,426 - inventory_backend.migrations - INFO - Database migrations completed successfully.
2026-07-11 15:48:27,430 - inventory_backend.migrations - INFO - Running database migrations (current=0, target=1)...
2026-07-11 15:48:27,430 - inventory_backend.migrations - INFO - Database migrations completed successfully.
2026-07-11 15:48:27,431 - inventory_backend.db_manager - ERROR - Database connection error: no such table: nonexistent_table
Traceback (most recent call last):
  File "/Users/ghoriommukeshbai/Desktop/research paper/model/Inventra/backend/database/db_manager.py", line 54, in connection
    yield conn
  File "/Users/ghoriommukeshbai/Desktop/research paper/model/Inventra/backend/tests/test_database.py", line 204, in test_db_execute_error
    cursor.execute("SELECT * FROM nonexistent_table;")
    ~~~~~~~~~~~~~~^^^^^^^^^^^^^^^^^^^^^^^^^^^^^^^^^^^^
sqlite3.OperationalError: no such table: nonexistent_table
2026-07-11 15:48:27,432 - inventory_backend.migrations - INFO - Running database migrations (current=0, target=1)...
2026-07-11 15:48:27,432 - inventory_backend.migrations - INFO - Database migrations completed successfully.
2026-07-11 15:48:27,434 - inventory_backend.migrations - INFO - Running database migrations (current=0, target=1)...
2026-07-11 15:48:27,434 - inventory_backend.migrations - INFO - Database migrations completed successfully.
2026-07-11 15:48:27,938 - inventory_backend.forecasting - INFO - Moving Average fallback completed successfully
2026-07-11 15:48:27,951 - inventory_backend.forecasting - INFO - Linear Regression fallback completed successfully
2026-07-11 15:48:28,574 - inventory_backend.classifier - INFO - Classifier trained successfully. Train Accuracy: 100.00%
2026-07-11 15:48:28,580 - inventory_backend.evaluation - INFO - Forecast evaluation: MAPE=0.0500, RMSE=0.8165, R2=0.9600
2026-07-11 15:48:28,582 - inventory_backend.evaluation - INFO - Classification evaluation: Accuracy=0.6667, F1=0.5556
2026-07-11 15:48:28,585 - inventory_backend.model_manager - INFO - Retraining required: No existing models found.
2026-07-11 15:48:28,586 - inventory_backend.model_manager - INFO - Classifier and Scaler successfully saved to /private/var/folders/9t/_d31_z194q5g1mykg6m706hh0000gn/T/pytest-of-ghoriommukeshbai/pytest-0/test_model_manager0/models
2026-07-11 15:48:28,587 - inventory_backend.model_manager - INFO - Loaded pre-trained model and metadata from disk.
2026-07-11 15:48:28,587 - inventory_backend.model_manager - INFO - Skipping retraining: Data hash is unchanged, loaded cached model.
2026-07-11 15:48:28,587 - inventory_backend.model_manager - INFO - Loaded pre-trained model and metadata from disk.
2026-07-11 15:48:28,587 - inventory_backend.model_manager - INFO - Retraining required: Data hash changed (saved=hash1, new=hash2).
2026-07-11 15:48:28,588 - inventory_backend.model_manager - INFO - Loaded pre-trained model and metadata from disk.
2026-07-11 15:48:28,588 - inventory_backend.prediction_engine - WARNING - Sales history or product list is empty. Returning empty predictions.
2026-07-11 15:48:28,588 - inventory_backend.prediction_engine - INFO - Starting ML pipeline for 1 products...
2026-07-11 15:48:28,589 - inventory_backend.prediction_engine - INFO - Product SKU=COLD is in Cold Start (history=2 points, span=7 days).
2026-07-11 15:48:28,589 - inventory_backend.prediction_engine - INFO - ML Pipeline execution finished. Generated 1 predictions.
2026-07-11 15:48:28,590 - inventory_backend.migrations - INFO - Running database migrations (current=0, target=1)...
2026-07-11 15:48:28,591 - inventory_backend.migrations - INFO - Database migrations completed successfully.
2026-07-11 15:48:28,592 - inventory_backend.db_manager - INFO - Added product SKU=SKU-T1 with ID=1
2026-07-11 15:48:28,593 - inventory_backend.inventory_service - WARNING - Failed to add product: SKU 'SKU-T1' already exists.
2026-07-11 15:48:28,594 - inventory_backend.inventory_service - WARNING - Failed to add product: Name 'Bread' already exists.
2026-07-11 15:48:28,600 - inventory_backend.db_manager - INFO - Updated product ID=1, status=True
2026-07-11 15:48:28,603 - inventory_backend.inventory_service - INFO - Logically deactivated product SKU=SKU-T1
2026-07-11 15:48:28,605 - inventory_backend.migrations - INFO - Running database migrations (current=0, target=1)...
2026-07-11 15:48:28,606 - inventory_backend.migrations - INFO - Database migrations completed successfully.
2026-07-11 15:48:28,607 - inventory_backend.db_manager - INFO - Added product SKU=MILK-01 with ID=1
2026-07-11 15:48:28,608 - inventory_backend.db_manager - INFO - Recorded movement ID=1 (IN), delta=15 for product ID=1
2026-07-11 15:48:28,609 - inventory_backend.inventory_service - INFO - Weekly submission for SKU=MILK-01: Sales=17, PrevStock=10, Deliveries=15, NewStock=8
2026-07-11 15:48:28,611 - inventory_backend.migrations - INFO - Running database migrations (current=0, target=1)...
2026-07-11 15:48:28,612 - inventory_backend.migrations - INFO - Database migrations completed successfully.
2026-07-11 15:48:28,613 - inventory_backend.db_manager - INFO - Added product SKU=A-1 with ID=1
2026-07-11 15:48:28,615 - inventory_backend.db_manager - INFO - Added product SKU=B-2 with ID=2
2026-07-11 15:48:28,616 - inventory_backend.inventory_service - INFO - Weekly submission for SKU=A-1: Sales=10, PrevStock=20, Deliveries=0, NewStock=10
2026-07-11 15:48:28,617 - inventory_backend.inventory_service - INFO - Weekly submission for SKU=B-2: Sales=3, PrevStock=5, Deliveries=0, NewStock=2
2026-07-11 15:48:28,620 - inventory_backend.db_manager - INFO - Recorded movement ID=1 (IN), delta=10 for product ID=1
2026-07-11 15:48:28,623 - inventory_backend.migrations - INFO - Running database migrations (current=0, target=1)...
2026-07-11 15:48:28,623 - inventory_backend.migrations - INFO - Database migrations completed successfully.
2026-07-11 15:48:28,624 - inventory_backend.prediction_service - WARNING - No active products to run predictions for.
2026-07-11 15:48:28,625 - inventory_backend.db_manager - INFO - Added product SKU=A with ID=1
2026-07-11 15:48:28,626 - inventory_backend.prediction_service - WARNING - No sales history records in daily_entries. Pipeline cannot run.
2026-07-11 15:48:28,627 - inventory_backend.inventory_service - INFO - Weekly submission for SKU=A: Sales=5, PrevStock=20, Deliveries=0, NewStock=15
2026-07-11 15:48:28,628 - inventory_backend.inventory_service - INFO - Weekly submission for SKU=A: Sales=0, PrevStock=15, Deliveries=0, NewStock=15
2026-07-11 15:48:28,628 - inventory_backend.inventory_service - INFO - Weekly submission for SKU=A: Sales=0, PrevStock=15, Deliveries=0, NewStock=15
2026-07-11 15:48:28,629 - inventory_backend.inventory_service - INFO - Weekly submission for SKU=A: Sales=0, PrevStock=15, Deliveries=0, NewStock=15
2026-07-11 15:48:28,630 - inventory_backend.inventory_service - INFO - Weekly submission for SKU=A: Sales=0, PrevStock=15, Deliveries=0, NewStock=15
2026-07-11 15:48:28,632 - inventory_backend.prediction_engine - INFO - Starting ML pipeline for 1 products...
2026-07-11 15:48:28,649 - inventory_backend.model_manager - INFO - Loaded pre-trained model and metadata from disk.
2026-07-11 15:48:28,649 - inventory_backend.model_manager - INFO - Retraining required: Data hash changed (saved=hash1, new=4c33ba0780ee190b57a5821cd9e278810bd386b266b42cb1580528b8377bb218).
2026-07-11 15:48:28,686 - inventory_backend.classifier - INFO - Classifier trained successfully. Train Accuracy: 100.00%
2026-07-11 15:48:28,695 - inventory_backend.model_manager - INFO - Classifier and Scaler successfully saved to /Users/ghoriommukeshbai/Desktop/research paper/model/Inventra/backend/saved_models
2026-07-11 15:48:28,697 - inventory_backend.forecasting - INFO - Linear Regression fallback completed successfully
2026-07-11 15:48:28,701 - inventory_backend.prediction_engine - INFO - ML Pipeline execution finished. Generated 1 predictions.
2026-07-11 15:48:28,702 - inventory_backend.prediction_engine - INFO - Starting ML pipeline for 1 products...
2026-07-11 15:48:28,702 - inventory_backend.prediction_engine - INFO - Product SKU=A is in Cold Start (history=2 points, span=1 days).
2026-07-11 15:48:28,703 - inventory_backend.prediction_engine - INFO - ML Pipeline execution finished. Generated 1 predictions.
2026-07-11 15:48:28,705 - inventory_backend.migrations - INFO - Running database migrations (current=0, target=1)...
2026-07-11 15:48:28,705 - inventory_backend.migrations - INFO - Database migrations completed successfully.
2026-07-11 15:48:28,709 - inventory_backend.inventory_service - INFO - Bulk CSV import complete: 2 inserted, 0 updated.
2026-07-11 15:48:28,710 - inventory_backend.inventory_service - INFO - Bulk CSV import complete: 0 inserted, 2 updated.
2026-07-11 15:48:28,712 - inventory_backend.migrations - INFO - Running database migrations (current=0, target=1)...
2026-07-11 15:48:28,713 - inventory_backend.migrations - INFO - Database migrations completed successfully.
2026-07-11 15:48:28,714 - inventory_backend.inventory_service - WARNING - Attempted deactivation of non-existent product ID=999
2026-07-11 15:48:28,716 - inventory_backend.db_manager - INFO - Added product SKU=SKU-REAL with ID=1
2026-07-11 15:48:28,717 - inventory_backend.db_manager - ERROR - Transaction failed and was rolled back: Row 1: Product name 'Real Product' already exists in database with a different SKU.
Traceback (most recent call last):
  File "/Users/ghoriommukeshbai/Desktop/research paper/model/Inventra/backend/database/db_manager.py", line 80, in transaction
    yield cursor
  File "/Users/ghoriommukeshbai/Desktop/research paper/model/Inventra/backend/services/inventory_service.py", line 189, in bulk_csv_import
    raise DuplicateProductError(f"Row {idx+1}: Product name '{name}' already exists in database with a different SKU.")
backend.utils.validators.DuplicateProductError: Row 1: Product name 'Real Product' already exists in database with a different SKU.
2026-07-11 15:48:41,897 - inventory_backend.migrations - INFO - Running database migrations (current=0, target=1)...
2026-07-11 15:48:41,898 - inventory_backend.migrations - INFO - Database migrations completed successfully.
2026-07-11 15:48:41,899 - inventory_backend.migrations - INFO - Running database migrations (current=0, target=1)...
2026-07-11 15:48:41,900 - inventory_backend.migrations - INFO - Database migrations completed successfully.
2026-07-11 15:48:41,900 - inventory_backend.db_manager - INFO - Added product SKU=TEST-01 with ID=1
2026-07-11 15:48:41,901 - inventory_backend.db_manager - ERROR - Transaction failed and was rolled back: FOREIGN KEY constraint failed
Traceback (most recent call last):
  File "/Users/ghoriommukeshbai/Desktop/research paper/model/Inventra/backend/database/db_manager.py", line 80, in transaction
    yield cursor
  File "/Users/ghoriommukeshbai/Desktop/research paper/model/Inventra/backend/tests/test_database.py", line 55, in test_transaction_rollback
    cursor.execute("""
    ~~~~~~~~~~~~~~^^^^
        INSERT INTO stock_movements (product_id, movement_type, quantity, supplier_name, cost_per_unit, reason, movement_date, entered_by, created_at)
        ^^^^^^^^^^^^^^^^^^^^^^^^^^^^^^^^^^^^^^^^^^^^^^^^^^^^^^^^^^^^^^^^^^^^^^^^^^^^^^^^^^^^^^^^^^^^^^^^^^^^^^^^^^^^^^^^^^^^^^^^^^^^^^^^^^^^^^^^^^^^^^
        VALUES (999, 'IN', 5, 'Supplier', 5.0, 'Reason', '2026-07-11', NULL, datetime('now'));
        ^^^^^^^^^^^^^^^^^^^^^^^^^^^^^^^^^^^^^^^^^^^^^^^^^^^^^^^^^^^^^^^^^^^^^^^^^^^^^^^^^^^^^^
    """)
    ^^^^
sqlite3.IntegrityError: FOREIGN KEY constraint failed
2026-07-11 15:48:41,902 - inventory_backend.db_manager - ERROR - Database connection error: Database transaction failure: FOREIGN KEY constraint failed
Traceback (most recent call last):
  File "/Users/ghoriommukeshbai/Desktop/research paper/model/Inventra/backend/database/db_manager.py", line 80, in transaction
    yield cursor
  File "/Users/ghoriommukeshbai/Desktop/research paper/model/Inventra/backend/tests/test_database.py", line 55, in test_transaction_rollback
    cursor.execute("""
    ~~~~~~~~~~~~~~^^^^
        INSERT INTO stock_movements (product_id, movement_type, quantity, supplier_name, cost_per_unit, reason, movement_date, entered_by, created_at)
        ^^^^^^^^^^^^^^^^^^^^^^^^^^^^^^^^^^^^^^^^^^^^^^^^^^^^^^^^^^^^^^^^^^^^^^^^^^^^^^^^^^^^^^^^^^^^^^^^^^^^^^^^^^^^^^^^^^^^^^^^^^^^^^^^^^^^^^^^^^^^^^
        VALUES (999, 'IN', 5, 'Supplier', 5.0, 'Reason', '2026-07-11', NULL, datetime('now'));
        ^^^^^^^^^^^^^^^^^^^^^^^^^^^^^^^^^^^^^^^^^^^^^^^^^^^^^^^^^^^^^^^^^^^^^^^^^^^^^^^^^^^^^^
    """)
    ^^^^
sqlite3.IntegrityError: FOREIGN KEY constraint failed

The above exception was the direct cause of the following exception:

Traceback (most recent call last):
  File "/Users/ghoriommukeshbai/Desktop/research paper/model/Inventra/backend/database/db_manager.py", line 54, in connection
    yield conn
  File "/Users/ghoriommukeshbai/Desktop/research paper/model/Inventra/backend/database/db_manager.py", line 88, in transaction
    raise DatabaseError(f"Database transaction failure: {e}") from e
backend.utils.validators.DatabaseError: Database transaction failure: FOREIGN KEY constraint failed
2026-07-11 15:48:41,904 - inventory_backend.migrations - INFO - Running database migrations (current=0, target=1)...
2026-07-11 15:48:41,904 - inventory_backend.migrations - INFO - Database migrations completed successfully.
2026-07-11 15:48:41,905 - inventory_backend.db_manager - INFO - Added product SKU=SKU-1 with ID=1
2026-07-11 15:48:41,906 - inventory_backend.db_manager - INFO - Updated product ID=1, status=True
2026-07-11 15:48:41,907 - inventory_backend.db_manager - INFO - Deleted product ID=1, status=True
2026-07-11 15:48:41,909 - inventory_backend.migrations - INFO - Running database migrations (current=0, target=1)...
2026-07-11 15:48:41,909 - inventory_backend.migrations - INFO - Database migrations completed successfully.
2026-07-11 15:48:41,910 - inventory_backend.db_manager - INFO - Added product SKU=P1 with ID=1
2026-07-11 15:48:41,911 - inventory_backend.db_manager - INFO - Added daily entry ID=1 for product ID=1
2026-07-11 15:48:41,913 - inventory_backend.db_manager - INFO - Updated daily entry ID=1, status=True
2026-07-11 15:48:41,914 - inventory_backend.db_manager - INFO - Deleted daily entry ID=1, status=True
2026-07-11 15:48:41,916 - inventory_backend.migrations - INFO - Running database migrations (current=0, target=1)...
2026-07-11 15:48:41,916 - inventory_backend.migrations - INFO - Database migrations completed successfully.
2026-07-11 15:48:41,917 - inventory_backend.db_manager - INFO - Added product SKU=P1 with ID=1
2026-07-11 15:48:41,917 - inventory_backend.db_manager - INFO - Recorded movement ID=1 (OUT), delta=-5 for product ID=1
2026-07-11 15:48:41,921 - inventory_backend.migrations - INFO - Running database migrations (current=0, target=1)...
2026-07-11 15:48:41,921 - inventory_backend.migrations - INFO - Database migrations completed successfully.
2026-07-11 15:48:41,925 - inventory_backend.migrations - INFO - Running database migrations (current=0, target=1)...
2026-07-11 15:48:41,926 - inventory_backend.migrations - INFO - Database migrations completed successfully.
2026-07-11 15:48:41,926 - inventory_backend.db_manager - ERROR - Database connection error: no such table: nonexistent_table
Traceback (most recent call last):
  File "/Users/ghoriommukeshbai/Desktop/research paper/model/Inventra/backend/database/db_manager.py", line 54, in connection
    yield conn
  File "/Users/ghoriommukeshbai/Desktop/research paper/model/Inventra/backend/tests/test_database.py", line 204, in test_db_execute_error
    cursor.execute("SELECT * FROM nonexistent_table;")
    ~~~~~~~~~~~~~~^^^^^^^^^^^^^^^^^^^^^^^^^^^^^^^^^^^^
sqlite3.OperationalError: no such table: nonexistent_table
2026-07-11 15:48:41,927 - inventory_backend.migrations - INFO - Running database migrations (current=0, target=1)...
2026-07-11 15:48:41,928 - inventory_backend.migrations - INFO - Database migrations completed successfully.
2026-07-11 15:48:41,929 - inventory_backend.db_manager - ERROR - Database connection error: unable to open database file
Traceback (most recent call last):
  File "/Users/ghoriommukeshbai/Desktop/research paper/model/Inventra/backend/database/db_manager.py", line 45, in connection
    conn = sqlite3.connect(self.db_path)
sqlite3.OperationalError: unable to open database file
2026-07-11 15:48:41,929 - inventory_backend.db_manager - CRITICAL - Database initialization failed: Database error: unable to open database file
Traceback (most recent call last):
  File "/Users/ghoriommukeshbai/Desktop/research paper/model/Inventra/backend/database/db_manager.py", line 45, in connection
    conn = sqlite3.connect(self.db_path)
sqlite3.OperationalError: unable to open database file

The above exception was the direct cause of the following exception:

Traceback (most recent call last):
  File "/Users/ghoriommukeshbai/Desktop/research paper/model/Inventra/backend/database/db_manager.py", line 31, in _initialize_db
    with self.connection() as conn:
         ~~~~~~~~~~~~~~~^^
  File "/opt/homebrew/Cellar/python@3.13/3.13.7/Frameworks/Python.framework/Versions/3.13/lib/python3.13/contextlib.py", line 141, in __enter__
    return next(self.gen)
  File "/Users/ghoriommukeshbai/Desktop/research paper/model/Inventra/backend/database/db_manager.py", line 66, in connection
    raise DatabaseError(f"Database error: {e}") from e
backend.utils.validators.DatabaseError: Database error: unable to open database file
2026-07-11 15:48:42,151 - inventory_backend.forecasting - INFO - Moving Average fallback completed successfully
2026-07-11 15:48:42,161 - inventory_backend.forecasting - INFO - Linear Regression fallback completed successfully
2026-07-11 15:48:42,283 - inventory_backend.classifier - INFO - Classifier trained successfully. Train Accuracy: 100.00%
2026-07-11 15:48:42,289 - inventory_backend.evaluation - INFO - Forecast evaluation: MAPE=0.0500, RMSE=0.8165, R2=0.9600
2026-07-11 15:48:42,290 - inventory_backend.evaluation - INFO - Classification evaluation: Accuracy=0.6667, F1=0.5556
2026-07-11 15:48:42,294 - inventory_backend.model_manager - INFO - Retraining required: No existing models found.
2026-07-11 15:48:42,295 - inventory_backend.model_manager - INFO - Classifier and Scaler successfully saved to /private/var/folders/9t/_d31_z194q5g1mykg6m706hh0000gn/T/pytest-of-ghoriommukeshbai/pytest-1/test_model_manager0/models
2026-07-11 15:48:42,296 - inventory_backend.model_manager - INFO - Loaded pre-trained model and metadata from disk.
2026-07-11 15:48:42,296 - inventory_backend.model_manager - INFO - Skipping retraining: Data hash is unchanged, loaded cached model.
2026-07-11 15:48:42,296 - inventory_backend.model_manager - INFO - Loaded pre-trained model and metadata from disk.
2026-07-11 15:48:42,296 - inventory_backend.model_manager - INFO - Retraining required: Data hash changed (saved=hash1, new=hash2).
2026-07-11 15:48:42,297 - inventory_backend.model_manager - INFO - Loaded pre-trained model and metadata from disk.
2026-07-11 15:48:42,298 - inventory_backend.prediction_engine - WARNING - Sales history or product list is empty. Returning empty predictions.
2026-07-11 15:48:42,298 - inventory_backend.prediction_engine - INFO - Starting ML pipeline for 1 products...
2026-07-11 15:48:42,299 - inventory_backend.prediction_engine - INFO - Product SKU=COLD is in Cold Start (history=2 points, span=7 days).
2026-07-11 15:48:42,299 - inventory_backend.prediction_engine - INFO - ML Pipeline execution finished. Generated 1 predictions.
2026-07-11 15:48:42,300 - inventory_backend.migrations - INFO - Running database migrations (current=0, target=1)...
2026-07-11 15:48:42,300 - inventory_backend.migrations - INFO - Database migrations completed successfully.
2026-07-11 15:48:42,302 - inventory_backend.db_manager - INFO - Added product SKU=SKU-T1 with ID=1
2026-07-11 15:48:42,302 - inventory_backend.inventory_service - WARNING - Failed to add product: SKU 'SKU-T1' already exists.
2026-07-11 15:48:42,303 - inventory_backend.inventory_service - WARNING - Failed to add product: Name 'Bread' already exists.
2026-07-11 15:48:42,304 - inventory_backend.db_manager - INFO - Updated product ID=1, status=True
2026-07-11 15:48:42,306 - inventory_backend.inventory_service - INFO - Logically deactivated product SKU=SKU-T1
2026-07-11 15:48:42,308 - inventory_backend.migrations - INFO - Running database migrations (current=0, target=1)...
2026-07-11 15:48:42,308 - inventory_backend.migrations - INFO - Database migrations completed successfully.
2026-07-11 15:48:42,309 - inventory_backend.db_manager - INFO - Added product SKU=MILK-01 with ID=1
2026-07-11 15:48:42,310 - inventory_backend.db_manager - INFO - Recorded movement ID=1 (IN), delta=15 for product ID=1
2026-07-11 15:48:42,312 - inventory_backend.inventory_service - INFO - Weekly submission for SKU=MILK-01: Sales=17, PrevStock=10, Deliveries=15, NewStock=8
2026-07-11 15:48:42,314 - inventory_backend.migrations - INFO - Running database migrations (current=0, target=1)...
2026-07-11 15:48:42,314 - inventory_backend.migrations - INFO - Database migrations completed successfully.
2026-07-11 15:48:42,315 - inventory_backend.db_manager - INFO - Added product SKU=A-1 with ID=1
2026-07-11 15:48:42,316 - inventory_backend.db_manager - INFO - Added product SKU=B-2 with ID=2
2026-07-11 15:48:42,317 - inventory_backend.inventory_service - INFO - Weekly submission for SKU=A-1: Sales=10, PrevStock=20, Deliveries=0, NewStock=10
2026-07-11 15:48:42,318 - inventory_backend.inventory_service - INFO - Weekly submission for SKU=B-2: Sales=3, PrevStock=5, Deliveries=0, NewStock=2
2026-07-11 15:48:42,322 - inventory_backend.db_manager - INFO - Recorded movement ID=1 (IN), delta=10 for product ID=1
2026-07-11 15:48:42,325 - inventory_backend.migrations - INFO - Running database migrations (current=0, target=1)...
2026-07-11 15:48:42,325 - inventory_backend.migrations - INFO - Database migrations completed successfully.
2026-07-11 15:48:42,326 - inventory_backend.prediction_service - WARNING - No active products to run predictions for.
2026-07-11 15:48:42,327 - inventory_backend.db_manager - INFO - Added product SKU=A with ID=1
2026-07-11 15:48:42,328 - inventory_backend.prediction_service - WARNING - No sales history records in daily_entries. Pipeline cannot run.
2026-07-11 15:48:42,328 - inventory_backend.inventory_service - INFO - Weekly submission for SKU=A: Sales=5, PrevStock=20, Deliveries=0, NewStock=15
2026-07-11 15:48:42,329 - inventory_backend.inventory_service - INFO - Weekly submission for SKU=A: Sales=0, PrevStock=15, Deliveries=0, NewStock=15
2026-07-11 15:48:42,330 - inventory_backend.inventory_service - INFO - Weekly submission for SKU=A: Sales=0, PrevStock=15, Deliveries=0, NewStock=15
2026-07-11 15:48:42,331 - inventory_backend.inventory_service - INFO - Weekly submission for SKU=A: Sales=0, PrevStock=15, Deliveries=0, NewStock=15
2026-07-11 15:48:42,332 - inventory_backend.inventory_service - INFO - Weekly submission for SKU=A: Sales=0, PrevStock=15, Deliveries=0, NewStock=15
2026-07-11 15:48:42,334 - inventory_backend.prediction_engine - INFO - Starting ML pipeline for 1 products...
2026-07-11 15:48:42,347 - inventory_backend.model_manager - INFO - Loaded pre-trained model and metadata from disk.
2026-07-11 15:48:42,348 - inventory_backend.model_manager - INFO - Retraining required: Data hash changed (saved=hash1, new=4c33ba0780ee190b57a5821cd9e278810bd386b266b42cb1580528b8377bb218).
2026-07-11 15:48:42,383 - inventory_backend.classifier - INFO - Classifier trained successfully. Train Accuracy: 100.00%
2026-07-11 15:48:42,392 - inventory_backend.model_manager - INFO - Classifier and Scaler successfully saved to /Users/ghoriommukeshbai/Desktop/research paper/model/Inventra/backend/saved_models
2026-07-11 15:48:42,394 - inventory_backend.forecasting - INFO - Linear Regression fallback completed successfully
2026-07-11 15:48:42,398 - inventory_backend.prediction_engine - INFO - ML Pipeline execution finished. Generated 1 predictions.
2026-07-11 15:48:42,399 - inventory_backend.prediction_engine - INFO - Starting ML pipeline for 1 products...
2026-07-11 15:48:42,400 - inventory_backend.prediction_engine - INFO - Product SKU=A is in Cold Start (history=2 points, span=1 days).
2026-07-11 15:48:42,400 - inventory_backend.prediction_engine - INFO - ML Pipeline execution finished. Generated 1 predictions.
2026-07-11 15:48:42,401 - inventory_backend.migrations - INFO - Running database migrations (current=0, target=1)...
2026-07-11 15:48:42,402 - inventory_backend.migrations - INFO - Database migrations completed successfully.
2026-07-11 15:48:42,404 - inventory_backend.inventory_service - INFO - Bulk CSV import complete: 2 inserted, 0 updated.
2026-07-11 15:48:42,405 - inventory_backend.inventory_service - INFO - Bulk CSV import complete: 0 inserted, 2 updated.
2026-07-11 15:48:42,407 - inventory_backend.migrations - INFO - Running database migrations (current=0, target=1)...
2026-07-11 15:48:42,408 - inventory_backend.migrations - INFO - Database migrations completed successfully.
2026-07-11 15:48:42,408 - inventory_backend.inventory_service - WARNING - Attempted deactivation of non-existent product ID=999
2026-07-11 15:48:42,411 - inventory_backend.db_manager - INFO - Added product SKU=SKU-REAL with ID=1
2026-07-11 15:48:42,412 - inventory_backend.db_manager - ERROR - Transaction failed and was rolled back: Row 1: Product name 'Real Product' already exists in database with a different SKU.
Traceback (most recent call last):
  File "/Users/ghoriommukeshbai/Desktop/research paper/model/Inventra/backend/database/db_manager.py", line 80, in transaction
    yield cursor
  File "/Users/ghoriommukeshbai/Desktop/research paper/model/Inventra/backend/services/inventory_service.py", line 189, in bulk_csv_import
    raise DuplicateProductError(f"Row {idx+1}: Product name '{name}' already exists in database with a different SKU.")
backend.utils.validators.DuplicateProductError: Row 1: Product name 'Real Product' already exists in database with a different SKU.
2026-07-11 15:53:21,889 - inventory_backend.migrations - INFO - Running database migrations (current=0, target=1)...
2026-07-11 15:53:21,889 - inventory_backend.migrations - INFO - Database migrations completed successfully.
2026-07-11 15:53:21,891 - inventory_backend.prediction_service - ERROR - Error executing pipeline with DataFrame: invalid literal for int() with base 10: 'P001'
Traceback (most recent call last):
  File "/Users/ghoriommukeshbai/Desktop/research paper/model/Inventra/backend/services/prediction_service.py", line 150, in run_pipeline_with_dataframe
    "id": int(last_row.get("product_id", 0)),
          ~~~^^^^^^^^^^^^^^^^^^^^^^^^^^^^^^^
ValueError: invalid literal for int() with base 10: 'P001'
2026-07-11 15:53:58,042 - inventory_backend.migrations - INFO - Running database migrations (current=0, target=1)...
2026-07-11 15:53:58,042 - inventory_backend.migrations - INFO - Database migrations completed successfully.
2026-07-11 15:53:58,044 - inventory_backend.migrations - INFO - Running database migrations (current=0, target=1)...
2026-07-11 15:53:58,045 - inventory_backend.migrations - INFO - Database migrations completed successfully.
2026-07-11 15:53:58,045 - inventory_backend.db_manager - INFO - Added product SKU=TEST-01 with ID=1
2026-07-11 15:53:58,046 - inventory_backend.db_manager - ERROR - Transaction failed and was rolled back: FOREIGN KEY constraint failed
Traceback (most recent call last):
  File "/Users/ghoriommukeshbai/Desktop/research paper/model/Inventra/backend/database/db_manager.py", line 80, in transaction
    yield cursor
  File "/Users/ghoriommukeshbai/Desktop/research paper/model/Inventra/backend/tests/test_database.py", line 55, in test_transaction_rollback
    cursor.execute("""
    ~~~~~~~~~~~~~~^^^^
        INSERT INTO stock_movements (product_id, movement_type, quantity, supplier_name, cost_per_unit, reason, movement_date, entered_by, created_at)
        ^^^^^^^^^^^^^^^^^^^^^^^^^^^^^^^^^^^^^^^^^^^^^^^^^^^^^^^^^^^^^^^^^^^^^^^^^^^^^^^^^^^^^^^^^^^^^^^^^^^^^^^^^^^^^^^^^^^^^^^^^^^^^^^^^^^^^^^^^^^^^^
        VALUES (999, 'IN', 5, 'Supplier', 5.0, 'Reason', '2026-07-11', NULL, datetime('now'));
        ^^^^^^^^^^^^^^^^^^^^^^^^^^^^^^^^^^^^^^^^^^^^^^^^^^^^^^^^^^^^^^^^^^^^^^^^^^^^^^^^^^^^^^
    """)
    ^^^^
sqlite3.IntegrityError: FOREIGN KEY constraint failed
2026-07-11 15:53:58,047 - inventory_backend.db_manager - ERROR - Database connection error: Database transaction failure: FOREIGN KEY constraint failed
Traceback (most recent call last):
  File "/Users/ghoriommukeshbai/Desktop/research paper/model/Inventra/backend/database/db_manager.py", line 80, in transaction
    yield cursor
  File "/Users/ghoriommukeshbai/Desktop/research paper/model/Inventra/backend/tests/test_database.py", line 55, in test_transaction_rollback
    cursor.execute("""
    ~~~~~~~~~~~~~~^^^^
        INSERT INTO stock_movements (product_id, movement_type, quantity, supplier_name, cost_per_unit, reason, movement_date, entered_by, created_at)
        ^^^^^^^^^^^^^^^^^^^^^^^^^^^^^^^^^^^^^^^^^^^^^^^^^^^^^^^^^^^^^^^^^^^^^^^^^^^^^^^^^^^^^^^^^^^^^^^^^^^^^^^^^^^^^^^^^^^^^^^^^^^^^^^^^^^^^^^^^^^^^^
        VALUES (999, 'IN', 5, 'Supplier', 5.0, 'Reason', '2026-07-11', NULL, datetime('now'));
        ^^^^^^^^^^^^^^^^^^^^^^^^^^^^^^^^^^^^^^^^^^^^^^^^^^^^^^^^^^^^^^^^^^^^^^^^^^^^^^^^^^^^^^
    """)
    ^^^^
sqlite3.IntegrityError: FOREIGN KEY constraint failed

The above exception was the direct cause of the following exception:

Traceback (most recent call last):
  File "/Users/ghoriommukeshbai/Desktop/research paper/model/Inventra/backend/database/db_manager.py", line 54, in connection
    yield conn
  File "/Users/ghoriommukeshbai/Desktop/research paper/model/Inventra/backend/database/db_manager.py", line 88, in transaction
    raise DatabaseError(f"Database transaction failure: {e}") from e
backend.utils.validators.DatabaseError: Database transaction failure: FOREIGN KEY constraint failed
2026-07-11 15:53:58,049 - inventory_backend.migrations - INFO - Running database migrations (current=0, target=1)...
2026-07-11 15:53:58,050 - inventory_backend.migrations - INFO - Database migrations completed successfully.
2026-07-11 15:53:58,050 - inventory_backend.db_manager - INFO - Added product SKU=SKU-1 with ID=1
2026-07-11 15:53:58,052 - inventory_backend.db_manager - INFO - Updated product ID=1, status=True
2026-07-11 15:53:58,053 - inventory_backend.db_manager - INFO - Deleted product ID=1, status=True
2026-07-11 15:53:58,055 - inventory_backend.migrations - INFO - Running database migrations (current=0, target=1)...
2026-07-11 15:53:58,055 - inventory_backend.migrations - INFO - Database migrations completed successfully.
2026-07-11 15:53:58,056 - inventory_backend.db_manager - INFO - Added product SKU=P1 with ID=1
2026-07-11 15:53:58,056 - inventory_backend.db_manager - INFO - Added daily entry ID=1 for product ID=1
2026-07-11 15:53:58,058 - inventory_backend.db_manager - INFO - Updated daily entry ID=1, status=True
2026-07-11 15:53:58,059 - inventory_backend.db_manager - INFO - Deleted daily entry ID=1, status=True
2026-07-11 15:53:58,061 - inventory_backend.migrations - INFO - Running database migrations (current=0, target=1)...
2026-07-11 15:53:58,061 - inventory_backend.migrations - INFO - Database migrations completed successfully.
2026-07-11 15:53:58,062 - inventory_backend.db_manager - INFO - Added product SKU=P1 with ID=1
2026-07-11 15:53:58,062 - inventory_backend.db_manager - INFO - Recorded movement ID=1 (OUT), delta=-5 for product ID=1
2026-07-11 15:53:58,066 - inventory_backend.migrations - INFO - Running database migrations (current=0, target=1)...
2026-07-11 15:53:58,067 - inventory_backend.migrations - INFO - Database migrations completed successfully.
2026-07-11 15:53:58,071 - inventory_backend.migrations - INFO - Running database migrations (current=0, target=1)...
2026-07-11 15:53:58,071 - inventory_backend.migrations - INFO - Database migrations completed successfully.
2026-07-11 15:53:58,072 - inventory_backend.db_manager - ERROR - Database connection error: no such table: nonexistent_table
Traceback (most recent call last):
  File "/Users/ghoriommukeshbai/Desktop/research paper/model/Inventra/backend/database/db_manager.py", line 54, in connection
    yield conn
  File "/Users/ghoriommukeshbai/Desktop/research paper/model/Inventra/backend/tests/test_database.py", line 204, in test_db_execute_error
    cursor.execute("SELECT * FROM nonexistent_table;")
    ~~~~~~~~~~~~~~^^^^^^^^^^^^^^^^^^^^^^^^^^^^^^^^^^^^
sqlite3.OperationalError: no such table: nonexistent_table
2026-07-11 15:53:58,073 - inventory_backend.migrations - INFO - Running database migrations (current=0, target=1)...
2026-07-11 15:53:58,073 - inventory_backend.migrations - INFO - Database migrations completed successfully.
2026-07-11 15:53:58,074 - inventory_backend.db_manager - ERROR - Database connection error: unable to open database file
Traceback (most recent call last):
  File "/Users/ghoriommukeshbai/Desktop/research paper/model/Inventra/backend/database/db_manager.py", line 45, in connection
    conn = sqlite3.connect(self.db_path)
sqlite3.OperationalError: unable to open database file
2026-07-11 15:53:58,074 - inventory_backend.db_manager - CRITICAL - Database initialization failed: Database error: unable to open database file
Traceback (most recent call last):
  File "/Users/ghoriommukeshbai/Desktop/research paper/model/Inventra/backend/database/db_manager.py", line 45, in connection
    conn = sqlite3.connect(self.db_path)
sqlite3.OperationalError: unable to open database file

The above exception was the direct cause of the following exception:

Traceback (most recent call last):
  File "/Users/ghoriommukeshbai/Desktop/research paper/model/Inventra/backend/database/db_manager.py", line 31, in _initialize_db
    with self.connection() as conn:
         ~~~~~~~~~~~~~~~^^
  File "/opt/homebrew/Cellar/python@3.13/3.13.7/Frameworks/Python.framework/Versions/3.13/lib/python3.13/contextlib.py", line 141, in __enter__
    return next(self.gen)
  File "/Users/ghoriommukeshbai/Desktop/research paper/model/Inventra/backend/database/db_manager.py", line 66, in connection
    raise DatabaseError(f"Database error: {e}") from e
backend.utils.validators.DatabaseError: Database error: unable to open database file
2026-07-11 15:53:58,311 - inventory_backend.forecasting - INFO - Moving Average fallback completed successfully
2026-07-11 15:53:58,322 - inventory_backend.forecasting - INFO - Linear Regression fallback completed successfully
2026-07-11 15:53:58,445 - inventory_backend.classifier - INFO - Classifier trained successfully. Train Accuracy: 100.00%
2026-07-11 15:53:58,450 - inventory_backend.evaluation - INFO - Forecast evaluation: MAPE=0.0500, RMSE=0.8165, R2=0.9600
2026-07-11 15:53:58,452 - inventory_backend.evaluation - INFO - Classification evaluation: Accuracy=0.6667, F1=0.5556
2026-07-11 15:53:58,455 - inventory_backend.model_manager - INFO - Retraining required: No existing models found.
2026-07-11 15:53:58,456 - inventory_backend.model_manager - INFO - Classifier and Scaler successfully saved to /private/var/folders/9t/_d31_z194q5g1mykg6m706hh0000gn/T/pytest-of-ghoriommukeshbai/pytest-2/test_model_manager0/models
2026-07-11 15:53:58,457 - inventory_backend.model_manager - INFO - Loaded pre-trained model and metadata from disk.
2026-07-11 15:53:58,457 - inventory_backend.model_manager - INFO - Skipping retraining: Data hash is unchanged, loaded cached model.
2026-07-11 15:53:58,458 - inventory_backend.model_manager - INFO - Loaded pre-trained model and metadata from disk.
2026-07-11 15:53:58,458 - inventory_backend.model_manager - INFO - Retraining required: Data hash changed (saved=hash1, new=hash2).
2026-07-11 15:53:58,458 - inventory_backend.model_manager - INFO - Loaded pre-trained model and metadata from disk.
2026-07-11 15:53:58,459 - inventory_backend.prediction_engine - WARNING - Sales history or product list is empty. Returning empty predictions.
2026-07-11 15:53:58,459 - inventory_backend.prediction_engine - INFO - Starting ML pipeline for 1 products...
2026-07-11 15:53:58,460 - inventory_backend.prediction_engine - INFO - Product SKU=COLD is in Cold Start (history=2 points, span=7 days).
2026-07-11 15:53:58,460 - inventory_backend.prediction_engine - INFO - ML Pipeline execution finished. Generated 1 predictions.
2026-07-11 15:53:58,462 - inventory_backend.migrations - INFO - Running database migrations (current=0, target=1)...
2026-07-11 15:53:58,462 - inventory_backend.migrations - INFO - Database migrations completed successfully.
2026-07-11 15:53:58,464 - inventory_backend.db_manager - INFO - Added product SKU=SKU-T1 with ID=1
2026-07-11 15:53:58,464 - inventory_backend.inventory_service - WARNING - Failed to add product: SKU 'SKU-T1' already exists.
2026-07-11 15:53:58,465 - inventory_backend.inventory_service - WARNING - Failed to add product: Name 'Bread' already exists.
2026-07-11 15:53:58,466 - inventory_backend.db_manager - INFO - Updated product ID=1, status=True
2026-07-11 15:53:58,468 - inventory_backend.inventory_service - INFO - Logically deactivated product SKU=SKU-T1
2026-07-11 15:53:58,470 - inventory_backend.migrations - INFO - Running database migrations (current=0, target=1)...
2026-07-11 15:53:58,470 - inventory_backend.migrations - INFO - Database migrations completed successfully.
2026-07-11 15:53:58,472 - inventory_backend.db_manager - INFO - Added product SKU=MILK-01 with ID=1
2026-07-11 15:53:58,473 - inventory_backend.db_manager - INFO - Recorded movement ID=1 (IN), delta=15 for product ID=1
2026-07-11 15:53:58,475 - inventory_backend.inventory_service - INFO - Weekly submission for SKU=MILK-01: Sales=17, PrevStock=10, Deliveries=15, NewStock=8
2026-07-11 15:53:58,477 - inventory_backend.migrations - INFO - Running database migrations (current=0, target=1)...
2026-07-11 15:53:58,477 - inventory_backend.migrations - INFO - Database migrations completed successfully.
2026-07-11 15:53:58,479 - inventory_backend.db_manager - INFO - Added product SKU=A-1 with ID=1
2026-07-11 15:53:58,480 - inventory_backend.db_manager - INFO - Added product SKU=B-2 with ID=2
2026-07-11 15:53:58,481 - inventory_backend.inventory_service - INFO - Weekly submission for SKU=A-1: Sales=10, PrevStock=20, Deliveries=0, NewStock=10
2026-07-11 15:53:58,482 - inventory_backend.inventory_service - INFO - Weekly submission for SKU=B-2: Sales=3, PrevStock=5, Deliveries=0, NewStock=2
2026-07-11 15:53:58,485 - inventory_backend.db_manager - INFO - Recorded movement ID=1 (IN), delta=10 for product ID=1
2026-07-11 15:53:58,489 - inventory_backend.migrations - INFO - Running database migrations (current=0, target=1)...
2026-07-11 15:53:58,489 - inventory_backend.migrations - INFO - Database migrations completed successfully.
2026-07-11 15:53:58,490 - inventory_backend.prediction_service - WARNING - No active products to run predictions for.
2026-07-11 15:53:58,491 - inventory_backend.db_manager - INFO - Added product SKU=A with ID=1
2026-07-11 15:53:58,492 - inventory_backend.prediction_service - WARNING - No sales history records in daily_entries. Pipeline cannot run.
2026-07-11 15:53:58,493 - inventory_backend.inventory_service - INFO - Weekly submission for SKU=A: Sales=5, PrevStock=20, Deliveries=0, NewStock=15
2026-07-11 15:53:58,494 - inventory_backend.inventory_service - INFO - Weekly submission for SKU=A: Sales=0, PrevStock=15, Deliveries=0, NewStock=15
2026-07-11 15:53:58,495 - inventory_backend.inventory_service - INFO - Weekly submission for SKU=A: Sales=0, PrevStock=15, Deliveries=0, NewStock=15
2026-07-11 15:53:58,496 - inventory_backend.inventory_service - INFO - Weekly submission for SKU=A: Sales=0, PrevStock=15, Deliveries=0, NewStock=15
2026-07-11 15:53:58,496 - inventory_backend.inventory_service - INFO - Weekly submission for SKU=A: Sales=0, PrevStock=15, Deliveries=0, NewStock=15
2026-07-11 15:53:58,498 - inventory_backend.prediction_engine - INFO - Starting ML pipeline for 1 products...
2026-07-11 15:53:58,512 - inventory_backend.model_manager - INFO - Loaded pre-trained model and metadata from disk.
2026-07-11 15:53:58,512 - inventory_backend.model_manager - INFO - Retraining required: Data hash changed (saved=hash1, new=4c33ba0780ee190b57a5821cd9e278810bd386b266b42cb1580528b8377bb218).
2026-07-11 15:53:58,548 - inventory_backend.classifier - INFO - Classifier trained successfully. Train Accuracy: 100.00%
2026-07-11 15:53:58,557 - inventory_backend.model_manager - INFO - Classifier and Scaler successfully saved to /Users/ghoriommukeshbai/Desktop/research paper/model/Inventra/backend/saved_models
2026-07-11 15:53:58,559 - inventory_backend.forecasting - INFO - Linear Regression fallback completed successfully
2026-07-11 15:53:58,562 - inventory_backend.prediction_engine - INFO - ML Pipeline execution finished. Generated 1 predictions.
2026-07-11 15:53:58,564 - inventory_backend.prediction_engine - INFO - Starting ML pipeline for 1 products...
2026-07-11 15:53:58,564 - inventory_backend.prediction_engine - INFO - Product SKU=A is in Cold Start (history=2 points, span=1 days).
2026-07-11 15:53:58,564 - inventory_backend.prediction_engine - INFO - ML Pipeline execution finished. Generated 1 predictions.
2026-07-11 15:53:58,566 - inventory_backend.migrations - INFO - Running database migrations (current=0, target=1)...
2026-07-11 15:53:58,566 - inventory_backend.migrations - INFO - Database migrations completed successfully.
2026-07-11 15:53:58,570 - inventory_backend.inventory_service - INFO - Bulk CSV import complete: 2 inserted, 0 updated.
2026-07-11 15:53:58,571 - inventory_backend.inventory_service - INFO - Bulk CSV import complete: 0 inserted, 2 updated.
2026-07-11 15:53:58,573 - inventory_backend.migrations - INFO - Running database migrations (current=0, target=1)...
2026-07-11 15:53:58,573 - inventory_backend.migrations - INFO - Database migrations completed successfully.
2026-07-11 15:53:58,574 - inventory_backend.inventory_service - WARNING - Attempted deactivation of non-existent product ID=999
2026-07-11 15:53:58,577 - inventory_backend.db_manager - INFO - Added product SKU=SKU-REAL with ID=1
2026-07-11 15:53:58,578 - inventory_backend.db_manager - ERROR - Transaction failed and was rolled back: Row 1: Product name 'Real Product' already exists in database with a different SKU.
Traceback (most recent call last):
  File "/Users/ghoriommukeshbai/Desktop/research paper/model/Inventra/backend/database/db_manager.py", line 80, in transaction
    yield cursor
  File "/Users/ghoriommukeshbai/Desktop/research paper/model/Inventra/backend/services/inventory_service.py", line 189, in bulk_csv_import
    raise DuplicateProductError(f"Row {idx+1}: Product name '{name}' already exists in database with a different SKU.")
backend.utils.validators.DuplicateProductError: Row 1: Product name 'Real Product' already exists in database with a different SKU.
2026-07-11 15:57:04,228 - inventory_backend.migrations - INFO - Running database migrations (current=0, target=1)...
2026-07-11 15:57:04,229 - inventory_backend.migrations - INFO - Database migrations completed successfully.
2026-07-11 15:57:04,240 - inventory_backend.prediction_engine - INFO - Starting ML pipeline for 100 products...
2026-07-11 15:57:05,706 - inventory_backend.model_manager - INFO - Loaded pre-trained model and metadata from disk.
2026-07-11 15:57:05,706 - inventory_backend.model_manager - INFO - Retraining required: Data hash changed (saved=4c33ba0780ee190b57a5821cd9e278810bd386b266b42cb1580528b8377bb218, new=676e059d046875377b3d1f325deba7924abf78fe2b10abcd85b9bd8d48e7b768).
2026-07-11 15:57:05,952 - inventory_backend.classifier - INFO - Classifier trained successfully. Train Accuracy: 98.32%
2026-07-11 15:57:05,962 - inventory_backend.model_manager - INFO - Classifier and Scaler successfully saved to /Users/ghoriommukeshbai/Desktop/research paper/model/Inventra/backend/saved_models
2026-07-11 15:57:14,292 - inventory_backend.prediction_engine - INFO - ML Pipeline execution finished. Generated 100 predictions.
2026-07-13 20:02:18,689 - inventory_backend.migrations - INFO - Running database migrations (current=0, target=1)...
2026-07-13 20:02:18,690 - inventory_backend.migrations - INFO - Database migrations completed successfully.
2026-07-13 20:02:18,705 - inventory_backend.prediction_engine - INFO - Starting ML pipeline for 100 products...
2026-07-13 20:02:20,137 - inventory_backend.model_manager - INFO - Loaded pre-trained model and metadata from disk.
2026-07-13 20:02:20,137 - inventory_backend.model_manager - INFO - Skipping retraining: Data hash is unchanged, loaded cached model.
2026-07-13 20:02:20,143 - inventory_backend.model_manager - INFO - Loaded pre-trained model and metadata from disk.
2026-07-13 20:02:38,856 - inventory_backend.prediction_engine - INFO - ML Pipeline execution finished. Generated 100 predictions.
2026-07-13 20:07:08,172 - inventory_backend.migrations - INFO - Running database migrations (current=0, target=1)...
2026-07-13 20:07:08,172 - inventory_backend.migrations - INFO - Database migrations completed successfully.
2026-07-13 20:07:08,184 - inventory_backend.prediction_engine - INFO - Starting ML pipeline for 100 products...
2026-07-13 20:07:09,622 - inventory_backend.model_manager - INFO - Loaded pre-trained model and metadata from disk.
2026-07-13 20:07:09,627 - inventory_backend.model_manager - INFO - Skipping retraining: Data hash is unchanged, loaded cached model.
2026-07-13 20:07:09,633 - inventory_backend.model_manager - INFO - Loaded pre-trained model and metadata from disk.
2026-07-13 20:07:18,131 - inventory_backend.prediction_engine - INFO - ML Pipeline execution finished. Generated 100 predictions.
2026-07-13 20:14:44,628 - inventory_backend.migrations - INFO - Running database migrations (current=0, target=1)...
2026-07-13 20:14:44,629 - inventory_backend.migrations - INFO - Database migrations completed successfully.
2026-07-13 20:14:44,644 - inventory_backend.prediction_engine - INFO - Starting ML pipeline for 100 products...
2026-07-13 20:14:46,225 - inventory_backend.model_manager - INFO - Loaded pre-trained model and metadata from disk.
2026-07-13 20:14:46,225 - inventory_backend.model_manager - INFO - Retraining required: Model type changed or older model type detected (saved=None).
2026-07-13 20:14:48,086 - inventory_backend.classifier - INFO - LSVM Classifier trained successfully. Train Accuracy: 70.92%
2026-07-13 20:14:48,089 - inventory_backend.model_manager - INFO - Classifier and Scaler successfully saved to /Users/ghoriommukeshbai/Desktop/research paper/model/Inventra/backend/saved_models
2026-07-13 20:14:56,372 - inventory_backend.prediction_engine - INFO - ML Pipeline execution finished. Generated 100 predictions.
2026-07-13 20:15:14,660 - inventory_backend.migrations - INFO - Running database migrations (current=0, target=1)...
2026-07-13 20:15:14,660 - inventory_backend.migrations - INFO - Database migrations completed successfully.
2026-07-13 20:15:14,671 - inventory_backend.prediction_engine - INFO - Starting ML pipeline for 100 products...
2026-07-13 20:15:16,149 - inventory_backend.model_manager - INFO - Loaded pre-trained model and metadata from disk.
2026-07-13 20:15:16,150 - inventory_backend.model_manager - INFO - Skipping retraining: Data hash is unchanged, loaded cached model.
2026-07-13 20:15:16,150 - inventory_backend.model_manager - INFO - Loaded pre-trained model and metadata from disk.
2026-07-13 20:15:24,258 - inventory_backend.prediction_engine - INFO - ML Pipeline execution finished. Generated 100 predictions.
2026-07-13 20:15:52,970 - inventory_backend.migrations - INFO - Running database migrations (current=0, target=1)...
2026-07-13 20:15:52,970 - inventory_backend.migrations - INFO - Database migrations completed successfully.
2026-07-13 20:15:52,982 - inventory_backend.prediction_engine - INFO - Starting ML pipeline for 100 products...
2026-07-13 20:15:54,469 - inventory_backend.model_manager - INFO - Loaded pre-trained model and metadata from disk.
2026-07-13 20:15:54,469 - inventory_backend.model_manager - INFO - Skipping retraining: Data hash is unchanged, loaded cached model.
2026-07-13 20:15:54,470 - inventory_backend.model_manager - INFO - Loaded pre-trained model and metadata from disk.
2026-07-13 20:16:02,415 - inventory_backend.prediction_engine - INFO - ML Pipeline execution finished. Generated 100 predictions.
2026-07-13 20:16:28,339 - inventory_backend.migrations - INFO - Running database migrations (current=0, target=1)...
2026-07-13 20:16:28,339 - inventory_backend.migrations - INFO - Database migrations completed successfully.
2026-07-13 20:16:28,350 - inventory_backend.prediction_engine - INFO - Starting ML pipeline for 100 products...
2026-07-13 20:16:29,859 - inventory_backend.model_manager - INFO - Loaded pre-trained model and metadata from disk.
2026-07-13 20:16:29,859 - inventory_backend.model_manager - INFO - Skipping retraining: Data hash is unchanged, loaded cached model.
2026-07-13 20:16:29,860 - inventory_backend.model_manager - INFO - Loaded pre-trained model and metadata from disk.
2026-07-13 20:16:37,794 - inventory_backend.prediction_engine - INFO - ML Pipeline execution finished. Generated 100 predictions.
2026-07-13 20:17:36,532 - inventory_backend.migrations - INFO - Running database migrations (current=0, target=1)...
2026-07-13 20:17:36,533 - inventory_backend.migrations - INFO - Database migrations completed successfully.
2026-07-13 20:17:36,544 - inventory_backend.prediction_engine - INFO - Starting ML pipeline for 100 products...
2026-07-13 20:17:38,027 - inventory_backend.model_manager - INFO - Loaded pre-trained model and metadata from disk.
2026-07-13 20:17:38,027 - inventory_backend.model_manager - INFO - Skipping retraining: Data hash is unchanged, loaded cached model.
2026-07-13 20:17:38,028 - inventory_backend.model_manager - INFO - Loaded pre-trained model and metadata from disk.
2026-07-13 20:17:46,042 - inventory_backend.prediction_engine - INFO - ML Pipeline execution finished. Generated 100 predictions.
2026-07-14 21:45:37,752 - inventory_backend.inventra_bridge - INFO - predict_all_products: db=/Users/ghoriommukeshbai/Desktop/research paper/model/Inventra/build/inventra.db
2026-07-14 21:45:37,761 - inventory_backend.prediction_engine - INFO - Starting ML pipeline for 100 products...
2026-07-14 21:45:38,798 - inventory_backend.model_manager - INFO - Loaded pre-trained model and metadata from disk.
2026-07-14 21:45:38,798 - inventory_backend.model_manager - INFO - Retraining required: Data hash changed (saved=676e059d046875377b3d1f325deba7924abf78fe2b10abcd85b9bd8d48e7b768, new=42b1d7dcb16bd58030c9bc581d6e17b194941ae7a956ca23c29fac548e8676b1).
2026-07-14 21:45:38,970 - inventory_backend.classifier - INFO - LSVM Classifier trained successfully. Train Accuracy: 100.00%
2026-07-14 21:45:38,971 - inventory_backend.model_manager - INFO - Classifier and Scaler successfully saved to /Users/ghoriommukeshbai/Desktop/research paper/model/Inventra/backend/saved_models
2026-07-14 21:45:46,806 - inventory_backend.prediction_engine - INFO - ML Pipeline execution finished. Generated 100 predictions.
2026-07-17 13:38:02,108 - inventory_backend.model_manager - INFO - Loaded pre-trained model and metadata from disk.
2026-07-17 13:38:34,976 - inventory_backend.prediction_engine - INFO - Starting ML pipeline for 3 products...
2026-07-17 13:38:35,057 - inventory_backend.model_manager - INFO - Loaded pre-trained model and metadata from disk.
2026-07-17 13:38:35,057 - inventory_backend.model_manager - INFO - Retraining required: Data hash changed (saved=42b1d7dcb16bd58030c9bc581d6e17b194941ae7a956ca23c29fac548e8676b1, new=e48bcd437d9d8c683cf1f3edcb8873808827cde7903b73d2873a1cca5cb2e652).
2026-07-17 13:38:35,069 - inventory_backend.classifier - INFO - LSVM Classifier trained successfully. Train Accuracy: 100.00%
2026-07-17 13:38:35,070 - inventory_backend.model_manager - INFO - Classifier and Scaler successfully saved to /Users/ghoriommukeshbai/Desktop/research paper/model/Inventra/backend/saved_models
2026-07-17 13:38:38,252 - inventory_backend.prediction_engine - INFO - ML Pipeline execution finished. Generated 3 predictions.
2026-07-17 13:41:51,319 - inventory_backend.model_manager - INFO - Loaded pre-trained model and metadata from disk.
2026-07-17 13:41:51,320 - inventory_backend.fastapi_server - INFO - ✅ Pre-trained model loaded successfully (type=SVC, trained=2026-07-17T13:38:35.070294)
2026-07-17 13:44:58,023 - inventory_backend.model_manager - INFO - Loaded pre-trained model and metadata from disk.
2026-07-17 13:44:58,023 - inventory_backend.fastapi_server - INFO - ✅ Pre-trained model loaded successfully (type=SVC, trained=2026-07-17T13:38:35.070294)
2026-07-17 13:47:31,577 - inventory_backend.fastapi_server - INFO - Saved 5000 rows to SQLite table 'dataset' (batch=cc146e83)
2026-07-17 13:47:32,001 - inventory_backend.prediction_engine - INFO - Starting ML pipeline for 100 products...
2026-07-17 13:47:32,987 - inventory_backend.model_manager - INFO - Loaded pre-trained model and metadata from disk.
2026-07-17 13:47:32,987 - inventory_backend.model_manager - INFO - Retraining required: Data hash changed (saved=e48bcd437d9d8c683cf1f3edcb8873808827cde7903b73d2873a1cca5cb2e652, new=4c1c96c52cef07e38dce7844d0227eb9e86ebb05733c47fb219d29c9fa6f280f).
2026-07-17 13:47:33,158 - inventory_backend.classifier - INFO - LSVM Classifier trained successfully. Train Accuracy: 100.00%
2026-07-17 13:47:33,159 - inventory_backend.model_manager - INFO - Classifier and Scaler successfully saved to /Users/ghoriommukeshbai/Desktop/research paper/model/Inventra/backend/saved_models
2026-07-17 13:47:40,848 - inventory_backend.prediction_engine - INFO - ML Pipeline execution finished. Generated 100 predictions.
2026-07-17 21:44:26,144 - inventory_backend.model_manager - INFO - Loaded pre-trained model and metadata from disk.
2026-07-17 21:44:26,145 - inventory_backend.fastapi_server - INFO - ✅ Pre-trained model loaded successfully (type=SVC, trained=2026-07-17T13:47:33.159203)
2026-07-17 21:44:43,844 - inventory_backend.fastapi_server - INFO - Saved 5000 rows to SQLite table 'dataset' (batch=2dffd186)
2026-07-17 21:44:44,270 - inventory_backend.prediction_engine - INFO - Starting ML pipeline for 100 products...
2026-07-17 21:44:45,268 - inventory_backend.model_manager - INFO - Loaded pre-trained model and metadata from disk.
2026-07-17 21:44:45,268 - inventory_backend.model_manager - INFO - Skipping retraining: Data hash is unchanged, loaded cached model.
2026-07-17 21:44:45,269 - inventory_backend.model_manager - INFO - Loaded pre-trained model and metadata from disk.
2026-07-17 21:44:53,322 - inventory_backend.prediction_engine - INFO - ML Pipeline execution finished. Generated 100 predictions.
2026-07-17 21:51:06,435 - inventory_backend.model_manager - INFO - Loaded pre-trained model and metadata from disk.
2026-07-17 21:51:06,435 - inventory_backend.fastapi_server - INFO - ✅ Pre-trained model loaded successfully (type=SVC, trained=2026-07-17T13:47:33.159203)
2026-07-17 21:51:10,397 - inventory_backend.fastapi_server - INFO - Saved 5000 rows to SQLite table 'dataset' (batch=70395f5d)
2026-07-17 21:51:10,815 - inventory_backend.prediction_engine - INFO - Starting ML pipeline for 100 products...
2026-07-17 21:51:11,854 - inventory_backend.model_manager - INFO - Loaded pre-trained model and metadata from disk.
2026-07-17 21:51:11,854 - inventory_backend.model_manager - INFO - Skipping retraining: Data hash is unchanged, loaded cached model.
2026-07-17 21:51:11,855 - inventory_backend.model_manager - INFO - Loaded pre-trained model and metadata from disk.
2026-07-17 21:51:11,871 - inventory_backend.forecasting - INFO - Linear Regression (fast) forecast completed successfully
2026-07-17 21:51:11,874 - inventory_backend.forecasting - INFO - Linear Regression (fast) forecast completed successfully
2026-07-17 21:51:11,876 - inventory_backend.forecasting - INFO - Linear Regression (fast) forecast completed successfully
2026-07-17 21:51:11,879 - inventory_backend.forecasting - INFO - Linear Regression (fast) forecast completed successfully
2026-07-17 21:51:11,881 - inventory_backend.forecasting - INFO - Linear Regression (fast) forecast completed successfully
2026-07-17 21:51:11,883 - inventory_backend.forecasting - INFO - Linear Regression (fast) forecast completed successfully
2026-07-17 21:51:11,886 - inventory_backend.forecasting - INFO - Linear Regression (fast) forecast completed successfully
2026-07-17 21:51:11,889 - inventory_backend.forecasting - INFO - Linear Regression (fast) forecast completed successfully
2026-07-17 21:51:11,891 - inventory_backend.forecasting - INFO - Linear Regression (fast) forecast completed successfully
2026-07-17 21:51:11,894 - inventory_backend.forecasting - INFO - Linear Regression (fast) forecast completed successfully
2026-07-17 21:51:11,897 - inventory_backend.forecasting - INFO - Linear Regression (fast) forecast completed successfully
2026-07-17 21:51:11,899 - inventory_backend.forecasting - INFO - Linear Regression (fast) forecast completed successfully
2026-07-17 21:51:11,902 - inventory_backend.forecasting - INFO - Linear Regression (fast) forecast completed successfully
2026-07-17 21:51:11,904 - inventory_backend.forecasting - INFO - Linear Regression (fast) forecast completed successfully
2026-07-17 21:51:11,907 - inventory_backend.forecasting - INFO - Linear Regression (fast) forecast completed successfully
2026-07-17 21:51:11,909 - inventory_backend.forecasting - INFO - Linear Regression (fast) forecast completed successfully
2026-07-17 21:51:11,911 - inventory_backend.forecasting - INFO - Linear Regression (fast) forecast completed successfully
2026-07-17 21:51:11,914 - inventory_backend.forecasting - INFO - Linear Regression (fast) forecast completed successfully
2026-07-17 21:51:11,916 - inventory_backend.forecasting - INFO - Linear Regression (fast) forecast completed successfully
2026-07-17 21:51:11,918 - inventory_backend.forecasting - INFO - Linear Regression (fast) forecast completed successfully
2026-07-17 21:51:11,921 - inventory_backend.forecasting - INFO - Linear Regression (fast) forecast completed successfully
2026-07-17 21:51:11,923 - inventory_backend.forecasting - INFO - Linear Regression (fast) forecast completed successfully
2026-07-17 21:51:11,925 - inventory_backend.forecasting - INFO - Linear Regression (fast) forecast completed successfully
2026-07-17 21:51:11,927 - inventory_backend.forecasting - INFO - Linear Regression (fast) forecast completed successfully
2026-07-17 21:51:11,930 - inventory_backend.forecasting - INFO - Linear Regression (fast) forecast completed successfully
2026-07-17 21:51:11,932 - inventory_backend.forecasting - INFO - Linear Regression (fast) forecast completed successfully
2026-07-17 21:51:11,934 - inventory_backend.forecasting - INFO - Linear Regression (fast) forecast completed successfully
2026-07-17 21:51:11,937 - inventory_backend.forecasting - INFO - Linear Regression (fast) forecast completed successfully
2026-07-17 21:51:11,939 - inventory_backend.forecasting - INFO - Linear Regression (fast) forecast completed successfully
2026-07-17 21:51:11,941 - inventory_backend.forecasting - INFO - Linear Regression (fast) forecast completed successfully
2026-07-17 21:51:11,944 - inventory_backend.forecasting - INFO - Linear Regression (fast) forecast completed successfully
2026-07-17 21:51:11,946 - inventory_backend.forecasting - INFO - Linear Regression (fast) forecast completed successfully
2026-07-17 21:51:11,948 - inventory_backend.forecasting - INFO - Linear Regression (fast) forecast completed successfully
2026-07-17 21:51:11,951 - inventory_backend.forecasting - INFO - Linear Regression (fast) forecast completed successfully
2026-07-17 21:51:11,953 - inventory_backend.forecasting - INFO - Linear Regression (fast) forecast completed successfully
2026-07-17 21:51:11,955 - inventory_backend.forecasting - INFO - Linear Regression (fast) forecast completed successfully
2026-07-17 21:51:11,958 - inventory_backend.forecasting - INFO - Linear Regression (fast) forecast completed successfully
2026-07-17 21:51:11,961 - inventory_backend.forecasting - INFO - Linear Regression (fast) forecast completed successfully
2026-07-17 21:51:11,964 - inventory_backend.forecasting - INFO - Linear Regression (fast) forecast completed successfully
2026-07-17 21:51:11,966 - inventory_backend.forecasting - INFO - Linear Regression (fast) forecast completed successfully
2026-07-17 21:51:11,969 - inventory_backend.forecasting - INFO - Linear Regression (fast) forecast completed successfully
2026-07-17 21:51:11,971 - inventory_backend.forecasting - INFO - Linear Regression (fast) forecast completed successfully
2026-07-17 21:51:11,973 - inventory_backend.forecasting - INFO - Linear Regression (fast) forecast completed successfully
2026-07-17 21:51:11,976 - inventory_backend.forecasting - INFO - Linear Regression (fast) forecast completed successfully
2026-07-17 21:51:11,978 - inventory_backend.forecasting - INFO - Linear Regression (fast) forecast completed successfully
2026-07-17 21:51:11,980 - inventory_backend.forecasting - INFO - Linear Regression (fast) forecast completed successfully
2026-07-17 21:51:11,983 - inventory_backend.forecasting - INFO - Linear Regression (fast) forecast completed successfully
2026-07-17 21:51:11,985 - inventory_backend.forecasting - INFO - Linear Regression (fast) forecast completed successfully
2026-07-17 21:51:11,988 - inventory_backend.forecasting - INFO - Linear Regression (fast) forecast completed successfully
2026-07-17 21:51:11,991 - inventory_backend.forecasting - INFO - Linear Regression (fast) forecast completed successfully
2026-07-17 21:51:11,994 - inventory_backend.forecasting - INFO - Linear Regression (fast) forecast completed successfully
2026-07-17 21:51:11,996 - inventory_backend.forecasting - INFO - Linear Regression (fast) forecast completed successfully
2026-07-17 21:51:12,000 - inventory_backend.forecasting - INFO - Linear Regression (fast) forecast completed successfully
2026-07-17 21:51:12,004 - inventory_backend.forecasting - INFO - Linear Regression (fast) forecast completed successfully
2026-07-17 21:51:12,006 - inventory_backend.forecasting - INFO - Linear Regression (fast) forecast completed successfully
2026-07-17 21:51:12,009 - inventory_backend.forecasting - INFO - Linear Regression (fast) forecast completed successfully
2026-07-17 21:51:12,012 - inventory_backend.forecasting - INFO - Linear Regression (fast) forecast completed successfully
2026-07-17 21:51:12,015 - inventory_backend.forecasting - INFO - Linear Regression (fast) forecast completed successfully
2026-07-17 21:51:12,018 - inventory_backend.forecasting - INFO - Linear Regression (fast) forecast completed successfully
2026-07-17 21:51:12,021 - inventory_backend.forecasting - INFO - Linear Regression (fast) forecast completed successfully
2026-07-17 21:51:12,024 - inventory_backend.forecasting - INFO - Linear Regression (fast) forecast completed successfully
2026-07-17 21:51:12,026 - inventory_backend.forecasting - INFO - Linear Regression (fast) forecast completed successfully
2026-07-17 21:51:12,029 - inventory_backend.forecasting - INFO - Linear Regression (fast) forecast completed successfully
2026-07-17 21:51:12,032 - inventory_backend.forecasting - INFO - Linear Regression (fast) forecast completed successfully
2026-07-17 21:51:12,035 - inventory_backend.forecasting - INFO - Linear Regression (fast) forecast completed successfully
2026-07-17 21:51:12,038 - inventory_backend.forecasting - INFO - Linear Regression (fast) forecast completed successfully
2026-07-17 21:51:12,041 - inventory_backend.forecasting - INFO - Linear Regression (fast) forecast completed successfully
2026-07-17 21:51:12,043 - inventory_backend.forecasting - INFO - Linear Regression (fast) forecast completed successfully
2026-07-17 21:51:12,046 - inventory_backend.forecasting - INFO - Linear Regression (fast) forecast completed successfully
2026-07-17 21:51:12,049 - inventory_backend.forecasting - INFO - Linear Regression (fast) forecast completed successfully
2026-07-17 21:51:12,052 - inventory_backend.forecasting - INFO - Linear Regression (fast) forecast completed successfully
2026-07-17 21:51:12,055 - inventory_backend.forecasting - INFO - Linear Regression (fast) forecast completed successfully
2026-07-17 21:51:12,057 - inventory_backend.forecasting - INFO - Linear Regression (fast) forecast completed successfully
2026-07-17 21:51:12,060 - inventory_backend.forecasting - INFO - Linear Regression (fast) forecast completed successfully
2026-07-17 21:51:12,063 - inventory_backend.forecasting - INFO - Linear Regression (fast) forecast completed successfully
2026-07-17 21:51:12,066 - inventory_backend.forecasting - INFO - Linear Regression (fast) forecast completed successfully
2026-07-17 21:51:12,069 - inventory_backend.forecasting - INFO - Linear Regression (fast) forecast completed successfully
2026-07-17 21:51:12,072 - inventory_backend.forecasting - INFO - Linear Regression (fast) forecast completed successfully
2026-07-17 21:51:12,074 - inventory_backend.forecasting - INFO - Linear Regression (fast) forecast completed successfully
2026-07-17 21:51:12,077 - inventory_backend.forecasting - INFO - Linear Regression (fast) forecast completed successfully
2026-07-17 21:51:12,080 - inventory_backend.forecasting - INFO - Linear Regression (fast) forecast completed successfully
2026-07-17 21:51:12,083 - inventory_backend.forecasting - INFO - Linear Regression (fast) forecast completed successfully
2026-07-17 21:51:12,085 - inventory_backend.forecasting - INFO - Linear Regression (fast) forecast completed successfully
2026-07-17 21:51:12,089 - inventory_backend.forecasting - INFO - Linear Regression (fast) forecast completed successfully
2026-07-17 21:51:12,091 - inventory_backend.forecasting - INFO - Linear Regression (fast) forecast completed successfully
2026-07-17 21:51:12,094 - inventory_backend.forecasting - INFO - Linear Regression (fast) forecast completed successfully
2026-07-17 21:51:12,096 - inventory_backend.forecasting - INFO - Linear Regression (fast) forecast completed successfully
2026-07-17 21:51:12,101 - inventory_backend.forecasting - INFO - Linear Regression (fast) forecast completed successfully
2026-07-17 21:51:12,105 - inventory_backend.forecasting - INFO - Linear Regression (fast) forecast completed successfully
2026-07-17 21:51:12,108 - inventory_backend.forecasting - INFO - Linear Regression (fast) forecast completed successfully
2026-07-17 21:51:12,111 - inventory_backend.forecasting - INFO - Linear Regression (fast) forecast completed successfully
2026-07-17 21:51:12,114 - inventory_backend.forecasting - INFO - Linear Regression (fast) forecast completed successfully
2026-07-17 21:51:12,118 - inventory_backend.forecasting - INFO - Linear Regression (fast) forecast completed successfully
2026-07-17 21:51:12,121 - inventory_backend.forecasting - INFO - Linear Regression (fast) forecast completed successfully
2026-07-17 21:51:12,124 - inventory_backend.forecasting - INFO - Linear Regression (fast) forecast completed successfully
2026-07-17 21:51:12,127 - inventory_backend.forecasting - INFO - Linear Regression (fast) forecast completed successfully
2026-07-17 21:51:12,129 - inventory_backend.forecasting - INFO - Linear Regression (fast) forecast completed successfully
2026-07-17 21:51:12,133 - inventory_backend.forecasting - INFO - Linear Regression (fast) forecast completed successfully
2026-07-17 21:51:12,136 - inventory_backend.forecasting - INFO - Linear Regression (fast) forecast completed successfully
2026-07-17 21:51:12,139 - inventory_backend.forecasting - INFO - Linear Regression (fast) forecast completed successfully
2026-07-17 21:51:12,140 - inventory_backend.prediction_engine - INFO - ML Pipeline execution finished. Generated 100 predictions.
2026-07-17 21:51:30,260 - inventory_backend.model_manager - INFO - Loaded pre-trained model and metadata from disk.
2026-07-17 21:51:30,260 - inventory_backend.fastapi_server - INFO - ✅ Pre-trained model loaded successfully (type=SVC, trained=2026-07-17T13:47:33.159203)
2026-07-17 21:52:16,206 - inventory_backend.fastapi_server - INFO - Saved 5000 rows to SQLite table 'dataset' (batch=e10df1b3)
2026-07-17 21:52:16,621 - inventory_backend.prediction_engine - INFO - Starting ML pipeline for 100 products...
2026-07-17 21:52:17,591 - inventory_backend.model_manager - INFO - Loaded pre-trained model and metadata from disk.
2026-07-17 21:52:17,592 - inventory_backend.model_manager - INFO - Skipping retraining: Data hash is unchanged, loaded cached model.
2026-07-17 21:52:17,592 - inventory_backend.model_manager - INFO - Loaded pre-trained model and metadata from disk.
2026-07-17 21:52:17,599 - inventory_backend.forecasting - INFO - Linear Regression (fast) forecast completed successfully
2026-07-17 21:52:17,602 - inventory_backend.forecasting - INFO - Linear Regression (fast) forecast completed successfully
2026-07-17 21:52:17,604 - inventory_backend.forecasting - INFO - Linear Regression (fast) forecast completed successfully
2026-07-17 21:52:17,607 - inventory_backend.forecasting - INFO - Linear Regression (fast) forecast completed successfully
2026-07-17 21:52:17,610 - inventory_backend.forecasting - INFO - Linear Regression (fast) forecast completed successfully
2026-07-17 21:52:17,612 - inventory_backend.forecasting - INFO - Linear Regression (fast) forecast completed successfully
2026-07-17 21:52:17,614 - inventory_backend.forecasting - INFO - Linear Regression (fast) forecast completed successfully
2026-07-17 21:52:17,617 - inventory_backend.forecasting - INFO - Linear Regression (fast) forecast completed successfully
2026-07-17 21:52:17,619 - inventory_backend.forecasting - INFO - Linear Regression (fast) forecast completed successfully
2026-07-17 21:52:17,621 - inventory_backend.forecasting - INFO - Linear Regression (fast) forecast completed successfully
2026-07-17 21:52:17,624 - inventory_backend.forecasting - INFO - Linear Regression (fast) forecast completed successfully
2026-07-17 21:52:17,627 - inventory_backend.forecasting - INFO - Linear Regression (fast) forecast completed successfully
2026-07-17 21:52:17,630 - inventory_backend.forecasting - INFO - Linear Regression (fast) forecast completed successfully
2026-07-17 21:52:17,632 - inventory_backend.forecasting - INFO - Linear Regression (fast) forecast completed successfully
2026-07-17 21:52:17,635 - inventory_backend.forecasting - INFO - Linear Regression (fast) forecast completed successfully
2026-07-17 21:52:17,637 - inventory_backend.forecasting - INFO - Linear Regression (fast) forecast completed successfully
2026-07-17 21:52:17,640 - inventory_backend.forecasting - INFO - Linear Regression (fast) forecast completed successfully
2026-07-17 21:52:17,642 - inventory_backend.forecasting - INFO - Linear Regression (fast) forecast completed successfully
2026-07-17 21:52:17,645 - inventory_backend.forecasting - INFO - Linear Regression (fast) forecast completed successfully
2026-07-17 21:52:17,648 - inventory_backend.forecasting - INFO - Linear Regression (fast) forecast completed successfully
2026-07-17 21:52:17,650 - inventory_backend.forecasting - INFO - Linear Regression (fast) forecast completed successfully
2026-07-17 21:52:17,653 - inventory_backend.forecasting - INFO - Linear Regression (fast) forecast completed successfully
2026-07-17 21:52:17,655 - inventory_backend.forecasting - INFO - Linear Regression (fast) forecast completed successfully
2026-07-17 21:52:17,657 - inventory_backend.forecasting - INFO - Linear Regression (fast) forecast completed successfully
2026-07-17 21:52:17,660 - inventory_backend.forecasting - INFO - Linear Regression (fast) forecast completed successfully
2026-07-17 21:52:17,662 - inventory_backend.forecasting - INFO - Linear Regression (fast) forecast completed successfully
2026-07-17 21:52:17,665 - inventory_backend.forecasting - INFO - Linear Regression (fast) forecast completed successfully
2026-07-17 21:52:17,667 - inventory_backend.forecasting - INFO - Linear Regression (fast) forecast completed successfully
2026-07-17 21:52:17,669 - inventory_backend.forecasting - INFO - Linear Regression (fast) forecast completed successfully
2026-07-17 21:52:17,672 - inventory_backend.forecasting - INFO - Linear Regression (fast) forecast completed successfully
2026-07-17 21:52:17,674 - inventory_backend.forecasting - INFO - Linear Regression (fast) forecast completed successfully
2026-07-17 21:52:17,676 - inventory_backend.forecasting - INFO - Linear Regression (fast) forecast completed successfully
2026-07-17 21:52:17,679 - inventory_backend.forecasting - INFO - Linear Regression (fast) forecast completed successfully
2026-07-17 21:52:17,681 - inventory_backend.forecasting - INFO - Linear Regression (fast) forecast completed successfully
2026-07-17 21:52:17,684 - inventory_backend.forecasting - INFO - Linear Regression (fast) forecast completed successfully
2026-07-17 21:52:17,687 - inventory_backend.forecasting - INFO - Linear Regression (fast) forecast completed successfully
2026-07-17 21:52:17,689 - inventory_backend.forecasting - INFO - Linear Regression (fast) forecast completed successfully
2026-07-17 21:52:17,692 - inventory_backend.forecasting - INFO - Linear Regression (fast) forecast completed successfully
2026-07-17 21:52:17,694 - inventory_backend.forecasting - INFO - Linear Regression (fast) forecast completed successfully
2026-07-17 21:52:17,697 - inventory_backend.forecasting - INFO - Linear Regression (fast) forecast completed successfully
2026-07-17 21:52:17,699 - inventory_backend.forecasting - INFO - Linear Regression (fast) forecast completed successfully
2026-07-17 21:52:17,702 - inventory_backend.forecasting - INFO - Linear Regression (fast) forecast completed successfully
2026-07-17 21:52:17,705 - inventory_backend.forecasting - INFO - Linear Regression (fast) forecast completed successfully
2026-07-17 21:52:17,707 - inventory_backend.forecasting - INFO - Linear Regression (fast) forecast completed successfully
2026-07-17 21:52:17,710 - inventory_backend.forecasting - INFO - Linear Regression (fast) forecast completed successfully
2026-07-17 21:52:17,712 - inventory_backend.forecasting - INFO - Linear Regression (fast) forecast completed successfully
2026-07-17 21:52:17,715 - inventory_backend.forecasting - INFO - Linear Regression (fast) forecast completed successfully
2026-07-17 21:52:17,717 - inventory_backend.forecasting - INFO - Linear Regression (fast) forecast completed successfully
2026-07-17 21:52:17,720 - inventory_backend.forecasting - INFO - Linear Regression (fast) forecast completed successfully
2026-07-17 21:52:17,722 - inventory_backend.forecasting - INFO - Linear Regression (fast) forecast completed successfully
2026-07-17 21:52:17,724 - inventory_backend.forecasting - INFO - Linear Regression (fast) forecast completed successfully
2026-07-17 21:52:17,727 - inventory_backend.forecasting - INFO - Linear Regression (fast) forecast completed successfully
2026-07-17 21:52:17,729 - inventory_backend.forecasting - INFO - Linear Regression (fast) forecast completed successfully
2026-07-17 21:52:17,732 - inventory_backend.forecasting - INFO - Linear Regression (fast) forecast completed successfully
2026-07-17 21:52:17,735 - inventory_backend.forecasting - INFO - Linear Regression (fast) forecast completed successfully
2026-07-17 21:52:17,738 - inventory_backend.forecasting - INFO - Linear Regression (fast) forecast completed successfully
2026-07-17 21:52:17,740 - inventory_backend.forecasting - INFO - Linear Regression (fast) forecast completed successfully
2026-07-17 21:52:17,743 - inventory_backend.forecasting - INFO - Linear Regression (fast) forecast completed successfully
2026-07-17 21:52:17,746 - inventory_backend.forecasting - INFO - Linear Regression (fast) forecast completed successfully
2026-07-17 21:52:17,748 - inventory_backend.forecasting - INFO - Linear Regression (fast) forecast completed successfully
2026-07-17 21:52:17,751 - inventory_backend.forecasting - INFO - Linear Regression (fast) forecast completed successfully
2026-07-17 21:52:17,753 - inventory_backend.forecasting - INFO - Linear Regression (fast) forecast completed successfully
2026-07-17 21:52:17,756 - inventory_backend.forecasting - INFO - Linear Regression (fast) forecast completed successfully
2026-07-17 21:52:17,758 - inventory_backend.forecasting - INFO - Linear Regression (fast) forecast completed successfully
2026-07-17 21:52:17,760 - inventory_backend.forecasting - INFO - Linear Regression (fast) forecast completed successfully
2026-07-17 21:52:17,763 - inventory_backend.forecasting - INFO - Linear Regression (fast) forecast completed successfully
2026-07-17 21:52:17,765 - inventory_backend.forecasting - INFO - Linear Regression (fast) forecast completed successfully
2026-07-17 21:52:17,767 - inventory_backend.forecasting - INFO - Linear Regression (fast) forecast completed successfully
2026-07-17 21:52:17,770 - inventory_backend.forecasting - INFO - Linear Regression (fast) forecast completed successfully
2026-07-17 21:52:17,772 - inventory_backend.forecasting - INFO - Linear Regression (fast) forecast completed successfully
2026-07-17 21:52:17,775 - inventory_backend.forecasting - INFO - Linear Regression (fast) forecast completed successfully
2026-07-17 21:52:17,778 - inventory_backend.forecasting - INFO - Linear Regression (fast) forecast completed successfully
2026-07-17 21:52:17,780 - inventory_backend.forecasting - INFO - Linear Regression (fast) forecast completed successfully
2026-07-17 21:52:17,786 - inventory_backend.forecasting - INFO - Linear Regression (fast) forecast completed successfully
2026-07-17 21:52:17,791 - inventory_backend.forecasting - INFO - Linear Regression (fast) forecast completed successfully
2026-07-17 21:52:17,798 - inventory_backend.forecasting - INFO - Linear Regression (fast) forecast completed successfully
2026-07-17 21:52:17,806 - inventory_backend.forecasting - INFO - Linear Regression (fast) forecast completed successfully
2026-07-17 21:52:17,811 - inventory_backend.forecasting - INFO - Linear Regression (fast) forecast completed successfully
2026-07-17 21:52:17,815 - inventory_backend.forecasting - INFO - Linear Regression (fast) forecast completed successfully
2026-07-17 21:52:17,818 - inventory_backend.forecasting - INFO - Linear Regression (fast) forecast completed successfully
2026-07-17 21:52:17,820 - inventory_backend.forecasting - INFO - Linear Regression (fast) forecast completed successfully
2026-07-17 21:52:17,823 - inventory_backend.forecasting - INFO - Linear Regression (fast) forecast completed successfully
2026-07-17 21:52:17,825 - inventory_backend.forecasting - INFO - Linear Regression (fast) forecast completed successfully
2026-07-17 21:52:17,828 - inventory_backend.forecasting - INFO - Linear Regression (fast) forecast completed successfully
2026-07-17 21:52:17,830 - inventory_backend.forecasting - INFO - Linear Regression (fast) forecast completed successfully
2026-07-17 21:52:17,833 - inventory_backend.forecasting - INFO - Linear Regression (fast) forecast completed successfully
2026-07-17 21:52:17,835 - inventory_backend.forecasting - INFO - Linear Regression (fast) forecast completed successfully
2026-07-17 21:52:17,837 - inventory_backend.forecasting - INFO - Linear Regression (fast) forecast completed successfully
2026-07-17 21:52:17,840 - inventory_backend.forecasting - INFO - Linear Regression (fast) forecast completed successfully
2026-07-17 21:52:17,843 - inventory_backend.forecasting - INFO - Linear Regression (fast) forecast completed successfully
2026-07-17 21:52:17,845 - inventory_backend.forecasting - INFO - Linear Regression (fast) forecast completed successfully
2026-07-17 21:52:17,848 - inventory_backend.forecasting - INFO - Linear Regression (fast) forecast completed successfully
2026-07-17 21:52:17,850 - inventory_backend.forecasting - INFO - Linear Regression (fast) forecast completed successfully
2026-07-17 21:52:17,853 - inventory_backend.forecasting - INFO - Linear Regression (fast) forecast completed successfully
2026-07-17 21:52:17,855 - inventory_backend.forecasting - INFO - Linear Regression (fast) forecast completed successfully
2026-07-17 21:52:17,857 - inventory_backend.forecasting - INFO - Linear Regression (fast) forecast completed successfully
2026-07-17 21:52:17,860 - inventory_backend.forecasting - INFO - Linear Regression (fast) forecast completed successfully
2026-07-17 21:52:17,862 - inventory_backend.forecasting - INFO - Linear Regression (fast) forecast completed successfully
2026-07-17 21:52:17,865 - inventory_backend.forecasting - INFO - Linear Regression (fast) forecast completed successfully
2026-07-17 21:52:17,867 - inventory_backend.forecasting - INFO - Linear Regression (fast) forecast completed successfully
2026-07-17 21:52:17,868 - inventory_backend.prediction_engine - INFO - ML Pipeline execution finished. Generated 100 predictions.
2026-07-17 21:53:09,343 - inventory_backend.model_manager - INFO - Loaded pre-trained model and metadata from disk.
2026-07-17 21:53:09,343 - inventory_backend.fastapi_server - INFO - ✅ Pre-trained model loaded successfully (type=SVC, trained=2026-07-17T13:47:33.159203)
2026-07-17 21:53:35,411 - inventory_backend.model_manager - INFO - Loaded pre-trained model and metadata from disk.
2026-07-17 21:53:35,411 - inventory_backend.fastapi_server - INFO - ✅ Pre-trained model loaded successfully (type=SVC, trained=2026-07-17T13:47:33.159203)
2026-07-17 21:54:19,484 - inventory_backend.model_manager - INFO - Loaded pre-trained model and metadata from disk.
2026-07-17 21:54:19,484 - inventory_backend.fastapi_server - INFO - ✅ Pre-trained model loaded successfully (type=SVC, trained=2026-07-17T13:47:33.159203)
2026-07-17 21:55:05,197 - inventory_backend.fastapi_server - INFO - Saved 5000 rows to SQLite table 'dataset' (batch=a67a4e89)
2026-07-17 21:55:05,616 - inventory_backend.prediction_engine - INFO - Starting ML pipeline for 100 products...
2026-07-17 21:55:06,585 - inventory_backend.model_manager - INFO - Loaded pre-trained model and metadata from disk.
2026-07-17 21:55:06,586 - inventory_backend.model_manager - INFO - Skipping retraining: Data hash is unchanged, loaded cached model.
2026-07-17 21:55:06,586 - inventory_backend.model_manager - INFO - Loaded pre-trained model and metadata from disk.
2026-07-17 21:55:06,597 - inventory_backend.forecasting - INFO - Linear Regression (fast) forecast completed successfully
2026-07-17 21:55:06,600 - inventory_backend.forecasting - INFO - Linear Regression (fast) forecast completed successfully
2026-07-17 21:55:06,602 - inventory_backend.forecasting - INFO - Linear Regression (fast) forecast completed successfully
2026-07-17 21:55:06,605 - inventory_backend.forecasting - INFO - Linear Regression (fast) forecast completed successfully
2026-07-17 21:55:06,607 - inventory_backend.forecasting - INFO - Linear Regression (fast) forecast completed successfully
2026-07-17 21:55:06,610 - inventory_backend.forecasting - INFO - Linear Regression (fast) forecast completed successfully
2026-07-17 21:55:06,612 - inventory_backend.forecasting - INFO - Linear Regression (fast) forecast completed successfully
2026-07-17 21:55:06,614 - inventory_backend.forecasting - INFO - Linear Regression (fast) forecast completed successfully
2026-07-17 21:55:06,616 - inventory_backend.forecasting - INFO - Linear Regression (fast) forecast completed successfully
2026-07-17 21:55:06,619 - inventory_backend.forecasting - INFO - Linear Regression (fast) forecast completed successfully
2026-07-17 21:55:06,621 - inventory_backend.forecasting - INFO - Linear Regression (fast) forecast completed successfully
2026-07-17 21:55:06,624 - inventory_backend.forecasting - INFO - Linear Regression (fast) forecast completed successfully
2026-07-17 21:55:06,626 - inventory_backend.forecasting - INFO - Linear Regression (fast) forecast completed successfully
2026-07-17 21:55:06,629 - inventory_backend.forecasting - INFO - Linear Regression (fast) forecast completed successfully
2026-07-17 21:55:06,631 - inventory_backend.forecasting - INFO - Linear Regression (fast) forecast completed successfully
2026-07-17 21:55:06,633 - inventory_backend.forecasting - INFO - Linear Regression (fast) forecast completed successfully
2026-07-17 21:55:06,636 - inventory_backend.forecasting - INFO - Linear Regression (fast) forecast completed successfully
2026-07-17 21:55:06,638 - inventory_backend.forecasting - INFO - Linear Regression (fast) forecast completed successfully
2026-07-17 21:55:06,640 - inventory_backend.forecasting - INFO - Linear Regression (fast) forecast completed successfully
2026-07-17 21:55:06,642 - inventory_backend.forecasting - INFO - Linear Regression (fast) forecast completed successfully
2026-07-17 21:55:06,644 - inventory_backend.forecasting - INFO - Linear Regression (fast) forecast completed successfully
2026-07-17 21:55:06,647 - inventory_backend.forecasting - INFO - Linear Regression (fast) forecast completed successfully
2026-07-17 21:55:06,649 - inventory_backend.forecasting - INFO - Linear Regression (fast) forecast completed successfully
2026-07-17 21:55:06,651 - inventory_backend.forecasting - INFO - Linear Regression (fast) forecast completed successfully
2026-07-17 21:55:06,653 - inventory_backend.forecasting - INFO - Linear Regression (fast) forecast completed successfully
2026-07-17 21:55:06,656 - inventory_backend.forecasting - INFO - Linear Regression (fast) forecast completed successfully
2026-07-17 21:55:06,658 - inventory_backend.forecasting - INFO - Linear Regression (fast) forecast completed successfully
2026-07-17 21:55:06,660 - inventory_backend.forecasting - INFO - Linear Regression (fast) forecast completed successfully
2026-07-17 21:55:06,662 - inventory_backend.forecasting - INFO - Linear Regression (fast) forecast completed successfully
2026-07-17 21:55:06,664 - inventory_backend.forecasting - INFO - Linear Regression (fast) forecast completed successfully
2026-07-17 21:55:06,666 - inventory_backend.forecasting - INFO - Linear Regression (fast) forecast completed successfully
2026-07-17 21:55:06,669 - inventory_backend.forecasting - INFO - Linear Regression (fast) forecast completed successfully
2026-07-17 21:55:06,671 - inventory_backend.forecasting - INFO - Linear Regression (fast) forecast completed successfully
2026-07-17 21:55:06,673 - inventory_backend.forecasting - INFO - Linear Regression (fast) forecast completed successfully
2026-07-17 21:55:06,675 - inventory_backend.forecasting - INFO - Linear Regression (fast) forecast completed successfully
2026-07-17 21:55:06,677 - inventory_backend.forecasting - INFO - Linear Regression (fast) forecast completed successfully
2026-07-17 21:55:06,680 - inventory_backend.forecasting - INFO - Linear Regression (fast) forecast completed successfully
2026-07-17 21:55:06,682 - inventory_backend.forecasting - INFO - Linear Regression (fast) forecast completed successfully
2026-07-17 21:55:06,684 - inventory_backend.forecasting - INFO - Linear Regression (fast) forecast completed successfully
2026-07-17 21:55:06,686 - inventory_backend.forecasting - INFO - Linear Regression (fast) forecast completed successfully
2026-07-17 21:55:06,688 - inventory_backend.forecasting - INFO - Linear Regression (fast) forecast completed successfully
2026-07-17 21:55:06,691 - inventory_backend.forecasting - INFO - Linear Regression (fast) forecast completed successfully
2026-07-17 21:55:06,693 - inventory_backend.forecasting - INFO - Linear Regression (fast) forecast completed successfully
2026-07-17 21:55:06,695 - inventory_backend.forecasting - INFO - Linear Regression (fast) forecast completed successfully
2026-07-17 21:55:06,697 - inventory_backend.forecasting - INFO - Linear Regression (fast) forecast completed successfully
2026-07-17 21:55:06,699 - inventory_backend.forecasting - INFO - Linear Regression (fast) forecast completed successfully
2026-07-17 21:55:06,701 - inventory_backend.forecasting - INFO - Linear Regression (fast) forecast completed successfully
2026-07-17 21:55:06,704 - inventory_backend.forecasting - INFO - Linear Regression (fast) forecast completed successfully
2026-07-17 21:55:06,707 - inventory_backend.forecasting - INFO - Linear Regression (fast) forecast completed successfully
2026-07-17 21:55:06,711 - inventory_backend.forecasting - INFO - Linear Regression (fast) forecast completed successfully
2026-07-17 21:55:06,713 - inventory_backend.forecasting - INFO - Linear Regression (fast) forecast completed successfully
2026-07-17 21:55:06,715 - inventory_backend.forecasting - INFO - Linear Regression (fast) forecast completed successfully
2026-07-17 21:55:06,718 - inventory_backend.forecasting - INFO - Linear Regression (fast) forecast completed successfully
2026-07-17 21:55:06,720 - inventory_backend.forecasting - INFO - Linear Regression (fast) forecast completed successfully
2026-07-17 21:55:06,722 - inventory_backend.forecasting - INFO - Linear Regression (fast) forecast completed successfully
2026-07-17 21:55:06,724 - inventory_backend.forecasting - INFO - Linear Regression (fast) forecast completed successfully
2026-07-17 21:55:06,726 - inventory_backend.forecasting - INFO - Linear Regression (fast) forecast completed successfully
2026-07-17 21:55:06,729 - inventory_backend.forecasting - INFO - Linear Regression (fast) forecast completed successfully
2026-07-17 21:55:06,731 - inventory_backend.forecasting - INFO - Linear Regression (fast) forecast completed successfully
2026-07-17 21:55:06,733 - inventory_backend.forecasting - INFO - Linear Regression (fast) forecast completed successfully
2026-07-17 21:55:06,735 - inventory_backend.forecasting - INFO - Linear Regression (fast) forecast completed successfully
2026-07-17 21:55:06,738 - inventory_backend.forecasting - INFO - Linear Regression (fast) forecast completed successfully
2026-07-17 21:55:06,740 - inventory_backend.forecasting - INFO - Linear Regression (fast) forecast completed successfully
2026-07-17 21:55:06,742 - inventory_backend.forecasting - INFO - Linear Regression (fast) forecast completed successfully
2026-07-17 21:55:06,744 - inventory_backend.forecasting - INFO - Linear Regression (fast) forecast completed successfully
2026-07-17 21:55:06,747 - inventory_backend.forecasting - INFO - Linear Regression (fast) forecast completed successfully
2026-07-17 21:55:06,749 - inventory_backend.forecasting - INFO - Linear Regression (fast) forecast completed successfully
2026-07-17 21:55:06,751 - inventory_backend.forecasting - INFO - Linear Regression (fast) forecast completed successfully
2026-07-17 21:55:06,753 - inventory_backend.forecasting - INFO - Linear Regression (fast) forecast completed successfully
2026-07-17 21:55:06,756 - inventory_backend.forecasting - INFO - Linear Regression (fast) forecast completed successfully
2026-07-17 21:55:06,758 - inventory_backend.forecasting - INFO - Linear Regression (fast) forecast completed successfully
2026-07-17 21:55:06,760 - inventory_backend.forecasting - INFO - Linear Regression (fast) forecast completed successfully
2026-07-17 21:55:06,762 - inventory_backend.forecasting - INFO - Linear Regression (fast) forecast completed successfully
2026-07-17 21:55:06,765 - inventory_backend.forecasting - INFO - Linear Regression (fast) forecast completed successfully
2026-07-17 21:55:06,767 - inventory_backend.forecasting - INFO - Linear Regression (fast) forecast completed successfully
2026-07-17 21:55:06,770 - inventory_backend.forecasting - INFO - Linear Regression (fast) forecast completed successfully
2026-07-17 21:55:06,772 - inventory_backend.forecasting - INFO - Linear Regression (fast) forecast completed successfully
2026-07-17 21:55:06,774 - inventory_backend.forecasting - INFO - Linear Regression (fast) forecast completed successfully
2026-07-17 21:55:06,777 - inventory_backend.forecasting - INFO - Linear Regression (fast) forecast completed successfully
2026-07-17 21:55:06,779 - inventory_backend.forecasting - INFO - Linear Regression (fast) forecast completed successfully
2026-07-17 21:55:06,781 - inventory_backend.forecasting - INFO - Linear Regression (fast) forecast completed successfully
2026-07-17 21:55:06,783 - inventory_backend.forecasting - INFO - Linear Regression (fast) forecast completed successfully
2026-07-17 21:55:06,786 - inventory_backend.forecasting - INFO - Linear Regression (fast) forecast completed successfully
2026-07-17 21:55:06,788 - inventory_backend.forecasting - INFO - Linear Regression (fast) forecast completed successfully
2026-07-17 21:55:06,790 - inventory_backend.forecasting - INFO - Linear Regression (fast) forecast completed successfully
2026-07-17 21:55:06,793 - inventory_backend.forecasting - INFO - Linear Regression (fast) forecast completed successfully
2026-07-17 21:55:06,795 - inventory_backend.forecasting - INFO - Linear Regression (fast) forecast completed successfully
2026-07-17 21:55:06,797 - inventory_backend.forecasting - INFO - Linear Regression (fast) forecast completed successfully
2026-07-17 21:55:06,799 - inventory_backend.forecasting - INFO - Linear Regression (fast) forecast completed successfully
2026-07-17 21:55:06,802 - inventory_backend.forecasting - INFO - Linear Regression (fast) forecast completed successfully
2026-07-17 21:55:06,804 - inventory_backend.forecasting - INFO - Linear Regression (fast) forecast completed successfully
2026-07-17 21:55:06,806 - inventory_backend.forecasting - INFO - Linear Regression (fast) forecast completed successfully
2026-07-17 21:55:06,808 - inventory_backend.forecasting - INFO - Linear Regression (fast) forecast completed successfully
2026-07-17 21:55:06,811 - inventory_backend.forecasting - INFO - Linear Regression (fast) forecast completed successfully
2026-07-17 21:55:06,813 - inventory_backend.forecasting - INFO - Linear Regression (fast) forecast completed successfully
2026-07-17 21:55:06,815 - inventory_backend.forecasting - INFO - Linear Regression (fast) forecast completed successfully
2026-07-17 21:55:06,818 - inventory_backend.forecasting - INFO - Linear Regression (fast) forecast completed successfully
2026-07-17 21:55:06,820 - inventory_backend.forecasting - INFO - Linear Regression (fast) forecast completed successfully
2026-07-17 21:55:06,822 - inventory_backend.forecasting - INFO - Linear Regression (fast) forecast completed successfully
2026-07-17 21:55:06,824 - inventory_backend.forecasting - INFO - Linear Regression (fast) forecast completed successfully
2026-07-17 21:55:06,825 - inventory_backend.prediction_engine - INFO - ML Pipeline execution finished. Generated 100 predictions.
2026-07-17 21:55:49,596 - inventory_backend.model_manager - INFO - Loaded pre-trained model and metadata from disk.
2026-07-17 21:55:49,596 - inventory_backend.fastapi_server - INFO - ✅ Pre-trained model loaded successfully (type=SVC, trained=2026-07-17T13:47:33.159203)
2026-07-17 21:56:20,766 - inventory_backend.fastapi_server - INFO - Saved 5000 rows to SQLite table 'dataset' (batch=6de94318)
2026-07-17 21:56:21,190 - inventory_backend.prediction_engine - INFO - Starting ML pipeline for 100 products...
2026-07-17 21:56:22,169 - inventory_backend.model_manager - INFO - Loaded pre-trained model and metadata from disk.
2026-07-17 21:56:22,169 - inventory_backend.model_manager - INFO - Skipping retraining: Data hash is unchanged, loaded cached model.
2026-07-17 21:56:22,169 - inventory_backend.model_manager - INFO - Loaded pre-trained model and metadata from disk.
2026-07-17 21:56:22,180 - inventory_backend.forecasting - INFO - Linear Regression (fast) forecast completed successfully
2026-07-17 21:56:22,183 - inventory_backend.forecasting - INFO - Linear Regression (fast) forecast completed successfully
2026-07-17 21:56:22,186 - inventory_backend.forecasting - INFO - Linear Regression (fast) forecast completed successfully
2026-07-17 21:56:22,188 - inventory_backend.forecasting - INFO - Linear Regression (fast) forecast completed successfully
2026-07-17 21:56:22,190 - inventory_backend.forecasting - INFO - Linear Regression (fast) forecast completed successfully
2026-07-17 21:56:22,192 - inventory_backend.forecasting - INFO - Linear Regression (fast) forecast completed successfully
2026-07-17 21:56:22,195 - inventory_backend.forecasting - INFO - Linear Regression (fast) forecast completed successfully
2026-07-17 21:56:22,197 - inventory_backend.forecasting - INFO - Linear Regression (fast) forecast completed successfully
2026-07-17 21:56:22,200 - inventory_backend.forecasting - INFO - Linear Regression (fast) forecast completed successfully
2026-07-17 21:56:22,202 - inventory_backend.forecasting - INFO - Linear Regression (fast) forecast completed successfully
2026-07-17 21:56:22,204 - inventory_backend.forecasting - INFO - Linear Regression (fast) forecast completed successfully
2026-07-17 21:56:22,207 - inventory_backend.forecasting - INFO - Linear Regression (fast) forecast completed successfully
2026-07-17 21:56:22,209 - inventory_backend.forecasting - INFO - Linear Regression (fast) forecast completed successfully
2026-07-17 21:56:22,212 - inventory_backend.forecasting - INFO - Linear Regression (fast) forecast completed successfully
2026-07-17 21:56:22,214 - inventory_backend.forecasting - INFO - Linear Regression (fast) forecast completed successfully
2026-07-17 21:56:22,216 - inventory_backend.forecasting - INFO - Linear Regression (fast) forecast completed successfully
2026-07-17 21:56:22,218 - inventory_backend.forecasting - INFO - Linear Regression (fast) forecast completed successfully
2026-07-17 21:56:22,221 - inventory_backend.forecasting - INFO - Linear Regression (fast) forecast completed successfully
2026-07-17 21:56:22,223 - inventory_backend.forecasting - INFO - Linear Regression (fast) forecast completed successfully
2026-07-17 21:56:22,225 - inventory_backend.forecasting - INFO - Linear Regression (fast) forecast completed successfully
2026-07-17 21:56:22,227 - inventory_backend.forecasting - INFO - Linear Regression (fast) forecast completed successfully
2026-07-17 21:56:22,229 - inventory_backend.forecasting - INFO - Linear Regression (fast) forecast completed successfully
2026-07-17 21:56:22,232 - inventory_backend.forecasting - INFO - Linear Regression (fast) forecast completed successfully
2026-07-17 21:56:22,234 - inventory_backend.forecasting - INFO - Linear Regression (fast) forecast completed successfully
2026-07-17 21:56:22,236 - inventory_backend.forecasting - INFO - Linear Regression (fast) forecast completed successfully
2026-07-17 21:56:22,238 - inventory_backend.forecasting - INFO - Linear Regression (fast) forecast completed successfully
2026-07-17 21:56:22,241 - inventory_backend.forecasting - INFO - Linear Regression (fast) forecast completed successfully
2026-07-17 21:56:22,243 - inventory_backend.forecasting - INFO - Linear Regression (fast) forecast completed successfully
2026-07-17 21:56:22,245 - inventory_backend.forecasting - INFO - Linear Regression (fast) forecast completed successfully
2026-07-17 21:56:22,247 - inventory_backend.forecasting - INFO - Linear Regression (fast) forecast completed successfully
2026-07-17 21:56:22,250 - inventory_backend.forecasting - INFO - Linear Regression (fast) forecast completed successfully
2026-07-17 21:56:22,252 - inventory_backend.forecasting - INFO - Linear Regression (fast) forecast completed successfully
2026-07-17 21:56:22,254 - inventory_backend.forecasting - INFO - Linear Regression (fast) forecast completed successfully
2026-07-17 21:56:22,257 - inventory_backend.forecasting - INFO - Linear Regression (fast) forecast completed successfully
2026-07-17 21:56:22,260 - inventory_backend.forecasting - INFO - Linear Regression (fast) forecast completed successfully
2026-07-17 21:56:22,262 - inventory_backend.forecasting - INFO - Linear Regression (fast) forecast completed successfully
2026-07-17 21:56:22,265 - inventory_backend.forecasting - INFO - Linear Regression (fast) forecast completed successfully
2026-07-17 21:56:22,267 - inventory_backend.forecasting - INFO - Linear Regression (fast) forecast completed successfully
2026-07-17 21:56:22,269 - inventory_backend.forecasting - INFO - Linear Regression (fast) forecast completed successfully
2026-07-17 21:56:22,272 - inventory_backend.forecasting - INFO - Linear Regression (fast) forecast completed successfully
2026-07-17 21:56:22,274 - inventory_backend.forecasting - INFO - Linear Regression (fast) forecast completed successfully
2026-07-17 21:56:22,276 - inventory_backend.forecasting - INFO - Linear Regression (fast) forecast completed successfully
2026-07-17 21:56:22,278 - inventory_backend.forecasting - INFO - Linear Regression (fast) forecast completed successfully
2026-07-17 21:56:22,281 - inventory_backend.forecasting - INFO - Linear Regression (fast) forecast completed successfully
2026-07-17 21:56:22,283 - inventory_backend.forecasting - INFO - Linear Regression (fast) forecast completed successfully
2026-07-17 21:56:22,285 - inventory_backend.forecasting - INFO - Linear Regression (fast) forecast completed successfully
2026-07-17 21:56:22,287 - inventory_backend.forecasting - INFO - Linear Regression (fast) forecast completed successfully
2026-07-17 21:56:22,290 - inventory_backend.forecasting - INFO - Linear Regression (fast) forecast completed successfully
2026-07-17 21:56:22,292 - inventory_backend.forecasting - INFO - Linear Regression (fast) forecast completed successfully
2026-07-17 21:56:22,294 - inventory_backend.forecasting - INFO - Linear Regression (fast) forecast completed successfully
2026-07-17 21:56:22,296 - inventory_backend.forecasting - INFO - Linear Regression (fast) forecast completed successfully
2026-07-17 21:56:22,299 - inventory_backend.forecasting - INFO - Linear Regression (fast) forecast completed successfully
2026-07-17 21:56:22,301 - inventory_backend.forecasting - INFO - Linear Regression (fast) forecast completed successfully
2026-07-17 21:56:22,303 - inventory_backend.forecasting - INFO - Linear Regression (fast) forecast completed successfully
2026-07-17 21:56:22,305 - inventory_backend.forecasting - INFO - Linear Regression (fast) forecast completed successfully
2026-07-17 21:56:22,307 - inventory_backend.forecasting - INFO - Linear Regression (fast) forecast completed successfully
2026-07-17 21:56:22,310 - inventory_backend.forecasting - INFO - Linear Regression (fast) forecast completed successfully
2026-07-17 21:56:22,312 - inventory_backend.forecasting - INFO - Linear Regression (fast) forecast completed successfully
2026-07-17 21:56:22,314 - inventory_backend.forecasting - INFO - Linear Regression (fast) forecast completed successfully
2026-07-17 21:56:22,316 - inventory_backend.forecasting - INFO - Linear Regression (fast) forecast completed successfully
2026-07-17 21:56:22,318 - inventory_backend.forecasting - INFO - Linear Regression (fast) forecast completed successfully
2026-07-17 21:56:22,321 - inventory_backend.forecasting - INFO - Linear Regression (fast) forecast completed successfully
2026-07-17 21:56:22,323 - inventory_backend.forecasting - INFO - Linear Regression (fast) forecast completed successfully
2026-07-17 21:56:22,325 - inventory_backend.forecasting - INFO - Linear Regression (fast) forecast completed successfully
2026-07-17 21:56:22,327 - inventory_backend.forecasting - INFO - Linear Regression (fast) forecast completed successfully
2026-07-17 21:56:22,330 - inventory_backend.forecasting - INFO - Linear Regression (fast) forecast completed successfully
2026-07-17 21:56:22,332 - inventory_backend.forecasting - INFO - Linear Regression (fast) forecast completed successfully
2026-07-17 21:56:22,334 - inventory_backend.forecasting - INFO - Linear Regression (fast) forecast completed successfully
2026-07-17 21:56:22,336 - inventory_backend.forecasting - INFO - Linear Regression (fast) forecast completed successfully
2026-07-17 21:56:22,339 - inventory_backend.forecasting - INFO - Linear Regression (fast) forecast completed successfully
2026-07-17 21:56:22,341 - inventory_backend.forecasting - INFO - Linear Regression (fast) forecast completed successfully
2026-07-17 21:56:22,343 - inventory_backend.forecasting - INFO - Linear Regression (fast) forecast completed successfully
2026-07-17 21:56:22,345 - inventory_backend.forecasting - INFO - Linear Regression (fast) forecast completed successfully
2026-07-17 21:56:22,348 - inventory_backend.forecasting - INFO - Linear Regression (fast) forecast completed successfully
2026-07-17 21:56:22,350 - inventory_backend.forecasting - INFO - Linear Regression (fast) forecast completed successfully
2026-07-17 21:56:22,352 - inventory_backend.forecasting - INFO - Linear Regression (fast) forecast completed successfully
2026-07-17 21:56:22,355 - inventory_backend.forecasting - INFO - Linear Regression (fast) forecast completed successfully
2026-07-17 21:56:22,357 - inventory_backend.forecasting - INFO - Linear Regression (fast) forecast completed successfully
2026-07-17 21:56:22,359 - inventory_backend.forecasting - INFO - Linear Regression (fast) forecast completed successfully
2026-07-17 21:56:22,361 - inventory_backend.forecasting - INFO - Linear Regression (fast) forecast completed successfully
2026-07-17 21:56:22,364 - inventory_backend.forecasting - INFO - Linear Regression (fast) forecast completed successfully
2026-07-17 21:56:22,366 - inventory_backend.forecasting - INFO - Linear Regression (fast) forecast completed successfully
2026-07-17 21:56:22,368 - inventory_backend.forecasting - INFO - Linear Regression (fast) forecast completed successfully
2026-07-17 21:56:22,371 - inventory_backend.forecasting - INFO - Linear Regression (fast) forecast completed successfully
2026-07-17 21:56:22,373 - inventory_backend.forecasting - INFO - Linear Regression (fast) forecast completed successfully
2026-07-17 21:56:22,375 - inventory_backend.forecasting - INFO - Linear Regression (fast) forecast completed successfully
2026-07-17 21:56:22,377 - inventory_backend.forecasting - INFO - Linear Regression (fast) forecast completed successfully
2026-07-17 21:56:22,380 - inventory_backend.forecasting - INFO - Linear Regression (fast) forecast completed successfully
2026-07-17 21:56:22,382 - inventory_backend.forecasting - INFO - Linear Regression (fast) forecast completed successfully
2026-07-17 21:56:22,384 - inventory_backend.forecasting - INFO - Linear Regression (fast) forecast completed successfully
2026-07-17 21:56:22,386 - inventory_backend.forecasting - INFO - Linear Regression (fast) forecast completed successfully
2026-07-17 21:56:22,389 - inventory_backend.forecasting - INFO - Linear Regression (fast) forecast completed successfully
2026-07-17 21:56:22,391 - inventory_backend.forecasting - INFO - Linear Regression (fast) forecast completed successfully
2026-07-17 21:56:22,393 - inventory_backend.forecasting - INFO - Linear Regression (fast) forecast completed successfully
2026-07-17 21:56:22,395 - inventory_backend.forecasting - INFO - Linear Regression (fast) forecast completed successfully
2026-07-17 21:56:22,398 - inventory_backend.forecasting - INFO - Linear Regression (fast) forecast completed successfully
2026-07-17 21:56:22,400 - inventory_backend.forecasting - INFO - Linear Regression (fast) forecast completed successfully
2026-07-17 21:56:22,402 - inventory_backend.forecasting - INFO - Linear Regression (fast) forecast completed successfully
2026-07-17 21:56:22,404 - inventory_backend.forecasting - INFO - Linear Regression (fast) forecast completed successfully
2026-07-17 21:56:22,407 - inventory_backend.forecasting - INFO - Linear Regression (fast) forecast completed successfully
2026-07-17 21:56:22,407 - inventory_backend.prediction_engine - INFO - ML Pipeline execution finished. Generated 100 predictions.
2026-07-17 21:58:10,750 - inventory_backend.fastapi_server - INFO - Saved 5000 rows to SQLite table 'dataset' (batch=902f7486)
2026-07-17 21:58:11,226 - inventory_backend.prediction_engine - INFO - Starting ML pipeline for 100 products...
2026-07-17 21:58:12,210 - inventory_backend.model_manager - INFO - Loaded pre-trained model and metadata from disk.
2026-07-17 21:58:12,210 - inventory_backend.model_manager - INFO - Skipping retraining: Data hash is unchanged, loaded cached model.
2026-07-17 21:58:12,211 - inventory_backend.model_manager - INFO - Loaded pre-trained model and metadata from disk.
2026-07-17 21:58:12,213 - inventory_backend.forecasting - INFO - Linear Regression (fast) forecast completed successfully
2026-07-17 21:58:12,217 - inventory_backend.forecasting - INFO - Linear Regression (fast) forecast completed successfully
2026-07-17 21:58:12,220 - inventory_backend.forecasting - INFO - Linear Regression (fast) forecast completed successfully
2026-07-17 21:58:12,222 - inventory_backend.forecasting - INFO - Linear Regression (fast) forecast completed successfully
2026-07-17 21:58:12,225 - inventory_backend.forecasting - INFO - Linear Regression (fast) forecast completed successfully
2026-07-17 21:58:12,227 - inventory_backend.forecasting - INFO - Linear Regression (fast) forecast completed successfully
2026-07-17 21:58:12,230 - inventory_backend.forecasting - INFO - Linear Regression (fast) forecast completed successfully
2026-07-17 21:58:12,232 - inventory_backend.forecasting - INFO - Linear Regression (fast) forecast completed successfully
2026-07-17 21:58:12,235 - inventory_backend.forecasting - INFO - Linear Regression (fast) forecast completed successfully
2026-07-17 21:58:12,237 - inventory_backend.forecasting - INFO - Linear Regression (fast) forecast completed successfully
2026-07-17 21:58:12,240 - inventory_backend.forecasting - INFO - Linear Regression (fast) forecast completed successfully
2026-07-17 21:58:12,242 - inventory_backend.forecasting - INFO - Linear Regression (fast) forecast completed successfully
2026-07-17 21:58:12,244 - inventory_backend.forecasting - INFO - Linear Regression (fast) forecast completed successfully
2026-07-17 21:58:12,247 - inventory_backend.forecasting - INFO - Linear Regression (fast) forecast completed successfully
2026-07-17 21:58:12,249 - inventory_backend.forecasting - INFO - Linear Regression (fast) forecast completed successfully
2026-07-17 21:58:12,252 - inventory_backend.forecasting - INFO - Linear Regression (fast) forecast completed successfully
2026-07-17 21:58:12,255 - inventory_backend.forecasting - INFO - Linear Regression (fast) forecast completed successfully
2026-07-17 21:58:12,257 - inventory_backend.forecasting - INFO - Linear Regression (fast) forecast completed successfully
2026-07-17 21:58:12,260 - inventory_backend.forecasting - INFO - Linear Regression (fast) forecast completed successfully
2026-07-17 21:58:12,262 - inventory_backend.forecasting - INFO - Linear Regression (fast) forecast completed successfully
2026-07-17 21:58:12,266 - inventory_backend.forecasting - INFO - Linear Regression (fast) forecast completed successfully
2026-07-17 21:58:12,268 - inventory_backend.forecasting - INFO - Linear Regression (fast) forecast completed successfully
2026-07-17 21:58:12,270 - inventory_backend.forecasting - INFO - Linear Regression (fast) forecast completed successfully
2026-07-17 21:58:12,273 - inventory_backend.forecasting - INFO - Linear Regression (fast) forecast completed successfully
2026-07-17 21:58:12,275 - inventory_backend.forecasting - INFO - Linear Regression (fast) forecast completed successfully
2026-07-17 21:58:12,277 - inventory_backend.forecasting - INFO - Linear Regression (fast) forecast completed successfully
2026-07-17 21:58:12,279 - inventory_backend.forecasting - INFO - Linear Regression (fast) forecast completed successfully
2026-07-17 21:58:12,282 - inventory_backend.forecasting - INFO - Linear Regression (fast) forecast completed successfully
2026-07-17 21:58:12,285 - inventory_backend.forecasting - INFO - Linear Regression (fast) forecast completed successfully
2026-07-17 21:58:12,287 - inventory_backend.forecasting - INFO - Linear Regression (fast) forecast completed successfully
2026-07-17 21:58:12,290 - inventory_backend.forecasting - INFO - Linear Regression (fast) forecast completed successfully
2026-07-17 21:58:12,292 - inventory_backend.forecasting - INFO - Linear Regression (fast) forecast completed successfully
2026-07-17 21:58:12,294 - inventory_backend.forecasting - INFO - Linear Regression (fast) forecast completed successfully
2026-07-17 21:58:12,297 - inventory_backend.forecasting - INFO - Linear Regression (fast) forecast completed successfully
2026-07-17 21:58:12,299 - inventory_backend.forecasting - INFO - Linear Regression (fast) forecast completed successfully
2026-07-17 21:58:12,301 - inventory_backend.forecasting - INFO - Linear Regression (fast) forecast completed successfully
2026-07-17 21:58:12,303 - inventory_backend.forecasting - INFO - Linear Regression (fast) forecast completed successfully
2026-07-17 21:58:12,306 - inventory_backend.forecasting - INFO - Linear Regression (fast) forecast completed successfully
2026-07-17 21:58:12,308 - inventory_backend.forecasting - INFO - Linear Regression (fast) forecast completed successfully
2026-07-17 21:58:12,310 - inventory_backend.forecasting - INFO - Linear Regression (fast) forecast completed successfully
2026-07-17 21:58:12,313 - inventory_backend.forecasting - INFO - Linear Regression (fast) forecast completed successfully
2026-07-17 21:58:12,315 - inventory_backend.forecasting - INFO - Linear Regression (fast) forecast completed successfully
2026-07-17 21:58:12,317 - inventory_backend.forecasting - INFO - Linear Regression (fast) forecast completed successfully
2026-07-17 21:58:12,319 - inventory_backend.forecasting - INFO - Linear Regression (fast) forecast completed successfully
2026-07-17 21:58:12,322 - inventory_backend.forecasting - INFO - Linear Regression (fast) forecast completed successfully
2026-07-17 21:58:12,324 - inventory_backend.forecasting - INFO - Linear Regression (fast) forecast completed successfully
2026-07-17 21:58:12,326 - inventory_backend.forecasting - INFO - Linear Regression (fast) forecast completed successfully
2026-07-17 21:58:12,328 - inventory_backend.forecasting - INFO - Linear Regression (fast) forecast completed successfully
2026-07-17 21:58:12,331 - inventory_backend.forecasting - INFO - Linear Regression (fast) forecast completed successfully
2026-07-17 21:58:12,333 - inventory_backend.forecasting - INFO - Linear Regression (fast) forecast completed successfully
2026-07-17 21:58:12,335 - inventory_backend.forecasting - INFO - Linear Regression (fast) forecast completed successfully
2026-07-17 21:58:12,337 - inventory_backend.forecasting - INFO - Linear Regression (fast) forecast completed successfully
2026-07-17 21:58:12,339 - inventory_backend.forecasting - INFO - Linear Regression (fast) forecast completed successfully
2026-07-17 21:58:12,342 - inventory_backend.forecasting - INFO - Linear Regression (fast) forecast completed successfully
2026-07-17 21:58:12,344 - inventory_backend.forecasting - INFO - Linear Regression (fast) forecast completed successfully
2026-07-17 21:58:12,346 - inventory_backend.forecasting - INFO - Linear Regression (fast) forecast completed successfully
2026-07-17 21:58:12,348 - inventory_backend.forecasting - INFO - Linear Regression (fast) forecast completed successfully
2026-07-17 21:58:12,350 - inventory_backend.forecasting - INFO - Linear Regression (fast) forecast completed successfully
2026-07-17 21:58:12,353 - inventory_backend.forecasting - INFO - Linear Regression (fast) forecast completed successfully
2026-07-17 21:58:12,355 - inventory_backend.forecasting - INFO - Linear Regression (fast) forecast completed successfully
2026-07-17 21:58:12,357 - inventory_backend.forecasting - INFO - Linear Regression (fast) forecast completed successfully
2026-07-17 21:58:12,359 - inventory_backend.forecasting - INFO - Linear Regression (fast) forecast completed successfully
2026-07-17 21:58:12,361 - inventory_backend.forecasting - INFO - Linear Regression (fast) forecast completed successfully
2026-07-17 21:58:12,364 - inventory_backend.forecasting - INFO - Linear Regression (fast) forecast completed successfully
2026-07-17 21:58:12,366 - inventory_backend.forecasting - INFO - Linear Regression (fast) forecast completed successfully
2026-07-17 21:58:12,368 - inventory_backend.forecasting - INFO - Linear Regression (fast) forecast completed successfully
2026-07-17 21:58:12,370 - inventory_backend.forecasting - INFO - Linear Regression (fast) forecast completed successfully
2026-07-17 21:58:12,372 - inventory_backend.forecasting - INFO - Linear Regression (fast) forecast completed successfully
2026-07-17 21:58:12,375 - inventory_backend.forecasting - INFO - Linear Regression (fast) forecast completed successfully
2026-07-17 21:58:12,377 - inventory_backend.forecasting - INFO - Linear Regression (fast) forecast completed successfully
2026-07-17 21:58:12,379 - inventory_backend.forecasting - INFO - Linear Regression (fast) forecast completed successfully
2026-07-17 21:58:12,381 - inventory_backend.forecasting - INFO - Linear Regression (fast) forecast completed successfully
2026-07-17 21:58:12,383 - inventory_backend.forecasting - INFO - Linear Regression (fast) forecast completed successfully
2026-07-17 21:58:12,386 - inventory_backend.forecasting - INFO - Linear Regression (fast) forecast completed successfully
2026-07-17 21:58:12,388 - inventory_backend.forecasting - INFO - Linear Regression (fast) forecast completed successfully
2026-07-17 21:58:12,391 - inventory_backend.forecasting - INFO - Linear Regression (fast) forecast completed successfully
2026-07-17 21:58:12,393 - inventory_backend.forecasting - INFO - Linear Regression (fast) forecast completed successfully
2026-07-17 21:58:12,396 - inventory_backend.forecasting - INFO - Linear Regression (fast) forecast completed successfully
2026-07-17 21:58:12,398 - inventory_backend.forecasting - INFO - Linear Regression (fast) forecast completed successfully
2026-07-17 21:58:12,401 - inventory_backend.forecasting - INFO - Linear Regression (fast) forecast completed successfully
2026-07-17 21:58:12,403 - inventory_backend.forecasting - INFO - Linear Regression (fast) forecast completed successfully
2026-07-17 21:58:12,405 - inventory_backend.forecasting - INFO - Linear Regression (fast) forecast completed successfully
2026-07-17 21:58:12,407 - inventory_backend.forecasting - INFO - Linear Regression (fast) forecast completed successfully
2026-07-17 21:58:12,410 - inventory_backend.forecasting - INFO - Linear Regression (fast) forecast completed successfully
2026-07-17 21:58:12,412 - inventory_backend.forecasting - INFO - Linear Regression (fast) forecast completed successfully
2026-07-17 21:58:12,415 - inventory_backend.forecasting - INFO - Linear Regression (fast) forecast completed successfully
2026-07-17 21:58:12,417 - inventory_backend.forecasting - INFO - Linear Regression (fast) forecast completed successfully
2026-07-17 21:58:12,419 - inventory_backend.forecasting - INFO - Linear Regression (fast) forecast completed successfully
2026-07-17 21:58:12,421 - inventory_backend.forecasting - INFO - Linear Regression (fast) forecast completed successfully
2026-07-17 21:58:12,424 - inventory_backend.forecasting - INFO - Linear Regression (fast) forecast completed successfully
2026-07-17 21:58:12,426 - inventory_backend.forecasting - INFO - Linear Regression (fast) forecast completed successfully
2026-07-17 21:58:12,428 - inventory_backend.forecasting - INFO - Linear Regression (fast) forecast completed successfully
2026-07-17 21:58:12,431 - inventory_backend.forecasting - INFO - Linear Regression (fast) forecast completed successfully
2026-07-17 21:58:12,433 - inventory_backend.forecasting - INFO - Linear Regression (fast) forecast completed successfully
2026-07-17 21:58:12,436 - inventory_backend.forecasting - INFO - Linear Regression (fast) forecast completed successfully
2026-07-17 21:58:12,438 - inventory_backend.forecasting - INFO - Linear Regression (fast) forecast completed successfully
2026-07-17 21:58:12,441 - inventory_backend.forecasting - INFO - Linear Regression (fast) forecast completed successfully
2026-07-17 21:58:12,443 - inventory_backend.forecasting - INFO - Linear Regression (fast) forecast completed successfully
2026-07-17 21:58:12,445 - inventory_backend.forecasting - INFO - Linear Regression (fast) forecast completed successfully
2026-07-17 21:58:12,449 - inventory_backend.forecasting - INFO - Linear Regression (fast) forecast completed successfully
2026-07-17 21:58:12,449 - inventory_backend.prediction_engine - INFO - ML Pipeline execution finished. Generated 100 predictions.
2026-07-17 21:58:52,621 - inventory_backend.model_manager - INFO - Loaded pre-trained model and metadata from disk.
2026-07-17 21:58:52,621 - inventory_backend.fastapi_server - INFO - ✅ Pre-trained model loaded successfully (type=SVC, trained=2026-07-17T13:47:33.159203)
2026-07-17 21:59:24,717 - inventory_backend.model_manager - INFO - Loaded pre-trained model and metadata from disk.
2026-07-17 21:59:24,717 - inventory_backend.fastapi_server - INFO - ✅ Pre-trained model loaded successfully (type=SVC, trained=2026-07-17T13:47:33.159203)
2026-07-17 21:59:28,839 - inventory_backend.fastapi_server - INFO - Saved 5000 rows to SQLite table 'dataset' (batch=3a3ad21c)
2026-07-17 21:59:29,259 - inventory_backend.prediction_engine - INFO - Starting ML pipeline for 100 products...
2026-07-17 21:59:30,233 - inventory_backend.model_manager - INFO - Loaded pre-trained model and metadata from disk.
2026-07-17 21:59:30,233 - inventory_backend.model_manager - INFO - Skipping retraining: Data hash is unchanged, loaded cached model.
2026-07-17 21:59:30,234 - inventory_backend.model_manager - INFO - Loaded pre-trained model and metadata from disk.
2026-07-17 21:59:30,244 - inventory_backend.forecasting - INFO - Linear Regression (fast) forecast completed successfully
2026-07-17 21:59:30,247 - inventory_backend.forecasting - INFO - Linear Regression (fast) forecast completed successfully
2026-07-17 21:59:30,250 - inventory_backend.forecasting - INFO - Linear Regression (fast) forecast completed successfully
2026-07-17 21:59:30,253 - inventory_backend.forecasting - INFO - Linear Regression (fast) forecast completed successfully
2026-07-17 21:59:30,255 - inventory_backend.forecasting - INFO - Linear Regression (fast) forecast completed successfully
2026-07-17 21:59:30,257 - inventory_backend.forecasting - INFO - Linear Regression (fast) forecast completed successfully
2026-07-17 21:59:30,260 - inventory_backend.forecasting - INFO - Linear Regression (fast) forecast completed successfully
2026-07-17 21:59:30,262 - inventory_backend.forecasting - INFO - Linear Regression (fast) forecast completed successfully
2026-07-17 21:59:30,265 - inventory_backend.forecasting - INFO - Linear Regression (fast) forecast completed successfully
2026-07-17 21:59:30,267 - inventory_backend.forecasting - INFO - Linear Regression (fast) forecast completed successfully
2026-07-17 21:59:30,270 - inventory_backend.forecasting - INFO - Linear Regression (fast) forecast completed successfully
2026-07-17 21:59:30,272 - inventory_backend.forecasting - INFO - Linear Regression (fast) forecast completed successfully
2026-07-17 21:59:30,274 - inventory_backend.forecasting - INFO - Linear Regression (fast) forecast completed successfully
2026-07-17 21:59:30,277 - inventory_backend.forecasting - INFO - Linear Regression (fast) forecast completed successfully
2026-07-17 21:59:30,279 - inventory_backend.forecasting - INFO - Linear Regression (fast) forecast completed successfully
2026-07-17 21:59:30,282 - inventory_backend.forecasting - INFO - Linear Regression (fast) forecast completed successfully
2026-07-17 21:59:30,284 - inventory_backend.forecasting - INFO - Linear Regression (fast) forecast completed successfully
2026-07-17 21:59:30,286 - inventory_backend.forecasting - INFO - Linear Regression (fast) forecast completed successfully
2026-07-17 21:59:30,289 - inventory_backend.forecasting - INFO - Linear Regression (fast) forecast completed successfully
2026-07-17 21:59:30,291 - inventory_backend.forecasting - INFO - Linear Regression (fast) forecast completed successfully
2026-07-17 21:59:30,293 - inventory_backend.forecasting - INFO - Linear Regression (fast) forecast completed successfully
2026-07-17 21:59:30,295 - inventory_backend.forecasting - INFO - Linear Regression (fast) forecast completed successfully
2026-07-17 21:59:30,298 - inventory_backend.forecasting - INFO - Linear Regression (fast) forecast completed successfully
2026-07-17 21:59:30,300 - inventory_backend.forecasting - INFO - Linear Regression (fast) forecast completed successfully
2026-07-17 21:59:30,302 - inventory_backend.forecasting - INFO - Linear Regression (fast) forecast completed successfully
2026-07-17 21:59:30,304 - inventory_backend.forecasting - INFO - Linear Regression (fast) forecast completed successfully
2026-07-17 21:59:30,307 - inventory_backend.forecasting - INFO - Linear Regression (fast) forecast completed successfully
2026-07-17 21:59:30,309 - inventory_backend.forecasting - INFO - Linear Regression (fast) forecast completed successfully
2026-07-17 21:59:30,311 - inventory_backend.forecasting - INFO - Linear Regression (fast) forecast completed successfully
2026-07-17 21:59:30,314 - inventory_backend.forecasting - INFO - Linear Regression (fast) forecast completed successfully
2026-07-17 21:59:30,316 - inventory_backend.forecasting - INFO - Linear Regression (fast) forecast completed successfully
2026-07-17 21:59:30,318 - inventory_backend.forecasting - INFO - Linear Regression (fast) forecast completed successfully
2026-07-17 21:59:30,321 - inventory_backend.forecasting - INFO - Linear Regression (fast) forecast completed successfully
2026-07-17 21:59:30,323 - inventory_backend.forecasting - INFO - Linear Regression (fast) forecast completed successfully
2026-07-17 21:59:30,325 - inventory_backend.forecasting - INFO - Linear Regression (fast) forecast completed successfully
2026-07-17 21:59:30,328 - inventory_backend.forecasting - INFO - Linear Regression (fast) forecast completed successfully
2026-07-17 21:59:30,330 - inventory_backend.forecasting - INFO - Linear Regression (fast) forecast completed successfully
2026-07-17 21:59:30,332 - inventory_backend.forecasting - INFO - Linear Regression (fast) forecast completed successfully
2026-07-17 21:59:30,334 - inventory_backend.forecasting - INFO - Linear Regression (fast) forecast completed successfully
2026-07-17 21:59:30,337 - inventory_backend.forecasting - INFO - Linear Regression (fast) forecast completed successfully
2026-07-17 21:59:30,339 - inventory_backend.forecasting - INFO - Linear Regression (fast) forecast completed successfully
2026-07-17 21:59:30,341 - inventory_backend.forecasting - INFO - Linear Regression (fast) forecast completed successfully
2026-07-17 21:59:30,344 - inventory_backend.forecasting - INFO - Linear Regression (fast) forecast completed successfully
2026-07-17 21:59:30,346 - inventory_backend.forecasting - INFO - Linear Regression (fast) forecast completed successfully
2026-07-17 21:59:30,348 - inventory_backend.forecasting - INFO - Linear Regression (fast) forecast completed successfully
2026-07-17 21:59:30,350 - inventory_backend.forecasting - INFO - Linear Regression (fast) forecast completed successfully
2026-07-17 21:59:30,353 - inventory_backend.forecasting - INFO - Linear Regression (fast) forecast completed successfully
2026-07-17 21:59:30,355 - inventory_backend.forecasting - INFO - Linear Regression (fast) forecast completed successfully
2026-07-17 21:59:30,357 - inventory_backend.forecasting - INFO - Linear Regression (fast) forecast completed successfully
2026-07-17 21:59:30,360 - inventory_backend.forecasting - INFO - Linear Regression (fast) forecast completed successfully
2026-07-17 21:59:30,362 - inventory_backend.forecasting - INFO - Linear Regression (fast) forecast completed successfully
2026-07-17 21:59:30,364 - inventory_backend.forecasting - INFO - Linear Regression (fast) forecast completed successfully
2026-07-17 21:59:30,367 - inventory_backend.forecasting - INFO - Linear Regression (fast) forecast completed successfully
2026-07-17 21:59:30,369 - inventory_backend.forecasting - INFO - Linear Regression (fast) forecast completed successfully
2026-07-17 21:59:30,371 - inventory_backend.forecasting - INFO - Linear Regression (fast) forecast completed successfully
2026-07-17 21:59:30,373 - inventory_backend.forecasting - INFO - Linear Regression (fast) forecast completed successfully
2026-07-17 21:59:30,376 - inventory_backend.forecasting - INFO - Linear Regression (fast) forecast completed successfully
2026-07-17 21:59:30,378 - inventory_backend.forecasting - INFO - Linear Regression (fast) forecast completed successfully
2026-07-17 21:59:30,380 - inventory_backend.forecasting - INFO - Linear Regression (fast) forecast completed successfully
2026-07-17 21:59:30,382 - inventory_backend.forecasting - INFO - Linear Regression (fast) forecast completed successfully
2026-07-17 21:59:30,385 - inventory_backend.forecasting - INFO - Linear Regression (fast) forecast completed successfully
2026-07-17 21:59:30,387 - inventory_backend.forecasting - INFO - Linear Regression (fast) forecast completed successfully
2026-07-17 21:59:30,389 - inventory_backend.forecasting - INFO - Linear Regression (fast) forecast completed successfully
2026-07-17 21:59:30,391 - inventory_backend.forecasting - INFO - Linear Regression (fast) forecast completed successfully
2026-07-17 21:59:30,394 - inventory_backend.forecasting - INFO - Linear Regression (fast) forecast completed successfully
2026-07-17 21:59:30,396 - inventory_backend.forecasting - INFO - Linear Regression (fast) forecast completed successfully
2026-07-17 21:59:30,398 - inventory_backend.forecasting - INFO - Linear Regression (fast) forecast completed successfully
2026-07-17 21:59:30,400 - inventory_backend.forecasting - INFO - Linear Regression (fast) forecast completed successfully
2026-07-17 21:59:30,402 - inventory_backend.forecasting - INFO - Linear Regression (fast) forecast completed successfully
2026-07-17 21:59:30,405 - inventory_backend.forecasting - INFO - Linear Regression (fast) forecast completed successfully
2026-07-17 21:59:30,407 - inventory_backend.forecasting - INFO - Linear Regression (fast) forecast completed successfully
2026-07-17 21:59:30,409 - inventory_backend.forecasting - INFO - Linear Regression (fast) forecast completed successfully
2026-07-17 21:59:30,411 - inventory_backend.forecasting - INFO - Linear Regression (fast) forecast completed successfully
2026-07-17 21:59:30,414 - inventory_backend.forecasting - INFO - Linear Regression (fast) forecast completed successfully
2026-07-17 21:59:30,416 - inventory_backend.forecasting - INFO - Linear Regression (fast) forecast completed successfully
2026-07-17 21:59:30,418 - inventory_backend.forecasting - INFO - Linear Regression (fast) forecast completed successfully
2026-07-17 21:59:30,421 - inventory_backend.forecasting - INFO - Linear Regression (fast) forecast completed successfully
2026-07-17 21:59:30,423 - inventory_backend.forecasting - INFO - Linear Regression (fast) forecast completed successfully
2026-07-17 21:59:30,425 - inventory_backend.forecasting - INFO - Linear Regression (fast) forecast completed successfully
2026-07-17 21:59:30,427 - inventory_backend.forecasting - INFO - Linear Regression (fast) forecast completed successfully
2026-07-17 21:59:30,430 - inventory_backend.forecasting - INFO - Linear Regression (fast) forecast completed successfully
2026-07-17 21:59:30,432 - inventory_backend.forecasting - INFO - Linear Regression (fast) forecast completed successfully
2026-07-17 21:59:30,434 - inventory_backend.forecasting - INFO - Linear Regression (fast) forecast completed successfully
2026-07-17 21:59:30,437 - inventory_backend.forecasting - INFO - Linear Regression (fast) forecast completed successfully
2026-07-17 21:59:30,439 - inventory_backend.forecasting - INFO - Linear Regression (fast) forecast completed successfully
2026-07-17 21:59:30,441 - inventory_backend.forecasting - INFO - Linear Regression (fast) forecast completed successfully
2026-07-17 21:59:30,443 - inventory_backend.forecasting - INFO - Linear Regression (fast) forecast completed successfully
2026-07-17 21:59:30,446 - inventory_backend.forecasting - INFO - Linear Regression (fast) forecast completed successfully
2026-07-17 21:59:30,448 - inventory_backend.forecasting - INFO - Linear Regression (fast) forecast completed successfully
2026-07-17 21:59:30,450 - inventory_backend.forecasting - INFO - Linear Regression (fast) forecast completed successfully
2026-07-17 21:59:30,452 - inventory_backend.forecasting - INFO - Linear Regression (fast) forecast completed successfully
2026-07-17 21:59:30,454 - inventory_backend.forecasting - INFO - Linear Regression (fast) forecast completed successfully
2026-07-17 21:59:30,457 - inventory_backend.forecasting - INFO - Linear Regression (fast) forecast completed successfully
2026-07-17 21:59:30,459 - inventory_backend.forecasting - INFO - Linear Regression (fast) forecast completed successfully
2026-07-17 21:59:30,461 - inventory_backend.forecasting - INFO - Linear Regression (fast) forecast completed successfully
2026-07-17 21:59:30,464 - inventory_backend.forecasting - INFO - Linear Regression (fast) forecast completed successfully
2026-07-17 21:59:30,466 - inventory_backend.forecasting - INFO - Linear Regression (fast) forecast completed successfully
2026-07-17 21:59:30,468 - inventory_backend.forecasting - INFO - Linear Regression (fast) forecast completed successfully
2026-07-17 21:59:30,471 - inventory_backend.forecasting - INFO - Linear Regression (fast) forecast completed successfully
2026-07-17 21:59:30,473 - inventory_backend.forecasting - INFO - Linear Regression (fast) forecast completed successfully
2026-07-17 21:59:30,474 - inventory_backend.prediction_engine - INFO - ML Pipeline execution finished. Generated 100 predictions.
2026-07-17 21:59:30,514 - inventory_backend.fastapi_server - INFO - Saved 5000 rows to SQLite table 'dataset' (batch=d7fb5ad0)
2026-07-17 21:59:30,942 - inventory_backend.prediction_engine - INFO - Starting ML pipeline for 100 products...
2026-07-17 21:59:31,905 - inventory_backend.model_manager - INFO - Loaded pre-trained model and metadata from disk.
2026-07-17 21:59:31,905 - inventory_backend.model_manager - INFO - Skipping retraining: Data hash is unchanged, loaded cached model.
2026-07-17 21:59:31,906 - inventory_backend.model_manager - INFO - Loaded pre-trained model and metadata from disk.
2026-07-17 21:59:31,908 - inventory_backend.forecasting - INFO - Linear Regression (fast) forecast completed successfully
2026-07-17 21:59:31,911 - inventory_backend.forecasting - INFO - Linear Regression (fast) forecast completed successfully
2026-07-17 21:59:31,913 - inventory_backend.forecasting - INFO - Linear Regression (fast) forecast completed successfully
2026-07-17 21:59:31,915 - inventory_backend.forecasting - INFO - Linear Regression (fast) forecast completed successfully
2026-07-17 21:59:31,918 - inventory_backend.forecasting - INFO - Linear Regression (fast) forecast completed successfully
2026-07-17 21:59:31,920 - inventory_backend.forecasting - INFO - Linear Regression (fast) forecast completed successfully
2026-07-17 21:59:31,922 - inventory_backend.forecasting - INFO - Linear Regression (fast) forecast completed successfully
2026-07-17 21:59:31,924 - inventory_backend.forecasting - INFO - Linear Regression (fast) forecast completed successfully
2026-07-17 21:59:31,927 - inventory_backend.forecasting - INFO - Linear Regression (fast) forecast completed successfully
2026-07-17 21:59:31,929 - inventory_backend.forecasting - INFO - Linear Regression (fast) forecast completed successfully
2026-07-17 21:59:31,932 - inventory_backend.forecasting - INFO - Linear Regression (fast) forecast completed successfully
2026-07-17 21:59:31,934 - inventory_backend.forecasting - INFO - Linear Regression (fast) forecast completed successfully
2026-07-17 21:59:31,937 - inventory_backend.forecasting - INFO - Linear Regression (fast) forecast completed successfully
2026-07-17 21:59:31,939 - inventory_backend.forecasting - INFO - Linear Regression (fast) forecast completed successfully
2026-07-17 21:59:31,941 - inventory_backend.forecasting - INFO - Linear Regression (fast) forecast completed successfully
2026-07-17 21:59:31,944 - inventory_backend.forecasting - INFO - Linear Regression (fast) forecast completed successfully
2026-07-17 21:59:31,946 - inventory_backend.forecasting - INFO - Linear Regression (fast) forecast completed successfully
2026-07-17 21:59:31,948 - inventory_backend.forecasting - INFO - Linear Regression (fast) forecast completed successfully
2026-07-17 21:59:31,950 - inventory_backend.forecasting - INFO - Linear Regression (fast) forecast completed successfully
2026-07-17 21:59:31,953 - inventory_backend.forecasting - INFO - Linear Regression (fast) forecast completed successfully
2026-07-17 21:59:31,955 - inventory_backend.forecasting - INFO - Linear Regression (fast) forecast completed successfully
2026-07-17 21:59:31,957 - inventory_backend.forecasting - INFO - Linear Regression (fast) forecast completed successfully
2026-07-17 21:59:31,960 - inventory_backend.forecasting - INFO - Linear Regression (fast) forecast completed successfully
2026-07-17 21:59:31,962 - inventory_backend.forecasting - INFO - Linear Regression (fast) forecast completed successfully
2026-07-17 21:59:31,964 - inventory_backend.forecasting - INFO - Linear Regression (fast) forecast completed successfully
2026-07-17 21:59:31,966 - inventory_backend.forecasting - INFO - Linear Regression (fast) forecast completed successfully
2026-07-17 21:59:31,969 - inventory_backend.forecasting - INFO - Linear Regression (fast) forecast completed successfully
2026-07-17 21:59:31,971 - inventory_backend.forecasting - INFO - Linear Regression (fast) forecast completed successfully
2026-07-17 21:59:31,973 - inventory_backend.forecasting - INFO - Linear Regression (fast) forecast completed successfully
2026-07-17 21:59:31,976 - inventory_backend.forecasting - INFO - Linear Regression (fast) forecast completed successfully
2026-07-17 21:59:31,978 - inventory_backend.forecasting - INFO - Linear Regression (fast) forecast completed successfully
2026-07-17 21:59:31,980 - inventory_backend.forecasting - INFO - Linear Regression (fast) forecast completed successfully
2026-07-17 21:59:31,982 - inventory_backend.forecasting - INFO - Linear Regression (fast) forecast completed successfully
2026-07-17 21:59:31,985 - inventory_backend.forecasting - INFO - Linear Regression (fast) forecast completed successfully
2026-07-17 21:59:31,987 - inventory_backend.forecasting - INFO - Linear Regression (fast) forecast completed successfully
2026-07-17 21:59:31,989 - inventory_backend.forecasting - INFO - Linear Regression (fast) forecast completed successfully
2026-07-17 21:59:31,992 - inventory_backend.forecasting - INFO - Linear Regression (fast) forecast completed successfully
2026-07-17 21:59:31,994 - inventory_backend.forecasting - INFO - Linear Regression (fast) forecast completed successfully
2026-07-17 21:59:31,996 - inventory_backend.forecasting - INFO - Linear Regression (fast) forecast completed successfully
2026-07-17 21:59:31,998 - inventory_backend.forecasting - INFO - Linear Regression (fast) forecast completed successfully
2026-07-17 21:59:32,001 - inventory_backend.forecasting - INFO - Linear Regression (fast) forecast completed successfully
2026-07-17 21:59:32,003 - inventory_backend.forecasting - INFO - Linear Regression (fast) forecast completed successfully
2026-07-17 21:59:32,005 - inventory_backend.forecasting - INFO - Linear Regression (fast) forecast completed successfully
2026-07-17 21:59:32,007 - inventory_backend.forecasting - INFO - Linear Regression (fast) forecast completed successfully
2026-07-17 21:59:32,010 - inventory_backend.forecasting - INFO - Linear Regression (fast) forecast completed successfully
2026-07-17 21:59:32,012 - inventory_backend.forecasting - INFO - Linear Regression (fast) forecast completed successfully
2026-07-17 21:59:32,014 - inventory_backend.forecasting - INFO - Linear Regression (fast) forecast completed successfully
2026-07-17 21:59:32,016 - inventory_backend.forecasting - INFO - Linear Regression (fast) forecast completed successfully
2026-07-17 21:59:32,019 - inventory_backend.forecasting - INFO - Linear Regression (fast) forecast completed successfully
2026-07-17 21:59:32,021 - inventory_backend.forecasting - INFO - Linear Regression (fast) forecast completed successfully
2026-07-17 21:59:32,023 - inventory_backend.forecasting - INFO - Linear Regression (fast) forecast completed successfully
2026-07-17 21:59:32,026 - inventory_backend.forecasting - INFO - Linear Regression (fast) forecast completed successfully
2026-07-17 21:59:32,028 - inventory_backend.forecasting - INFO - Linear Regression (fast) forecast completed successfully
2026-07-17 21:59:32,030 - inventory_backend.forecasting - INFO - Linear Regression (fast) forecast completed successfully
2026-07-17 21:59:32,032 - inventory_backend.forecasting - INFO - Linear Regression (fast) forecast completed successfully
2026-07-17 21:59:32,035 - inventory_backend.forecasting - INFO - Linear Regression (fast) forecast completed successfully
2026-07-17 21:59:32,037 - inventory_backend.forecasting - INFO - Linear Regression (fast) forecast completed successfully
2026-07-17 21:59:32,039 - inventory_backend.forecasting - INFO - Linear Regression (fast) forecast completed successfully
2026-07-17 21:59:32,041 - inventory_backend.forecasting - INFO - Linear Regression (fast) forecast completed successfully
2026-07-17 21:59:32,044 - inventory_backend.forecasting - INFO - Linear Regression (fast) forecast completed successfully
2026-07-17 21:59:32,046 - inventory_backend.forecasting - INFO - Linear Regression (fast) forecast completed successfully
2026-07-17 21:59:32,048 - inventory_backend.forecasting - INFO - Linear Regression (fast) forecast completed successfully
2026-07-17 21:59:32,050 - inventory_backend.forecasting - INFO - Linear Regression (fast) forecast completed successfully
2026-07-17 21:59:32,053 - inventory_backend.forecasting - INFO - Linear Regression (fast) forecast completed successfully
2026-07-17 21:59:32,055 - inventory_backend.forecasting - INFO - Linear Regression (fast) forecast completed successfully
2026-07-17 21:59:32,057 - inventory_backend.forecasting - INFO - Linear Regression (fast) forecast completed successfully
2026-07-17 21:59:32,060 - inventory_backend.forecasting - INFO - Linear Regression (fast) forecast completed successfully
2026-07-17 21:59:32,062 - inventory_backend.forecasting - INFO - Linear Regression (fast) forecast completed successfully
2026-07-17 21:59:32,064 - inventory_backend.forecasting - INFO - Linear Regression (fast) forecast completed successfully
2026-07-17 21:59:32,066 - inventory_backend.forecasting - INFO - Linear Regression (fast) forecast completed successfully
2026-07-17 21:59:32,069 - inventory_backend.forecasting - INFO - Linear Regression (fast) forecast completed successfully
2026-07-17 21:59:32,071 - inventory_backend.forecasting - INFO - Linear Regression (fast) forecast completed successfully
2026-07-17 21:59:32,073 - inventory_backend.forecasting - INFO - Linear Regression (fast) forecast completed successfully
2026-07-17 21:59:32,076 - inventory_backend.forecasting - INFO - Linear Regression (fast) forecast completed successfully
2026-07-17 21:59:32,078 - inventory_backend.forecasting - INFO - Linear Regression (fast) forecast completed successfully
2026-07-17 21:59:32,080 - inventory_backend.forecasting - INFO - Linear Regression (fast) forecast completed successfully
2026-07-17 21:59:32,083 - inventory_backend.forecasting - INFO - Linear Regression (fast) forecast completed successfully
2026-07-17 21:59:32,085 - inventory_backend.forecasting - INFO - Linear Regression (fast) forecast completed successfully
2026-07-17 21:59:32,087 - inventory_backend.forecasting - INFO - Linear Regression (fast) forecast completed successfully
2026-07-17 21:59:32,089 - inventory_backend.forecasting - INFO - Linear Regression (fast) forecast completed successfully
2026-07-17 21:59:32,091 - inventory_backend.forecasting - INFO - Linear Regression (fast) forecast completed successfully
2026-07-17 21:59:32,094 - inventory_backend.forecasting - INFO - Linear Regression (fast) forecast completed successfully
2026-07-17 21:59:32,096 - inventory_backend.forecasting - INFO - Linear Regression (fast) forecast completed successfully
2026-07-17 21:59:32,098 - inventory_backend.forecasting - INFO - Linear Regression (fast) forecast completed successfully
2026-07-17 21:59:32,100 - inventory_backend.forecasting - INFO - Linear Regression (fast) forecast completed successfully
2026-07-17 21:59:32,103 - inventory_backend.forecasting - INFO - Linear Regression (fast) forecast completed successfully
2026-07-17 21:59:32,105 - inventory_backend.forecasting - INFO - Linear Regression (fast) forecast completed successfully
2026-07-17 21:59:32,107 - inventory_backend.forecasting - INFO - Linear Regression (fast) forecast completed successfully
2026-07-17 21:59:32,109 - inventory_backend.forecasting - INFO - Linear Regression (fast) forecast completed successfully
2026-07-17 21:59:32,112 - inventory_backend.forecasting - INFO - Linear Regression (fast) forecast completed successfully
2026-07-17 21:59:32,114 - inventory_backend.forecasting - INFO - Linear Regression (fast) forecast completed successfully
2026-07-17 21:59:32,116 - inventory_backend.forecasting - INFO - Linear Regression (fast) forecast completed successfully
2026-07-17 21:59:32,118 - inventory_backend.forecasting - INFO - Linear Regression (fast) forecast completed successfully
2026-07-17 21:59:32,121 - inventory_backend.forecasting - INFO - Linear Regression (fast) forecast completed successfully
2026-07-17 21:59:32,123 - inventory_backend.forecasting - INFO - Linear Regression (fast) forecast completed successfully
2026-07-17 21:59:32,126 - inventory_backend.forecasting - INFO - Linear Regression (fast) forecast completed successfully
2026-07-17 21:59:32,128 - inventory_backend.forecasting - INFO - Linear Regression (fast) forecast completed successfully
2026-07-17 21:59:32,131 - inventory_backend.forecasting - INFO - Linear Regression (fast) forecast completed successfully
2026-07-17 21:59:32,133 - inventory_backend.forecasting - INFO - Linear Regression (fast) forecast completed successfully
2026-07-17 21:59:32,136 - inventory_backend.forecasting - INFO - Linear Regression (fast) forecast completed successfully
2026-07-17 21:59:32,136 - inventory_backend.prediction_engine - INFO - ML Pipeline execution finished. Generated 100 predictions.
2026-07-17 21:59:56,408 - inventory_backend.model_manager - INFO - Loaded pre-trained model and metadata from disk.
2026-07-17 21:59:56,408 - inventory_backend.fastapi_server - INFO - ✅ Pre-trained model loaded successfully (type=SVC, trained=2026-07-17T13:47:33.159203)
2026-07-17 22:00:34,060 - inventory_backend.fastapi_server - INFO - Saved 5000 rows to SQLite table 'dataset' (batch=e6ad2ea1)
2026-07-17 22:00:34,485 - inventory_backend.prediction_engine - INFO - Starting ML pipeline for 100 products...
2026-07-17 22:00:35,453 - inventory_backend.model_manager - INFO - Loaded pre-trained model and metadata from disk.
2026-07-17 22:00:35,453 - inventory_backend.model_manager - INFO - Skipping retraining: Data hash is unchanged, loaded cached model.
2026-07-17 22:00:35,454 - inventory_backend.model_manager - INFO - Loaded pre-trained model and metadata from disk.
2026-07-17 22:00:35,461 - inventory_backend.forecasting - INFO - Linear Regression (fast) forecast completed successfully
2026-07-17 22:00:35,464 - inventory_backend.forecasting - INFO - Linear Regression (fast) forecast completed successfully
2026-07-17 22:00:35,466 - inventory_backend.forecasting - INFO - Linear Regression (fast) forecast completed successfully
2026-07-17 22:00:35,469 - inventory_backend.forecasting - INFO - Linear Regression (fast) forecast completed successfully
2026-07-17 22:00:35,471 - inventory_backend.forecasting - INFO - Linear Regression (fast) forecast completed successfully
2026-07-17 22:00:35,473 - inventory_backend.forecasting - INFO - Linear Regression (fast) forecast completed successfully
2026-07-17 22:00:35,476 - inventory_backend.forecasting - INFO - Linear Regression (fast) forecast completed successfully
2026-07-17 22:00:35,478 - inventory_backend.forecasting - INFO - Linear Regression (fast) forecast completed successfully
2026-07-17 22:00:35,480 - inventory_backend.forecasting - INFO - Linear Regression (fast) forecast completed successfully
2026-07-17 22:00:35,484 - inventory_backend.forecasting - INFO - Linear Regression (fast) forecast completed successfully
2026-07-17 22:00:35,486 - inventory_backend.forecasting - INFO - Linear Regression (fast) forecast completed successfully
2026-07-17 22:00:35,488 - inventory_backend.forecasting - INFO - Linear Regression (fast) forecast completed successfully
2026-07-17 22:00:35,491 - inventory_backend.forecasting - INFO - Linear Regression (fast) forecast completed successfully
2026-07-17 22:00:35,493 - inventory_backend.forecasting - INFO - Linear Regression (fast) forecast completed successfully
2026-07-17 22:00:35,496 - inventory_backend.forecasting - INFO - Linear Regression (fast) forecast completed successfully
2026-07-17 22:00:35,498 - inventory_backend.forecasting - INFO - Linear Regression (fast) forecast completed successfully
2026-07-17 22:00:35,500 - inventory_backend.forecasting - INFO - Linear Regression (fast) forecast completed successfully
2026-07-17 22:00:35,503 - inventory_backend.forecasting - INFO - Linear Regression (fast) forecast completed successfully
2026-07-17 22:00:35,505 - inventory_backend.forecasting - INFO - Linear Regression (fast) forecast completed successfully
2026-07-17 22:00:35,507 - inventory_backend.forecasting - INFO - Linear Regression (fast) forecast completed successfully
2026-07-17 22:00:35,510 - inventory_backend.forecasting - INFO - Linear Regression (fast) forecast completed successfully
2026-07-17 22:00:35,512 - inventory_backend.forecasting - INFO - Linear Regression (fast) forecast completed successfully
2026-07-17 22:00:35,514 - inventory_backend.forecasting - INFO - Linear Regression (fast) forecast completed successfully
2026-07-17 22:00:35,517 - inventory_backend.forecasting - INFO - Linear Regression (fast) forecast completed successfully
2026-07-17 22:00:35,519 - inventory_backend.forecasting - INFO - Linear Regression (fast) forecast completed successfully
2026-07-17 22:00:35,521 - inventory_backend.forecasting - INFO - Linear Regression (fast) forecast completed successfully
2026-07-17 22:00:35,523 - inventory_backend.forecasting - INFO - Linear Regression (fast) forecast completed successfully
2026-07-17 22:00:35,526 - inventory_backend.forecasting - INFO - Linear Regression (fast) forecast completed successfully
2026-07-17 22:00:35,528 - inventory_backend.forecasting - INFO - Linear Regression (fast) forecast completed successfully
2026-07-17 22:00:35,530 - inventory_backend.forecasting - INFO - Linear Regression (fast) forecast completed successfully
2026-07-17 22:00:35,533 - inventory_backend.forecasting - INFO - Linear Regression (fast) forecast completed successfully
2026-07-17 22:00:35,535 - inventory_backend.forecasting - INFO - Linear Regression (fast) forecast completed successfully
2026-07-17 22:00:35,537 - inventory_backend.forecasting - INFO - Linear Regression (fast) forecast completed successfully
2026-07-17 22:00:35,539 - inventory_backend.forecasting - INFO - Linear Regression (fast) forecast completed successfully
2026-07-17 22:00:35,542 - inventory_backend.forecasting - INFO - Linear Regression (fast) forecast completed successfully
2026-07-17 22:00:35,544 - inventory_backend.forecasting - INFO - Linear Regression (fast) forecast completed successfully
2026-07-17 22:00:35,546 - inventory_backend.forecasting - INFO - Linear Regression (fast) forecast completed successfully
2026-07-17 22:00:35,548 - inventory_backend.forecasting - INFO - Linear Regression (fast) forecast completed successfully
2026-07-17 22:00:35,551 - inventory_backend.forecasting - INFO - Linear Regression (fast) forecast completed successfully
2026-07-17 22:00:35,553 - inventory_backend.forecasting - INFO - Linear Regression (fast) forecast completed successfully
2026-07-17 22:00:35,555 - inventory_backend.forecasting - INFO - Linear Regression (fast) forecast completed successfully
2026-07-17 22:00:35,557 - inventory_backend.forecasting - INFO - Linear Regression (fast) forecast completed successfully
2026-07-17 22:00:35,560 - inventory_backend.forecasting - INFO - Linear Regression (fast) forecast completed successfully
2026-07-17 22:00:35,562 - inventory_backend.forecasting - INFO - Linear Regression (fast) forecast completed successfully
2026-07-17 22:00:35,564 - inventory_backend.forecasting - INFO - Linear Regression (fast) forecast completed successfully
2026-07-17 22:00:35,566 - inventory_backend.forecasting - INFO - Linear Regression (fast) forecast completed successfully
2026-07-17 22:00:35,569 - inventory_backend.forecasting - INFO - Linear Regression (fast) forecast completed successfully
2026-07-17 22:00:35,571 - inventory_backend.forecasting - INFO - Linear Regression (fast) forecast completed successfully
2026-07-17 22:00:35,573 - inventory_backend.forecasting - INFO - Linear Regression (fast) forecast completed successfully
2026-07-17 22:00:35,576 - inventory_backend.forecasting - INFO - Linear Regression (fast) forecast completed successfully
2026-07-17 22:00:35,578 - inventory_backend.forecasting - INFO - Linear Regression (fast) forecast completed successfully
2026-07-17 22:00:35,580 - inventory_backend.forecasting - INFO - Linear Regression (fast) forecast completed successfully
2026-07-17 22:00:35,582 - inventory_backend.forecasting - INFO - Linear Regression (fast) forecast completed successfully
2026-07-17 22:00:35,585 - inventory_backend.forecasting - INFO - Linear Regression (fast) forecast completed successfully
2026-07-17 22:00:35,587 - inventory_backend.forecasting - INFO - Linear Regression (fast) forecast completed successfully
2026-07-17 22:00:35,589 - inventory_backend.forecasting - INFO - Linear Regression (fast) forecast completed successfully
2026-07-17 22:00:35,591 - inventory_backend.forecasting - INFO - Linear Regression (fast) forecast completed successfully
2026-07-17 22:00:35,594 - inventory_backend.forecasting - INFO - Linear Regression (fast) forecast completed successfully
2026-07-17 22:00:35,596 - inventory_backend.forecasting - INFO - Linear Regression (fast) forecast completed successfully
2026-07-17 22:00:35,598 - inventory_backend.forecasting - INFO - Linear Regression (fast) forecast completed successfully
2026-07-17 22:00:35,601 - inventory_backend.forecasting - INFO - Linear Regression (fast) forecast completed successfully
2026-07-17 22:00:35,603 - inventory_backend.forecasting - INFO - Linear Regression (fast) forecast completed successfully
2026-07-17 22:00:35,605 - inventory_backend.forecasting - INFO - Linear Regression (fast) forecast completed successfully
2026-07-17 22:00:35,607 - inventory_backend.forecasting - INFO - Linear Regression (fast) forecast completed successfully
2026-07-17 22:00:35,610 - inventory_backend.forecasting - INFO - Linear Regression (fast) forecast completed successfully
2026-07-17 22:00:35,612 - inventory_backend.forecasting - INFO - Linear Regression (fast) forecast completed successfully
2026-07-17 22:00:35,614 - inventory_backend.forecasting - INFO - Linear Regression (fast) forecast completed successfully
2026-07-17 22:00:35,616 - inventory_backend.forecasting - INFO - Linear Regression (fast) forecast completed successfully
2026-07-17 22:00:35,619 - inventory_backend.forecasting - INFO - Linear Regression (fast) forecast completed successfully
2026-07-17 22:00:35,621 - inventory_backend.forecasting - INFO - Linear Regression (fast) forecast completed successfully
2026-07-17 22:00:35,623 - inventory_backend.forecasting - INFO - Linear Regression (fast) forecast completed successfully
2026-07-17 22:00:35,625 - inventory_backend.forecasting - INFO - Linear Regression (fast) forecast completed successfully
2026-07-17 22:00:35,628 - inventory_backend.forecasting - INFO - Linear Regression (fast) forecast completed successfully
2026-07-17 22:00:35,630 - inventory_backend.forecasting - INFO - Linear Regression (fast) forecast completed successfully
2026-07-17 22:00:35,632 - inventory_backend.forecasting - INFO - Linear Regression (fast) forecast completed successfully
2026-07-17 22:00:35,635 - inventory_backend.forecasting - INFO - Linear Regression (fast) forecast completed successfully
2026-07-17 22:00:35,637 - inventory_backend.forecasting - INFO - Linear Regression (fast) forecast completed successfully
2026-07-17 22:00:35,639 - inventory_backend.forecasting - INFO - Linear Regression (fast) forecast completed successfully
2026-07-17 22:00:35,641 - inventory_backend.forecasting - INFO - Linear Regression (fast) forecast completed successfully
2026-07-17 22:00:35,643 - inventory_backend.forecasting - INFO - Linear Regression (fast) forecast completed successfully
2026-07-17 22:00:35,646 - inventory_backend.forecasting - INFO - Linear Regression (fast) forecast completed successfully
2026-07-17 22:00:35,648 - inventory_backend.forecasting - INFO - Linear Regression (fast) forecast completed successfully
2026-07-17 22:00:35,650 - inventory_backend.forecasting - INFO - Linear Regression (fast) forecast completed successfully
2026-07-17 22:00:35,653 - inventory_backend.forecasting - INFO - Linear Regression (fast) forecast completed successfully
2026-07-17 22:00:35,655 - inventory_backend.forecasting - INFO - Linear Regression (fast) forecast completed successfully
2026-07-17 22:00:35,657 - inventory_backend.forecasting - INFO - Linear Regression (fast) forecast completed successfully
2026-07-17 22:00:35,659 - inventory_backend.forecasting - INFO - Linear Regression (fast) forecast completed successfully
2026-07-17 22:00:35,662 - inventory_backend.forecasting - INFO - Linear Regression (fast) forecast completed successfully
2026-07-17 22:00:35,664 - inventory_backend.forecasting - INFO - Linear Regression (fast) forecast completed successfully
2026-07-17 22:00:35,666 - inventory_backend.forecasting - INFO - Linear Regression (fast) forecast completed successfully
2026-07-17 22:00:35,668 - inventory_backend.forecasting - INFO - Linear Regression (fast) forecast completed successfully
2026-07-17 22:00:35,671 - inventory_backend.forecasting - INFO - Linear Regression (fast) forecast completed successfully
2026-07-17 22:00:35,673 - inventory_backend.forecasting - INFO - Linear Regression (fast) forecast completed successfully
2026-07-17 22:00:35,675 - inventory_backend.forecasting - INFO - Linear Regression (fast) forecast completed successfully
2026-07-17 22:00:35,677 - inventory_backend.forecasting - INFO - Linear Regression (fast) forecast completed successfully
2026-07-17 22:00:35,680 - inventory_backend.forecasting - INFO - Linear Regression (fast) forecast completed successfully
2026-07-17 22:00:35,682 - inventory_backend.forecasting - INFO - Linear Regression (fast) forecast completed successfully
2026-07-17 22:00:35,684 - inventory_backend.forecasting - INFO - Linear Regression (fast) forecast completed successfully
2026-07-17 22:00:35,687 - inventory_backend.forecasting - INFO - Linear Regression (fast) forecast completed successfully
2026-07-17 22:00:35,689 - inventory_backend.forecasting - INFO - Linear Regression (fast) forecast completed successfully
2026-07-17 22:00:35,690 - inventory_backend.prediction_engine - INFO - ML Pipeline execution finished. Generated 100 predictions.
2026-08-02 10:43:17,234 - inventory_backend.model_manager - INFO - Loaded pre-trained model and metadata from disk.
2026-08-02 10:43:17,234 - inventory_backend.fastapi_server - INFO - ✅ Pre-trained model loaded successfully (type=SVC, trained=2026-07-17T13:47:33.159203)
2026-08-02 10:44:14,872 - inventory_backend.fastapi_server - INFO - Saved 5000 rows to SQLite table 'dataset' (batch=6ce031ce)
2026-08-02 10:44:15,308 - inventory_backend.prediction_engine - INFO - Starting ML pipeline for 100 products...
2026-08-02 10:44:16,292 - inventory_backend.model_manager - INFO - Loaded pre-trained model and metadata from disk.
2026-08-02 10:44:16,292 - inventory_backend.model_manager - INFO - Skipping retraining: Data hash is unchanged, loaded cached model.
2026-08-02 10:44:16,293 - inventory_backend.model_manager - INFO - Loaded pre-trained model and metadata from disk.
2026-08-02 10:44:16,308 - inventory_backend.forecasting - INFO - Linear Regression (fast) forecast completed successfully
2026-08-02 10:44:16,311 - inventory_backend.forecasting - INFO - Linear Regression (fast) forecast completed successfully
2026-08-02 10:44:16,314 - inventory_backend.forecasting - INFO - Linear Regression (fast) forecast completed successfully
2026-08-02 10:44:16,316 - inventory_backend.forecasting - INFO - Linear Regression (fast) forecast completed successfully
2026-08-02 10:44:16,319 - inventory_backend.forecasting - INFO - Linear Regression (fast) forecast completed successfully
2026-08-02 10:44:16,322 - inventory_backend.forecasting - INFO - Linear Regression (fast) forecast completed successfully
2026-08-02 10:44:16,324 - inventory_backend.forecasting - INFO - Linear Regression (fast) forecast completed successfully
2026-08-02 10:44:16,327 - inventory_backend.forecasting - INFO - Linear Regression (fast) forecast completed successfully
2026-08-02 10:44:16,329 - inventory_backend.forecasting - INFO - Linear Regression (fast) forecast completed successfully
2026-08-02 10:44:16,332 - inventory_backend.forecasting - INFO - Linear Regression (fast) forecast completed successfully
2026-08-02 10:44:16,334 - inventory_backend.forecasting - INFO - Linear Regression (fast) forecast completed successfully
2026-08-02 10:44:16,337 - inventory_backend.forecasting - INFO - Linear Regression (fast) forecast completed successfully
2026-08-02 10:44:16,339 - inventory_backend.forecasting - INFO - Linear Regression (fast) forecast completed successfully
2026-08-02 10:44:16,341 - inventory_backend.forecasting - INFO - Linear Regression (fast) forecast completed successfully
2026-08-02 10:44:16,344 - inventory_backend.forecasting - INFO - Linear Regression (fast) forecast completed successfully
2026-08-02 10:44:16,346 - inventory_backend.forecasting - INFO - Linear Regression (fast) forecast completed successfully
2026-08-02 10:44:16,349 - inventory_backend.forecasting - INFO - Linear Regression (fast) forecast completed successfully
2026-08-02 10:44:16,351 - inventory_backend.forecasting - INFO - Linear Regression (fast) forecast completed successfully
2026-08-02 10:44:16,353 - inventory_backend.forecasting - INFO - Linear Regression (fast) forecast completed successfully
2026-08-02 10:44:16,356 - inventory_backend.forecasting - INFO - Linear Regression (fast) forecast completed successfully
2026-08-02 10:44:16,358 - inventory_backend.forecasting - INFO - Linear Regression (fast) forecast completed successfully
2026-08-02 10:44:16,360 - inventory_backend.forecasting - INFO - Linear Regression (fast) forecast completed successfully
2026-08-02 10:44:16,363 - inventory_backend.forecasting - INFO - Linear Regression (fast) forecast completed successfully
2026-08-02 10:44:16,365 - inventory_backend.forecasting - INFO - Linear Regression (fast) forecast completed successfully
2026-08-02 10:44:16,368 - inventory_backend.forecasting - INFO - Linear Regression (fast) forecast completed successfully
2026-08-02 10:44:16,370 - inventory_backend.forecasting - INFO - Linear Regression (fast) forecast completed successfully
2026-08-02 10:44:16,372 - inventory_backend.forecasting - INFO - Linear Regression (fast) forecast completed successfully
2026-08-02 10:44:16,375 - inventory_backend.forecasting - INFO - Linear Regression (fast) forecast completed successfully
2026-08-02 10:44:16,377 - inventory_backend.forecasting - INFO - Linear Regression (fast) forecast completed successfully
2026-08-02 10:44:16,379 - inventory_backend.forecasting - INFO - Linear Regression (fast) forecast completed successfully
2026-08-02 10:44:16,382 - inventory_backend.forecasting - INFO - Linear Regression (fast) forecast completed successfully
2026-08-02 10:44:16,385 - inventory_backend.forecasting - INFO - Linear Regression (fast) forecast completed successfully
2026-08-02 10:44:16,387 - inventory_backend.forecasting - INFO - Linear Regression (fast) forecast completed successfully
2026-08-02 10:44:16,390 - inventory_backend.forecasting - INFO - Linear Regression (fast) forecast completed successfully
2026-08-02 10:44:16,392 - inventory_backend.forecasting - INFO - Linear Regression (fast) forecast completed successfully
2026-08-02 10:44:16,395 - inventory_backend.forecasting - INFO - Linear Regression (fast) forecast completed successfully
2026-08-02 10:44:16,397 - inventory_backend.forecasting - INFO - Linear Regression (fast) forecast completed successfully
2026-08-02 10:44:16,400 - inventory_backend.forecasting - INFO - Linear Regression (fast) forecast completed successfully
2026-08-02 10:44:16,402 - inventory_backend.forecasting - INFO - Linear Regression (fast) forecast completed successfully
2026-08-02 10:44:16,404 - inventory_backend.forecasting - INFO - Linear Regression (fast) forecast completed successfully
2026-08-02 10:44:16,407 - inventory_backend.forecasting - INFO - Linear Regression (fast) forecast completed successfully
2026-08-02 10:44:16,409 - inventory_backend.forecasting - INFO - Linear Regression (fast) forecast completed successfully
2026-08-02 10:44:16,412 - inventory_backend.forecasting - INFO - Linear Regression (fast) forecast completed successfully
2026-08-02 10:44:16,415 - inventory_backend.forecasting - INFO - Linear Regression (fast) forecast completed successfully
2026-08-02 10:44:16,417 - inventory_backend.forecasting - INFO - Linear Regression (fast) forecast completed successfully
2026-08-02 10:44:16,420 - inventory_backend.forecasting - INFO - Linear Regression (fast) forecast completed successfully
2026-08-02 10:44:16,423 - inventory_backend.forecasting - INFO - Linear Regression (fast) forecast completed successfully
2026-08-02 10:44:16,426 - inventory_backend.forecasting - INFO - Linear Regression (fast) forecast completed successfully
2026-08-02 10:44:16,428 - inventory_backend.forecasting - INFO - Linear Regression (fast) forecast completed successfully
2026-08-02 10:44:16,431 - inventory_backend.forecasting - INFO - Linear Regression (fast) forecast completed successfully
2026-08-02 10:44:16,433 - inventory_backend.forecasting - INFO - Linear Regression (fast) forecast completed successfully
2026-08-02 10:44:16,436 - inventory_backend.forecasting - INFO - Linear Regression (fast) forecast completed successfully
2026-08-02 10:44:16,438 - inventory_backend.forecasting - INFO - Linear Regression (fast) forecast completed successfully
2026-08-02 10:44:16,440 - inventory_backend.forecasting - INFO - Linear Regression (fast) forecast completed successfully
2026-08-02 10:44:16,443 - inventory_backend.forecasting - INFO - Linear Regression (fast) forecast completed successfully
2026-08-02 10:44:16,445 - inventory_backend.forecasting - INFO - Linear Regression (fast) forecast completed successfully
2026-08-02 10:44:16,448 - inventory_backend.forecasting - INFO - Linear Regression (fast) forecast completed successfully
2026-08-02 10:44:16,450 - inventory_backend.forecasting - INFO - Linear Regression (fast) forecast completed successfully
2026-08-02 10:44:16,452 - inventory_backend.forecasting - INFO - Linear Regression (fast) forecast completed successfully
2026-08-02 10:44:16,455 - inventory_backend.forecasting - INFO - Linear Regression (fast) forecast completed successfully
2026-08-02 10:44:16,457 - inventory_backend.forecasting - INFO - Linear Regression (fast) forecast completed successfully
2026-08-02 10:44:16,459 - inventory_backend.forecasting - INFO - Linear Regression (fast) forecast completed successfully
2026-08-02 10:44:16,462 - inventory_backend.forecasting - INFO - Linear Regression (fast) forecast completed successfully
2026-08-02 10:44:16,464 - inventory_backend.forecasting - INFO - Linear Regression (fast) forecast completed successfully
2026-08-02 10:44:16,467 - inventory_backend.forecasting - INFO - Linear Regression (fast) forecast completed successfully
2026-08-02 10:44:16,470 - inventory_backend.forecasting - INFO - Linear Regression (fast) forecast completed successfully
2026-08-02 10:44:16,472 - inventory_backend.forecasting - INFO - Linear Regression (fast) forecast completed successfully
2026-08-02 10:44:16,475 - inventory_backend.forecasting - INFO - Linear Regression (fast) forecast completed successfully
2026-08-02 10:44:16,477 - inventory_backend.forecasting - INFO - Linear Regression (fast) forecast completed successfully
2026-08-02 10:44:16,480 - inventory_backend.forecasting - INFO - Linear Regression (fast) forecast completed successfully
2026-08-02 10:44:16,482 - inventory_backend.forecasting - INFO - Linear Regression (fast) forecast completed successfully
2026-08-02 10:44:16,485 - inventory_backend.forecasting - INFO - Linear Regression (fast) forecast completed successfully
2026-08-02 10:44:16,488 - inventory_backend.forecasting - INFO - Linear Regression (fast) forecast completed successfully
2026-08-02 10:44:16,490 - inventory_backend.forecasting - INFO - Linear Regression (fast) forecast completed successfully
2026-08-02 10:44:16,492 - inventory_backend.forecasting - INFO - Linear Regression (fast) forecast completed successfully
2026-08-02 10:44:16,495 - inventory_backend.forecasting - INFO - Linear Regression (fast) forecast completed successfully
2026-08-02 10:44:16,497 - inventory_backend.forecasting - INFO - Linear Regression (fast) forecast completed successfully
2026-08-02 10:44:16,500 - inventory_backend.forecasting - INFO - Linear Regression (fast) forecast completed successfully
2026-08-02 10:44:16,506 - inventory_backend.forecasting - INFO - Linear Regression (fast) forecast completed successfully
2026-08-02 10:44:16,514 - inventory_backend.forecasting - INFO - Linear Regression (fast) forecast completed successfully
2026-08-02 10:44:16,525 - inventory_backend.forecasting - INFO - Linear Regression (fast) forecast completed successfully
2026-08-02 10:44:16,530 - inventory_backend.forecasting - INFO - Linear Regression (fast) forecast completed successfully
2026-08-02 10:44:16,533 - inventory_backend.forecasting - INFO - Linear Regression (fast) forecast completed successfully
2026-08-02 10:44:16,536 - inventory_backend.forecasting - INFO - Linear Regression (fast) forecast completed successfully
2026-08-02 10:44:16,538 - inventory_backend.forecasting - INFO - Linear Regression (fast) forecast completed successfully
2026-08-02 10:44:16,541 - inventory_backend.forecasting - INFO - Linear Regression (fast) forecast completed successfully
2026-08-02 10:44:16,545 - inventory_backend.forecasting - INFO - Linear Regression (fast) forecast completed successfully
2026-08-02 10:44:16,547 - inventory_backend.forecasting - INFO - Linear Regression (fast) forecast completed successfully
2026-08-02 10:44:16,550 - inventory_backend.forecasting - INFO - Linear Regression (fast) forecast completed successfully
2026-08-02 10:44:16,552 - inventory_backend.forecasting - INFO - Linear Regression (fast) forecast completed successfully
2026-08-02 10:44:16,555 - inventory_backend.forecasting - INFO - Linear Regression (fast) forecast completed successfully
2026-08-02 10:44:16,557 - inventory_backend.forecasting - INFO - Linear Regression (fast) forecast completed successfully
2026-08-02 10:44:16,560 - inventory_backend.forecasting - INFO - Linear Regression (fast) forecast completed successfully
2026-08-02 10:44:16,563 - inventory_backend.forecasting - INFO - Linear Regression (fast) forecast completed successfully
2026-08-02 10:44:16,565 - inventory_backend.forecasting - INFO - Linear Regression (fast) forecast completed successfully
2026-08-02 10:44:16,568 - inventory_backend.forecasting - INFO - Linear Regression (fast) forecast completed successfully
2026-08-02 10:44:16,570 - inventory_backend.forecasting - INFO - Linear Regression (fast) forecast completed successfully
2026-08-02 10:44:16,572 - inventory_backend.forecasting - INFO - Linear Regression (fast) forecast completed successfully
2026-08-02 10:44:16,575 - inventory_backend.forecasting - INFO - Linear Regression (fast) forecast completed successfully
2026-08-02 10:44:16,578 - inventory_backend.forecasting - INFO - Linear Regression (fast) forecast completed successfully
2026-08-02 10:44:16,579 - inventory_backend.prediction_engine - INFO - ML Pipeline execution finished. Generated 100 predictions.
2026-08-02 11:20:43,001 - inventory_backend.model_manager - INFO - Loaded pre-trained model and metadata from disk.
2026-08-02 11:20:43,003 - inventory_backend.fastapi_server - INFO - ✅ Pre-trained model loaded successfully (type=SVC, trained=2026-07-17T13:47:33.159203)
2026-08-02 11:26:54,691 - inventory_backend.model_manager - INFO - Loaded pre-trained model and metadata from disk.
2026-08-02 11:26:54,693 - inventory_backend.fastapi_server - INFO - ✅ Pre-trained model loaded successfully (type=SVC, trained=2026-07-17T13:47:33.159203)
2026-08-02 11:32:44,258 - inventory_backend.migrations - INFO - Running database migrations (current=0, target=1)...
2026-08-02 11:32:44,259 - inventory_backend.migrations - INFO - Database migrations completed successfully.
2026-08-02 11:32:44,261 - inventory_backend.migrations - INFO - Running database migrations (current=0, target=1)...
2026-08-02 11:32:44,262 - inventory_backend.migrations - INFO - Database migrations completed successfully.
2026-08-02 11:32:44,263 - inventory_backend.db_manager - INFO - Added product SKU=TEST-01 with ID=1
2026-08-02 11:32:44,264 - inventory_backend.db_manager - ERROR - Transaction failed and was rolled back: FOREIGN KEY constraint failed
Traceback (most recent call last):
  File "/Users/ghoriommukeshbai/Desktop/research paper/model/Inventra/backend/database/db_manager.py", line 80, in transaction
    yield cursor
  File "/Users/ghoriommukeshbai/Desktop/research paper/model/Inventra/backend/tests/test_database.py", line 55, in test_transaction_rollback
    cursor.execute("""
    ~~~~~~~~~~~~~~^^^^
        INSERT INTO stock_movements (product_id, movement_type, quantity, supplier_name, cost_per_unit, reason, movement_date, entered_by, created_at)
        ^^^^^^^^^^^^^^^^^^^^^^^^^^^^^^^^^^^^^^^^^^^^^^^^^^^^^^^^^^^^^^^^^^^^^^^^^^^^^^^^^^^^^^^^^^^^^^^^^^^^^^^^^^^^^^^^^^^^^^^^^^^^^^^^^^^^^^^^^^^^^^
        VALUES (999, 'IN', 5, 'Supplier', 5.0, 'Reason', '2026-07-11', NULL, datetime('now'));
        ^^^^^^^^^^^^^^^^^^^^^^^^^^^^^^^^^^^^^^^^^^^^^^^^^^^^^^^^^^^^^^^^^^^^^^^^^^^^^^^^^^^^^^
    """)
    ^^^^
sqlite3.IntegrityError: FOREIGN KEY constraint failed
2026-08-02 11:32:44,265 - inventory_backend.db_manager - ERROR - Database connection error: Database transaction failure: FOREIGN KEY constraint failed
Traceback (most recent call last):
  File "/Users/ghoriommukeshbai/Desktop/research paper/model/Inventra/backend/database/db_manager.py", line 80, in transaction
    yield cursor
  File "/Users/ghoriommukeshbai/Desktop/research paper/model/Inventra/backend/tests/test_database.py", line 55, in test_transaction_rollback
    cursor.execute("""
    ~~~~~~~~~~~~~~^^^^
        INSERT INTO stock_movements (product_id, movement_type, quantity, supplier_name, cost_per_unit, reason, movement_date, entered_by, created_at)
        ^^^^^^^^^^^^^^^^^^^^^^^^^^^^^^^^^^^^^^^^^^^^^^^^^^^^^^^^^^^^^^^^^^^^^^^^^^^^^^^^^^^^^^^^^^^^^^^^^^^^^^^^^^^^^^^^^^^^^^^^^^^^^^^^^^^^^^^^^^^^^^
        VALUES (999, 'IN', 5, 'Supplier', 5.0, 'Reason', '2026-07-11', NULL, datetime('now'));
        ^^^^^^^^^^^^^^^^^^^^^^^^^^^^^^^^^^^^^^^^^^^^^^^^^^^^^^^^^^^^^^^^^^^^^^^^^^^^^^^^^^^^^^
    """)
    ^^^^
sqlite3.IntegrityError: FOREIGN KEY constraint failed

The above exception was the direct cause of the following exception:

Traceback (most recent call last):
  File "/Users/ghoriommukeshbai/Desktop/research paper/model/Inventra/backend/database/db_manager.py", line 54, in connection
    yield conn
  File "/Users/ghoriommukeshbai/Desktop/research paper/model/Inventra/backend/database/db_manager.py", line 88, in transaction
    raise DatabaseError(f"Database transaction failure: {e}") from e
backend.utils.validators.DatabaseError: Database transaction failure: FOREIGN KEY constraint failed
2026-08-02 11:32:44,267 - inventory_backend.migrations - INFO - Running database migrations (current=0, target=1)...
2026-08-02 11:32:44,267 - inventory_backend.migrations - INFO - Database migrations completed successfully.
2026-08-02 11:32:44,268 - inventory_backend.db_manager - INFO - Added product SKU=SKU-1 with ID=1
2026-08-02 11:32:44,270 - inventory_backend.db_manager - INFO - Updated product ID=1, status=True
2026-08-02 11:32:44,272 - inventory_backend.db_manager - INFO - Deleted product ID=1, status=True
2026-08-02 11:32:44,274 - inventory_backend.migrations - INFO - Running database migrations (current=0, target=1)...
2026-08-02 11:32:44,275 - inventory_backend.migrations - INFO - Database migrations completed successfully.
2026-08-02 11:32:44,276 - inventory_backend.db_manager - INFO - Added product SKU=P1 with ID=1
2026-08-02 11:32:44,276 - inventory_backend.db_manager - INFO - Added daily entry ID=1 for product ID=1
2026-08-02 11:32:44,278 - inventory_backend.db_manager - INFO - Updated daily entry ID=1, status=True
2026-08-02 11:32:44,279 - inventory_backend.db_manager - INFO - Deleted daily entry ID=1, status=True
2026-08-02 11:32:44,282 - inventory_backend.migrations - INFO - Running database migrations (current=0, target=1)...
2026-08-02 11:32:44,282 - inventory_backend.migrations - INFO - Database migrations completed successfully.
2026-08-02 11:32:44,283 - inventory_backend.db_manager - INFO - Added product SKU=P1 with ID=1
2026-08-02 11:32:44,284 - inventory_backend.db_manager - INFO - Recorded movement ID=1 (OUT), delta=-5 for product ID=1
2026-08-02 11:32:44,289 - inventory_backend.migrations - INFO - Running database migrations (current=0, target=1)...
2026-08-02 11:32:44,290 - inventory_backend.migrations - INFO - Database migrations completed successfully.
2026-08-02 11:32:44,306 - inventory_backend.migrations - INFO - Running database migrations (current=0, target=1)...
2026-08-02 11:32:44,307 - inventory_backend.migrations - INFO - Database migrations completed successfully.
2026-08-02 11:32:44,308 - inventory_backend.db_manager - ERROR - Database connection error: no such table: nonexistent_table
Traceback (most recent call last):
  File "/Users/ghoriommukeshbai/Desktop/research paper/model/Inventra/backend/database/db_manager.py", line 54, in connection
    yield conn
  File "/Users/ghoriommukeshbai/Desktop/research paper/model/Inventra/backend/tests/test_database.py", line 204, in test_db_execute_error
    cursor.execute("SELECT * FROM nonexistent_table;")
    ~~~~~~~~~~~~~~^^^^^^^^^^^^^^^^^^^^^^^^^^^^^^^^^^^^
sqlite3.OperationalError: no such table: nonexistent_table
2026-08-02 11:32:44,312 - inventory_backend.migrations - INFO - Running database migrations (current=0, target=1)...
2026-08-02 11:32:44,313 - inventory_backend.migrations - INFO - Database migrations completed successfully.
2026-08-02 11:32:44,315 - inventory_backend.db_manager - ERROR - Database connection error: unable to open database file
Traceback (most recent call last):
  File "/Users/ghoriommukeshbai/Desktop/research paper/model/Inventra/backend/database/db_manager.py", line 45, in connection
    conn = sqlite3.connect(self.db_path)
sqlite3.OperationalError: unable to open database file
2026-08-02 11:32:44,315 - inventory_backend.db_manager - CRITICAL - Database initialization failed: Database error: unable to open database file
Traceback (most recent call last):
  File "/Users/ghoriommukeshbai/Desktop/research paper/model/Inventra/backend/database/db_manager.py", line 45, in connection
    conn = sqlite3.connect(self.db_path)
sqlite3.OperationalError: unable to open database file

The above exception was the direct cause of the following exception:

Traceback (most recent call last):
  File "/Users/ghoriommukeshbai/Desktop/research paper/model/Inventra/backend/database/db_manager.py", line 31, in _initialize_db
    with self.connection() as conn:
         ~~~~~~~~~~~~~~~^^
  File "/opt/homebrew/Cellar/python@3.13/3.13.7/Frameworks/Python.framework/Versions/3.13/lib/python3.13/contextlib.py", line 141, in __enter__
    return next(self.gen)
  File "/Users/ghoriommukeshbai/Desktop/research paper/model/Inventra/backend/database/db_manager.py", line 66, in connection
    raise DatabaseError(f"Database error: {e}") from e
backend.utils.validators.DatabaseError: Database error: unable to open database file
2026-08-02 11:32:44,668 - inventory_backend.forecasting - INFO - Moving Average fallback completed successfully
2026-08-02 11:32:44,680 - inventory_backend.forecasting - INFO - Linear Regression forecast completed successfully
2026-08-02 11:32:45,157 - inventory_backend.classifier - INFO - LSVM Classifier trained successfully. Train Accuracy: 100.00%
2026-08-02 11:32:45,161 - inventory_backend.evaluation - INFO - Forecast evaluation: MAPE=0.0500, RMSE=0.8165, R2=0.9600
2026-08-02 11:32:45,163 - inventory_backend.evaluation - INFO - Classification evaluation: Accuracy=0.6667, F1=0.5556
2026-08-02 11:32:45,254 - inventory_backend.model_manager - INFO - Retraining required: No existing models found.
2026-08-02 11:32:45,256 - inventory_backend.model_manager - INFO - Classifier and Scaler successfully saved to /private/var/folders/9t/_d31_z194q5g1mykg6m706hh0000gn/T/pytest-of-ghoriommukeshbai/pytest-0/test_model_manager0/models
2026-08-02 11:32:45,257 - inventory_backend.model_manager - INFO - Loaded pre-trained model and metadata from disk.
2026-08-02 11:32:45,257 - inventory_backend.model_manager - INFO - Retraining required: Model type changed or older model type detected (saved=RandomForestClassifier).
2026-08-02 11:32:45,299 - inventory_backend.prediction_engine - WARNING - Sales history or product list is empty. Returning empty predictions.
2026-08-02 11:32:45,300 - inventory_backend.prediction_engine - INFO - Starting ML pipeline for 1 products...
2026-08-02 11:32:45,320 - inventory_backend.prediction_engine - INFO - Product SKU=COLD is in Cold Start (history=2 points, span=7 days).
2026-08-02 11:32:45,320 - inventory_backend.prediction_engine - INFO - ML Pipeline execution finished. Generated 1 predictions.
2026-08-02 11:32:45,322 - inventory_backend.migrations - INFO - Running database migrations (current=0, target=1)...
2026-08-02 11:32:45,324 - inventory_backend.migrations - INFO - Database migrations completed successfully.
2026-08-02 11:32:45,327 - inventory_backend.db_manager - INFO - Added product SKU=SKU-T1 with ID=1
2026-08-02 11:32:45,328 - inventory_backend.inventory_service - WARNING - Failed to add product: SKU 'SKU-T1' already exists.
2026-08-02 11:32:45,329 - inventory_backend.inventory_service - WARNING - Failed to add product: Name 'Bread' already exists.
2026-08-02 11:32:45,331 - inventory_backend.db_manager - INFO - Updated product ID=1, status=True
2026-08-02 11:32:45,333 - inventory_backend.inventory_service - INFO - Logically deactivated product SKU=SKU-T1
2026-08-02 11:32:45,336 - inventory_backend.migrations - INFO - Running database migrations (current=0, target=1)...
2026-08-02 11:32:45,337 - inventory_backend.migrations - INFO - Database migrations completed successfully.
2026-08-02 11:32:45,339 - inventory_backend.db_manager - INFO - Added product SKU=MILK-01 with ID=1
2026-08-02 11:32:45,340 - inventory_backend.db_manager - INFO - Recorded movement ID=1 (IN), delta=15 for product ID=1
2026-08-02 11:32:45,342 - inventory_backend.inventory_service - INFO - Weekly submission for SKU=MILK-01: Sales=17, PrevStock=10, Deliveries=15, NewStock=8
2026-08-02 11:32:45,345 - inventory_backend.migrations - INFO - Running database migrations (current=0, target=1)...
2026-08-02 11:32:45,346 - inventory_backend.migrations - INFO - Database migrations completed successfully.
2026-08-02 11:32:45,348 - inventory_backend.db_manager - INFO - Added product SKU=A-1 with ID=1
2026-08-02 11:32:45,350 - inventory_backend.db_manager - INFO - Added product SKU=B-2 with ID=2
2026-08-02 11:32:45,351 - inventory_backend.inventory_service - INFO - Weekly submission for SKU=A-1: Sales=10, PrevStock=20, Deliveries=0, NewStock=10
2026-08-02 11:32:45,352 - inventory_backend.inventory_service - INFO - Weekly submission for SKU=B-2: Sales=3, PrevStock=5, Deliveries=0, NewStock=2
2026-08-02 11:32:45,357 - inventory_backend.db_manager - INFO - Recorded movement ID=1 (IN), delta=10 for product ID=1
2026-08-02 11:32:45,361 - inventory_backend.migrations - INFO - Running database migrations (current=0, target=1)...
2026-08-02 11:32:45,362 - inventory_backend.migrations - INFO - Database migrations completed successfully.
2026-08-02 11:32:45,363 - inventory_backend.prediction_service - WARNING - No active products to run predictions for.
2026-08-02 11:32:45,365 - inventory_backend.db_manager - INFO - Added product SKU=A with ID=1
2026-08-02 11:32:45,366 - inventory_backend.prediction_service - WARNING - No sales history records in daily_entries. Pipeline cannot run.
2026-08-02 11:32:45,367 - inventory_backend.inventory_service - INFO - Weekly submission for SKU=A: Sales=5, PrevStock=20, Deliveries=0, NewStock=15
2026-08-02 11:32:45,368 - inventory_backend.inventory_service - INFO - Weekly submission for SKU=A: Sales=0, PrevStock=15, Deliveries=0, NewStock=15
2026-08-02 11:32:45,370 - inventory_backend.inventory_service - INFO - Weekly submission for SKU=A: Sales=0, PrevStock=15, Deliveries=0, NewStock=15
2026-08-02 11:32:45,371 - inventory_backend.inventory_service - INFO - Weekly submission for SKU=A: Sales=0, PrevStock=15, Deliveries=0, NewStock=15
2026-08-02 11:32:45,372 - inventory_backend.inventory_service - INFO - Weekly submission for SKU=A: Sales=0, PrevStock=15, Deliveries=0, NewStock=15
2026-08-02 11:32:45,374 - inventory_backend.prediction_engine - INFO - Starting ML pipeline for 1 products...
2026-08-02 11:32:45,385 - inventory_backend.model_manager - INFO - Loaded pre-trained model and metadata from disk.
2026-08-02 11:32:45,385 - inventory_backend.model_manager - INFO - Retraining required: Model type changed or older model type detected (saved=RandomForestClassifier).
2026-08-02 11:32:45,387 - inventory_backend.prediction_engine - ERROR - Error training/loading classifier model: The number of classes has to be greater than one; got 1 class
Traceback (most recent call last):
  File "/Users/ghoriommukeshbai/Desktop/research paper/model/Inventra/backend/ml/prediction_engine.py", line 158, in run_ml_pipeline
    clf, scaler, acc = train_classifier(combined_features, CLASSIFIER_FEATURES)
                       ~~~~~~~~~~~~~~~~^^^^^^^^^^^^^^^^^^^^^^^^^^^^^^^^^^^^^^^^
  File "/Users/ghoriommukeshbai/Desktop/research paper/model/Inventra/backend/ml/classifier.py", line 85, in train_classifier
    clf.fit(X_scaled, y)
    ~~~~~~~^^^^^^^^^^^^^
  File "/Users/ghoriommukeshbai/Library/Python/3.13/lib/python/site-packages/sklearn/base.py", line 1403, in wrapper
    return fit_method(estimator, *args, **kwargs)
  File "/Users/ghoriommukeshbai/Library/Python/3.13/lib/python/site-packages/sklearn/svm/_base.py", line 224, in fit
    y = self._validate_targets(y)
  File "/Users/ghoriommukeshbai/Library/Python/3.13/lib/python/site-packages/sklearn/svm/_base.py", line 789, in _validate_targets
    raise ValueError(
    ...<2 lines>...
    )
ValueError: The number of classes has to be greater than one; got 1 class
2026-08-02 11:32:45,391 - inventory_backend.forecasting - INFO - Linear Regression forecast completed successfully
2026-08-02 11:32:45,391 - inventory_backend.prediction_engine - INFO - ML Pipeline execution finished. Generated 1 predictions.
2026-08-02 11:32:45,392 - inventory_backend.prediction_engine - INFO - Starting ML pipeline for 1 products...
2026-08-02 11:32:45,395 - inventory_backend.prediction_engine - INFO - Product SKU=A is in Cold Start (history=2 points, span=1 days).
2026-08-02 11:32:45,395 - inventory_backend.prediction_engine - INFO - ML Pipeline execution finished. Generated 1 predictions.
2026-08-02 11:32:45,397 - inventory_backend.migrations - INFO - Running database migrations (current=0, target=1)...
2026-08-02 11:32:45,398 - inventory_backend.migrations - INFO - Database migrations completed successfully.
2026-08-02 11:32:45,401 - inventory_backend.inventory_service - INFO - Bulk CSV import complete: 2 inserted, 0 updated.
2026-08-02 11:32:45,402 - inventory_backend.inventory_service - INFO - Bulk CSV import complete: 0 inserted, 2 updated.
2026-08-02 11:32:45,404 - inventory_backend.migrations - INFO - Running database migrations (current=0, target=1)...
2026-08-02 11:32:45,405 - inventory_backend.migrations - INFO - Database migrations completed successfully.
2026-08-02 11:32:45,406 - inventory_backend.inventory_service - WARNING - Attempted deactivation of non-existent product ID=999
2026-08-02 11:32:45,409 - inventory_backend.db_manager - INFO - Added product SKU=SKU-REAL with ID=1
2026-08-02 11:32:45,412 - inventory_backend.db_manager - ERROR - Transaction failed and was rolled back: Row 1: Product name 'Real Product' already exists in database with a different SKU.
Traceback (most recent call last):
  File "/Users/ghoriommukeshbai/Desktop/research paper/model/Inventra/backend/database/db_manager.py", line 80, in transaction
    yield cursor
  File "/Users/ghoriommukeshbai/Desktop/research paper/model/Inventra/backend/services/inventory_service.py", line 189, in bulk_csv_import
    raise DuplicateProductError(f"Row {idx+1}: Product name '{name}' already exists in database with a different SKU.")
backend.utils.validators.DuplicateProductError: Row 1: Product name 'Real Product' already exists in database with a different SKU.
2026-08-02 11:42:42,842 - inventory_backend.model_manager - INFO - Loaded pre-trained model and metadata from disk.
2026-08-02 11:42:42,843 - inventory_backend.fastapi_server - INFO - ✅ Pre-trained model loaded successfully (type=RandomForestClassifier, trained=2026-08-02T11:32:45.256062)
2026-08-02 11:45:04,296 - inventory_backend.fastapi_server - INFO - Saved 5000 rows to SQLite table 'dataset' (batch=64a153e4)
2026-08-02 11:45:04,736 - inventory_backend.prediction_engine - INFO - Starting ML pipeline for 100 products...
2026-08-02 11:45:05,734 - inventory_backend.model_manager - INFO - Loaded pre-trained model and metadata from disk.
2026-08-02 11:45:05,734 - inventory_backend.model_manager - INFO - Retraining required: Model type changed or older model type detected (saved=RandomForestClassifier).
2026-08-02 11:45:05,907 - inventory_backend.classifier - INFO - LSVM Classifier trained successfully. Train Accuracy: 100.00%
2026-08-02 11:45:05,909 - inventory_backend.model_manager - INFO - Classifier and Scaler successfully saved to /Users/ghoriommukeshbai/Desktop/research paper/model/Inventra/backend/saved_models
2026-08-02 11:45:05,913 - inventory_backend.forecasting - INFO - Linear Regression (fast) forecast completed successfully
2026-08-02 11:45:05,916 - inventory_backend.forecasting - INFO - Linear Regression (fast) forecast completed successfully
2026-08-02 11:45:05,919 - inventory_backend.forecasting - INFO - Linear Regression (fast) forecast completed successfully
2026-08-02 11:45:05,922 - inventory_backend.forecasting - INFO - Linear Regression (fast) forecast completed successfully
2026-08-02 11:45:05,925 - inventory_backend.forecasting - INFO - Linear Regression (fast) forecast completed successfully
2026-08-02 11:45:05,927 - inventory_backend.forecasting - INFO - Linear Regression (fast) forecast completed successfully
2026-08-02 11:45:05,930 - inventory_backend.forecasting - INFO - Linear Regression (fast) forecast completed successfully
2026-08-02 11:45:05,932 - inventory_backend.forecasting - INFO - Linear Regression (fast) forecast completed successfully
2026-08-02 11:45:05,935 - inventory_backend.forecasting - INFO - Linear Regression (fast) forecast completed successfully
2026-08-02 11:45:05,937 - inventory_backend.forecasting - INFO - Linear Regression (fast) forecast completed successfully
2026-08-02 11:45:05,940 - inventory_backend.forecasting - INFO - Linear Regression (fast) forecast completed successfully
2026-08-02 11:45:05,942 - inventory_backend.forecasting - INFO - Linear Regression (fast) forecast completed successfully
2026-08-02 11:45:05,945 - inventory_backend.forecasting - INFO - Linear Regression (fast) forecast completed successfully
2026-08-02 11:45:05,947 - inventory_backend.forecasting - INFO - Linear Regression (fast) forecast completed successfully
2026-08-02 11:45:05,950 - inventory_backend.forecasting - INFO - Linear Regression (fast) forecast completed successfully
2026-08-02 11:45:05,952 - inventory_backend.forecasting - INFO - Linear Regression (fast) forecast completed successfully
2026-08-02 11:45:05,955 - inventory_backend.forecasting - INFO - Linear Regression (fast) forecast completed successfully
2026-08-02 11:45:05,957 - inventory_backend.forecasting - INFO - Linear Regression (fast) forecast completed successfully
2026-08-02 11:45:05,960 - inventory_backend.forecasting - INFO - Linear Regression (fast) forecast completed successfully
2026-08-02 11:45:05,963 - inventory_backend.forecasting - INFO - Linear Regression (fast) forecast completed successfully
2026-08-02 11:45:05,965 - inventory_backend.forecasting - INFO - Linear Regression (fast) forecast completed successfully
2026-08-02 11:45:05,968 - inventory_backend.forecasting - INFO - Linear Regression (fast) forecast completed successfully
2026-08-02 11:45:05,970 - inventory_backend.forecasting - INFO - Linear Regression (fast) forecast completed successfully
2026-08-02 11:45:05,973 - inventory_backend.forecasting - INFO - Linear Regression (fast) forecast completed successfully
2026-08-02 11:45:05,975 - inventory_backend.forecasting - INFO - Linear Regression (fast) forecast completed successfully
2026-08-02 11:45:05,978 - inventory_backend.forecasting - INFO - Linear Regression (fast) forecast completed successfully
2026-08-02 11:45:05,980 - inventory_backend.forecasting - INFO - Linear Regression (fast) forecast completed successfully
2026-08-02 11:45:05,983 - inventory_backend.forecasting - INFO - Linear Regression (fast) forecast completed successfully
2026-08-02 11:45:05,985 - inventory_backend.forecasting - INFO - Linear Regression (fast) forecast completed successfully
2026-08-02 11:45:05,988 - inventory_backend.forecasting - INFO - Linear Regression (fast) forecast completed successfully
2026-08-02 11:45:05,990 - inventory_backend.forecasting - INFO - Linear Regression (fast) forecast completed successfully
2026-08-02 11:45:05,993 - inventory_backend.forecasting - INFO - Linear Regression (fast) forecast completed successfully
2026-08-02 11:45:05,995 - inventory_backend.forecasting - INFO - Linear Regression (fast) forecast completed successfully
2026-08-02 11:45:05,998 - inventory_backend.forecasting - INFO - Linear Regression (fast) forecast completed successfully
2026-08-02 11:45:06,000 - inventory_backend.forecasting - INFO - Linear Regression (fast) forecast completed successfully
2026-08-02 11:45:06,003 - inventory_backend.forecasting - INFO - Linear Regression (fast) forecast completed successfully
2026-08-02 11:45:06,005 - inventory_backend.forecasting - INFO - Linear Regression (fast) forecast completed successfully
2026-08-02 11:45:06,007 - inventory_backend.forecasting - INFO - Linear Regression (fast) forecast completed successfully
2026-08-02 11:45:06,010 - inventory_backend.forecasting - INFO - Linear Regression (fast) forecast completed successfully
2026-08-02 11:45:06,012 - inventory_backend.forecasting - INFO - Linear Regression (fast) forecast completed successfully
2026-08-02 11:45:06,015 - inventory_backend.forecasting - INFO - Linear Regression (fast) forecast completed successfully
2026-08-02 11:45:06,017 - inventory_backend.forecasting - INFO - Linear Regression (fast) forecast completed successfully
2026-08-02 11:45:06,020 - inventory_backend.forecasting - INFO - Linear Regression (fast) forecast completed successfully
2026-08-02 11:45:06,022 - inventory_backend.forecasting - INFO - Linear Regression (fast) forecast completed successfully
2026-08-02 11:45:06,025 - inventory_backend.forecasting - INFO - Linear Regression (fast) forecast completed successfully
2026-08-02 11:45:06,027 - inventory_backend.forecasting - INFO - Linear Regression (fast) forecast completed successfully
2026-08-02 11:45:06,029 - inventory_backend.forecasting - INFO - Linear Regression (fast) forecast completed successfully
2026-08-02 11:45:06,032 - inventory_backend.forecasting - INFO - Linear Regression (fast) forecast completed successfully
2026-08-02 11:45:06,035 - inventory_backend.forecasting - INFO - Linear Regression (fast) forecast completed successfully
2026-08-02 11:45:06,038 - inventory_backend.forecasting - INFO - Linear Regression (fast) forecast completed successfully
2026-08-02 11:45:06,040 - inventory_backend.forecasting - INFO - Linear Regression (fast) forecast completed successfully
2026-08-02 11:45:06,043 - inventory_backend.forecasting - INFO - Linear Regression (fast) forecast completed successfully
2026-08-02 11:45:06,045 - inventory_backend.forecasting - INFO - Linear Regression (fast) forecast completed successfully
2026-08-02 11:45:06,048 - inventory_backend.forecasting - INFO - Linear Regression (fast) forecast completed successfully
2026-08-02 11:45:06,051 - inventory_backend.forecasting - INFO - Linear Regression (fast) forecast completed successfully
2026-08-02 11:45:06,054 - inventory_backend.forecasting - INFO - Linear Regression (fast) forecast completed successfully
2026-08-02 11:45:06,056 - inventory_backend.forecasting - INFO - Linear Regression (fast) forecast completed successfully
2026-08-02 11:45:06,059 - inventory_backend.forecasting - INFO - Linear Regression (fast) forecast completed successfully
2026-08-02 11:45:06,061 - inventory_backend.forecasting - INFO - Linear Regression (fast) forecast completed successfully
2026-08-02 11:45:06,064 - inventory_backend.forecasting - INFO - Linear Regression (fast) forecast completed successfully
2026-08-02 11:45:06,066 - inventory_backend.forecasting - INFO - Linear Regression (fast) forecast completed successfully
2026-08-02 11:45:06,069 - inventory_backend.forecasting - INFO - Linear Regression (fast) forecast completed successfully
2026-08-02 11:45:06,071 - inventory_backend.forecasting - INFO - Linear Regression (fast) forecast completed successfully
2026-08-02 11:45:06,073 - inventory_backend.forecasting - INFO - Linear Regression (fast) forecast completed successfully
2026-08-02 11:45:06,076 - inventory_backend.forecasting - INFO - Linear Regression (fast) forecast completed successfully
2026-08-02 11:45:06,078 - inventory_backend.forecasting - INFO - Linear Regression (fast) forecast completed successfully
2026-08-02 11:45:06,081 - inventory_backend.forecasting - INFO - Linear Regression (fast) forecast completed successfully
2026-08-02 11:45:06,083 - inventory_backend.forecasting - INFO - Linear Regression (fast) forecast completed successfully
2026-08-02 11:45:06,086 - inventory_backend.forecasting - INFO - Linear Regression (fast) forecast completed successfully
2026-08-02 11:45:06,088 - inventory_backend.forecasting - INFO - Linear Regression (fast) forecast completed successfully
2026-08-02 11:45:06,091 - inventory_backend.forecasting - INFO - Linear Regression (fast) forecast completed successfully
2026-08-02 11:45:06,093 - inventory_backend.forecasting - INFO - Linear Regression (fast) forecast completed successfully
2026-08-02 11:45:06,096 - inventory_backend.forecasting - INFO - Linear Regression (fast) forecast completed successfully
2026-08-02 11:45:06,099 - inventory_backend.forecasting - INFO - Linear Regression (fast) forecast completed successfully
2026-08-02 11:45:06,101 - inventory_backend.forecasting - INFO - Linear Regression (fast) forecast completed successfully
2026-08-02 11:45:06,104 - inventory_backend.forecasting - INFO - Linear Regression (fast) forecast completed successfully
2026-08-02 11:45:06,107 - inventory_backend.forecasting - INFO - Linear Regression (fast) forecast completed successfully
2026-08-02 11:45:06,109 - inventory_backend.forecasting - INFO - Linear Regression (fast) forecast completed successfully
2026-08-02 11:45:06,112 - inventory_backend.forecasting - INFO - Linear Regression (fast) forecast completed successfully
2026-08-02 11:45:06,114 - inventory_backend.forecasting - INFO - Linear Regression (fast) forecast completed successfully
2026-08-02 11:45:06,117 - inventory_backend.forecasting - INFO - Linear Regression (fast) forecast completed successfully
2026-08-02 11:45:06,119 - inventory_backend.forecasting - INFO - Linear Regression (fast) forecast completed successfully
2026-08-02 11:45:06,121 - inventory_backend.forecasting - INFO - Linear Regression (fast) forecast completed successfully
2026-08-02 11:45:06,124 - inventory_backend.forecasting - INFO - Linear Regression (fast) forecast completed successfully
2026-08-02 11:45:06,127 - inventory_backend.forecasting - INFO - Linear Regression (fast) forecast completed successfully
2026-08-02 11:45:06,134 - inventory_backend.forecasting - INFO - Linear Regression (fast) forecast completed successfully
2026-08-02 11:45:06,142 - inventory_backend.forecasting - INFO - Linear Regression (fast) forecast completed successfully
2026-08-02 11:45:06,148 - inventory_backend.forecasting - INFO - Linear Regression (fast) forecast completed successfully
2026-08-02 11:45:06,164 - inventory_backend.forecasting - INFO - Linear Regression (fast) forecast completed successfully
2026-08-02 11:45:06,167 - inventory_backend.forecasting - INFO - Linear Regression (fast) forecast completed successfully
2026-08-02 11:45:06,170 - inventory_backend.forecasting - INFO - Linear Regression (fast) forecast completed successfully
2026-08-02 11:45:06,173 - inventory_backend.forecasting - INFO - Linear Regression (fast) forecast completed successfully
2026-08-02 11:45:06,176 - inventory_backend.forecasting - INFO - Linear Regression (fast) forecast completed successfully
2026-08-02 11:45:06,178 - inventory_backend.forecasting - INFO - Linear Regression (fast) forecast completed successfully
2026-08-02 11:45:06,181 - inventory_backend.forecasting - INFO - Linear Regression (fast) forecast completed successfully
2026-08-02 11:45:06,183 - inventory_backend.forecasting - INFO - Linear Regression (fast) forecast completed successfully
2026-08-02 11:45:06,185 - inventory_backend.forecasting - INFO - Linear Regression (fast) forecast completed successfully
2026-08-02 11:45:06,188 - inventory_backend.forecasting - INFO - Linear Regression (fast) forecast completed successfully
2026-08-02 11:45:06,190 - inventory_backend.forecasting - INFO - Linear Regression (fast) forecast completed successfully
2026-08-02 11:45:06,193 - inventory_backend.forecasting - INFO - Linear Regression (fast) forecast completed successfully
2026-08-02 11:45:06,194 - inventory_backend.prediction_engine - INFO - ML Pipeline execution finished. Generated 100 predictions.
2026-08-02 13:14:53,365 - inventory_backend.model_manager - INFO - Loaded pre-trained model and metadata from disk.
2026-08-02 13:14:53,365 - inventory_backend.fastapi_server - INFO - ✅ Pre-trained model loaded successfully (type=SVC, trained=2026-08-02T11:45:05.909048)
2026-08-02 13:18:51,199 - inventory_backend.model_manager - INFO - Loaded pre-trained model and metadata from disk.
2026-08-02 13:18:51,200 - inventory_backend.fastapi_server - INFO - ✅ Pre-trained model loaded successfully (type=SVC, trained=2026-08-02T11:45:05.909048)
2026-08-02 13:19:14,688 - inventory_backend.fastapi_server - INFO - Saved 5000 rows to SQLite table 'dataset' (batch=936beb12)
2026-08-02 13:19:15,115 - inventory_backend.prediction_engine - INFO - Starting ML pipeline for 100 products...
2026-08-02 13:19:16,109 - inventory_backend.model_manager - INFO - Loaded pre-trained model and metadata from disk.
2026-08-02 13:19:16,109 - inventory_backend.model_manager - INFO - Skipping retraining: Data hash is unchanged, loaded cached model.
2026-08-02 13:19:16,110 - inventory_backend.model_manager - INFO - Loaded pre-trained model and metadata from disk.
2026-08-02 13:19:16,120 - inventory_backend.forecasting - INFO - Linear Regression (fast) forecast completed successfully
2026-08-02 13:19:16,124 - inventory_backend.forecasting - INFO - Linear Regression (fast) forecast completed successfully
2026-08-02 13:19:16,127 - inventory_backend.forecasting - INFO - Linear Regression (fast) forecast completed successfully
2026-08-02 13:19:16,129 - inventory_backend.forecasting - INFO - Linear Regression (fast) forecast completed successfully
2026-08-02 13:19:16,132 - inventory_backend.forecasting - INFO - Linear Regression (fast) forecast completed successfully
2026-08-02 13:19:16,134 - inventory_backend.forecasting - INFO - Linear Regression (fast) forecast completed successfully
2026-08-02 13:19:16,137 - inventory_backend.forecasting - INFO - Linear Regression (fast) forecast completed successfully
2026-08-02 13:19:16,139 - inventory_backend.forecasting - INFO - Linear Regression (fast) forecast completed successfully
2026-08-02 13:19:16,142 - inventory_backend.forecasting - INFO - Linear Regression (fast) forecast completed successfully
2026-08-02 13:19:16,145 - inventory_backend.forecasting - INFO - Linear Regression (fast) forecast completed successfully
2026-08-02 13:19:16,148 - inventory_backend.forecasting - INFO - Linear Regression (fast) forecast completed successfully
2026-08-02 13:19:16,151 - inventory_backend.forecasting - INFO - Linear Regression (fast) forecast completed successfully
2026-08-02 13:19:16,154 - inventory_backend.forecasting - INFO - Linear Regression (fast) forecast completed successfully
2026-08-02 13:19:16,157 - inventory_backend.forecasting - INFO - Linear Regression (fast) forecast completed successfully
2026-08-02 13:19:16,160 - inventory_backend.forecasting - INFO - Linear Regression (fast) forecast completed successfully
2026-08-02 13:19:16,162 - inventory_backend.forecasting - INFO - Linear Regression (fast) forecast completed successfully
2026-08-02 13:19:16,165 - inventory_backend.forecasting - INFO - Linear Regression (fast) forecast completed successfully
2026-08-02 13:19:16,168 - inventory_backend.forecasting - INFO - Linear Regression (fast) forecast completed successfully
2026-08-02 13:19:16,170 - inventory_backend.forecasting - INFO - Linear Regression (fast) forecast completed successfully
2026-08-02 13:19:16,173 - inventory_backend.forecasting - INFO - Linear Regression (fast) forecast completed successfully
2026-08-02 13:19:16,175 - inventory_backend.forecasting - INFO - Linear Regression (fast) forecast completed successfully
2026-08-02 13:19:16,178 - inventory_backend.forecasting - INFO - Linear Regression (fast) forecast completed successfully
2026-08-02 13:19:16,180 - inventory_backend.forecasting - INFO - Linear Regression (fast) forecast completed successfully
2026-08-02 13:19:16,183 - inventory_backend.forecasting - INFO - Linear Regression (fast) forecast completed successfully
2026-08-02 13:19:16,186 - inventory_backend.forecasting - INFO - Linear Regression (fast) forecast completed successfully
2026-08-02 13:19:16,188 - inventory_backend.forecasting - INFO - Linear Regression (fast) forecast completed successfully
2026-08-02 13:19:16,191 - inventory_backend.forecasting - INFO - Linear Regression (fast) forecast completed successfully
2026-08-02 13:19:16,193 - inventory_backend.forecasting - INFO - Linear Regression (fast) forecast completed successfully
2026-08-02 13:19:16,196 - inventory_backend.forecasting - INFO - Linear Regression (fast) forecast completed successfully
2026-08-02 13:19:16,198 - inventory_backend.forecasting - INFO - Linear Regression (fast) forecast completed successfully
2026-08-02 13:19:16,201 - inventory_backend.forecasting - INFO - Linear Regression (fast) forecast completed successfully
2026-08-02 13:19:16,204 - inventory_backend.forecasting - INFO - Linear Regression (fast) forecast completed successfully
2026-08-02 13:19:16,206 - inventory_backend.forecasting - INFO - Linear Regression (fast) forecast completed successfully
2026-08-02 13:19:16,209 - inventory_backend.forecasting - INFO - Linear Regression (fast) forecast completed successfully
2026-08-02 13:19:16,211 - inventory_backend.forecasting - INFO - Linear Regression (fast) forecast completed successfully
2026-08-02 13:19:16,214 - inventory_backend.forecasting - INFO - Linear Regression (fast) forecast completed successfully
2026-08-02 13:19:16,216 - inventory_backend.forecasting - INFO - Linear Regression (fast) forecast completed successfully
2026-08-02 13:19:16,219 - inventory_backend.forecasting - INFO - Linear Regression (fast) forecast completed successfully
2026-08-02 13:19:16,221 - inventory_backend.forecasting - INFO - Linear Regression (fast) forecast completed successfully
2026-08-02 13:19:16,223 - inventory_backend.forecasting - INFO - Linear Regression (fast) forecast completed successfully
2026-08-02 13:19:16,226 - inventory_backend.forecasting - INFO - Linear Regression (fast) forecast completed successfully
2026-08-02 13:19:16,228 - inventory_backend.forecasting - INFO - Linear Regression (fast) forecast completed successfully
2026-08-02 13:19:16,231 - inventory_backend.forecasting - INFO - Linear Regression (fast) forecast completed successfully
2026-08-02 13:19:16,233 - inventory_backend.forecasting - INFO - Linear Regression (fast) forecast completed successfully
2026-08-02 13:19:16,235 - inventory_backend.forecasting - INFO - Linear Regression (fast) forecast completed successfully
2026-08-02 13:19:16,238 - inventory_backend.forecasting - INFO - Linear Regression (fast) forecast completed successfully
2026-08-02 13:19:16,240 - inventory_backend.forecasting - INFO - Linear Regression (fast) forecast completed successfully
2026-08-02 13:19:16,242 - inventory_backend.forecasting - INFO - Linear Regression (fast) forecast completed successfully
2026-08-02 13:19:16,245 - inventory_backend.forecasting - INFO - Linear Regression (fast) forecast completed successfully
2026-08-02 13:19:16,247 - inventory_backend.forecasting - INFO - Linear Regression (fast) forecast completed successfully
2026-08-02 13:19:16,250 - inventory_backend.forecasting - INFO - Linear Regression (fast) forecast completed successfully
2026-08-02 13:19:16,252 - inventory_backend.forecasting - INFO - Linear Regression (fast) forecast completed successfully
2026-08-02 13:19:16,255 - inventory_backend.forecasting - INFO - Linear Regression (fast) forecast completed successfully
2026-08-02 13:19:16,258 - inventory_backend.forecasting - INFO - Linear Regression (fast) forecast completed successfully
2026-08-02 13:19:16,260 - inventory_backend.forecasting - INFO - Linear Regression (fast) forecast completed successfully
2026-08-02 13:19:16,262 - inventory_backend.forecasting - INFO - Linear Regression (fast) forecast completed successfully
2026-08-02 13:19:16,265 - inventory_backend.forecasting - INFO - Linear Regression (fast) forecast completed successfully
2026-08-02 13:19:16,267 - inventory_backend.forecasting - INFO - Linear Regression (fast) forecast completed successfully
2026-08-02 13:19:16,269 - inventory_backend.forecasting - INFO - Linear Regression (fast) forecast completed successfully
2026-08-02 13:19:16,272 - inventory_backend.forecasting - INFO - Linear Regression (fast) forecast completed successfully
2026-08-02 13:19:16,274 - inventory_backend.forecasting - INFO - Linear Regression (fast) forecast completed successfully
2026-08-02 13:19:16,276 - inventory_backend.forecasting - INFO - Linear Regression (fast) forecast completed successfully
2026-08-02 13:19:16,279 - inventory_backend.forecasting - INFO - Linear Regression (fast) forecast completed successfully
2026-08-02 13:19:16,282 - inventory_backend.forecasting - INFO - Linear Regression (fast) forecast completed successfully
2026-08-02 13:19:16,284 - inventory_backend.forecasting - INFO - Linear Regression (fast) forecast completed successfully
2026-08-02 13:19:16,287 - inventory_backend.forecasting - INFO - Linear Regression (fast) forecast completed successfully
2026-08-02 13:19:16,289 - inventory_backend.forecasting - INFO - Linear Regression (fast) forecast completed successfully
2026-08-02 13:19:16,292 - inventory_backend.forecasting - INFO - Linear Regression (fast) forecast completed successfully
2026-08-02 13:19:16,294 - inventory_backend.forecasting - INFO - Linear Regression (fast) forecast completed successfully
2026-08-02 13:19:16,297 - inventory_backend.forecasting - INFO - Linear Regression (fast) forecast completed successfully
2026-08-02 13:19:16,299 - inventory_backend.forecasting - INFO - Linear Regression (fast) forecast completed successfully
2026-08-02 13:19:16,302 - inventory_backend.forecasting - INFO - Linear Regression (fast) forecast completed successfully
2026-08-02 13:19:16,304 - inventory_backend.forecasting - INFO - Linear Regression (fast) forecast completed successfully
2026-08-02 13:19:16,307 - inventory_backend.forecasting - INFO - Linear Regression (fast) forecast completed successfully
2026-08-02 13:19:16,310 - inventory_backend.forecasting - INFO - Linear Regression (fast) forecast completed successfully
2026-08-02 13:19:16,312 - inventory_backend.forecasting - INFO - Linear Regression (fast) forecast completed successfully
2026-08-02 13:19:16,315 - inventory_backend.forecasting - INFO - Linear Regression (fast) forecast completed successfully
2026-08-02 13:19:16,317 - inventory_backend.forecasting - INFO - Linear Regression (fast) forecast completed successfully
2026-08-02 13:19:16,320 - inventory_backend.forecasting - INFO - Linear Regression (fast) forecast completed successfully
2026-08-02 13:19:16,322 - inventory_backend.forecasting - INFO - Linear Regression (fast) forecast completed successfully
2026-08-02 13:19:16,324 - inventory_backend.forecasting - INFO - Linear Regression (fast) forecast completed successfully
2026-08-02 13:19:16,331 - inventory_backend.forecasting - INFO - Linear Regression (fast) forecast completed successfully
2026-08-02 13:19:16,339 - inventory_backend.forecasting - INFO - Linear Regression (fast) forecast completed successfully
2026-08-02 13:19:16,347 - inventory_backend.forecasting - INFO - Linear Regression (fast) forecast completed successfully
2026-08-02 13:19:16,353 - inventory_backend.forecasting - INFO - Linear Regression (fast) forecast completed successfully
2026-08-02 13:19:16,356 - inventory_backend.forecasting - INFO - Linear Regression (fast) forecast completed successfully
2026-08-02 13:19:16,359 - inventory_backend.forecasting - INFO - Linear Regression (fast) forecast completed successfully
2026-08-02 13:19:16,362 - inventory_backend.forecasting - INFO - Linear Regression (fast) forecast completed successfully
2026-08-02 13:19:16,364 - inventory_backend.forecasting - INFO - Linear Regression (fast) forecast completed successfully
2026-08-02 13:19:16,367 - inventory_backend.forecasting - INFO - Linear Regression (fast) forecast completed successfully
2026-08-02 13:19:16,372 - inventory_backend.forecasting - INFO - Linear Regression (fast) forecast completed successfully
2026-08-02 13:19:16,381 - inventory_backend.forecasting - INFO - Linear Regression (fast) forecast completed successfully
2026-08-02 13:19:16,384 - inventory_backend.forecasting - INFO - Linear Regression (fast) forecast completed successfully
2026-08-02 13:19:16,386 - inventory_backend.forecasting - INFO - Linear Regression (fast) forecast completed successfully
2026-08-02 13:19:16,389 - inventory_backend.forecasting - INFO - Linear Regression (fast) forecast completed successfully
2026-08-02 13:19:16,392 - inventory_backend.forecasting - INFO - Linear Regression (fast) forecast completed successfully
2026-08-02 13:19:16,394 - inventory_backend.forecasting - INFO - Linear Regression (fast) forecast completed successfully
2026-08-02 13:19:16,397 - inventory_backend.forecasting - INFO - Linear Regression (fast) forecast completed successfully
2026-08-02 13:19:16,399 - inventory_backend.forecasting - INFO - Linear Regression (fast) forecast completed successfully
2026-08-02 13:19:16,402 - inventory_backend.forecasting - INFO - Linear Regression (fast) forecast completed successfully
2026-08-02 13:19:16,403 - inventory_backend.prediction_engine - INFO - ML Pipeline execution finished. Generated 100 predictions.
2026-08-02 13:31:13,490 - inventory_backend.model_manager - INFO - Loaded pre-trained model and metadata from disk.
2026-08-02 13:31:13,491 - inventory_backend.fastapi_server - INFO - ✅ Pre-trained model loaded successfully (type=SVC, trained=2026-08-02T11:45:05.909048)
2026-08-02 13:31:41,608 - inventory_backend.model_manager - INFO - Loaded pre-trained model and metadata from disk.
2026-08-02 13:31:41,608 - inventory_backend.fastapi_server - INFO - ✅ Pre-trained model loaded successfully (type=SVC, trained=2026-08-02T11:45:05.909048)
2026-08-02 13:34:26,446 - inventory_backend.model_manager - INFO - Loaded pre-trained model and metadata from disk.
2026-08-02 13:34:26,448 - inventory_backend.fastapi_server - INFO - ✅ Pre-trained model loaded successfully (type=SVC, trained=2026-08-02T11:45:05.909048)
2026-08-02 13:48:47,045 - inventory_backend.model_manager - INFO - Loaded pre-trained model and metadata from disk.
2026-08-02 13:48:47,046 - inventory_backend.fastapi_server - INFO - ✅ Pre-trained model loaded successfully (type=SVC, trained=2026-08-02T11:45:05.909048)
2026-08-02 13:50:04,113 - inventory_backend.fastapi_server - INFO - Saved 5000 rows to SQLite table 'dataset' (batch=89699e16)
2026-08-02 13:50:04,545 - inventory_backend.prediction_engine - INFO - Starting ML pipeline for 100 products...
2026-08-02 13:50:05,538 - inventory_backend.model_manager - INFO - Loaded pre-trained model and metadata from disk.
2026-08-02 13:50:05,538 - inventory_backend.model_manager - INFO - Skipping retraining: Data hash is unchanged, loaded cached model.
2026-08-02 13:50:05,538 - inventory_backend.model_manager - INFO - Loaded pre-trained model and metadata from disk.
2026-08-02 13:50:05,548 - inventory_backend.forecasting - INFO - Linear Regression (fast) forecast completed successfully
2026-08-02 13:50:05,552 - inventory_backend.forecasting - INFO - Linear Regression (fast) forecast completed successfully
2026-08-02 13:50:05,554 - inventory_backend.forecasting - INFO - Linear Regression (fast) forecast completed successfully
2026-08-02 13:50:05,557 - inventory_backend.forecasting - INFO - Linear Regression (fast) forecast completed successfully
2026-08-02 13:50:05,559 - inventory_backend.forecasting - INFO - Linear Regression (fast) forecast completed successfully
2026-08-02 13:50:05,562 - inventory_backend.forecasting - INFO - Linear Regression (fast) forecast completed successfully
2026-08-02 13:50:05,565 - inventory_backend.forecasting - INFO - Linear Regression (fast) forecast completed successfully
2026-08-02 13:50:05,567 - inventory_backend.forecasting - INFO - Linear Regression (fast) forecast completed successfully
2026-08-02 13:50:05,570 - inventory_backend.forecasting - INFO - Linear Regression (fast) forecast completed successfully
2026-08-02 13:50:05,572 - inventory_backend.forecasting - INFO - Linear Regression (fast) forecast completed successfully
2026-08-02 13:50:05,574 - inventory_backend.forecasting - INFO - Linear Regression (fast) forecast completed successfully
2026-08-02 13:50:05,577 - inventory_backend.forecasting - INFO - Linear Regression (fast) forecast completed successfully
2026-08-02 13:50:05,580 - inventory_backend.forecasting - INFO - Linear Regression (fast) forecast completed successfully
2026-08-02 13:50:05,583 - inventory_backend.forecasting - INFO - Linear Regression (fast) forecast completed successfully
2026-08-02 13:50:05,585 - inventory_backend.forecasting - INFO - Linear Regression (fast) forecast completed successfully
2026-08-02 13:50:05,588 - inventory_backend.forecasting - INFO - Linear Regression (fast) forecast completed successfully
2026-08-02 13:50:05,591 - inventory_backend.forecasting - INFO - Linear Regression (fast) forecast completed successfully
2026-08-02 13:50:05,594 - inventory_backend.forecasting - INFO - Linear Regression (fast) forecast completed successfully
2026-08-02 13:50:05,598 - inventory_backend.forecasting - INFO - Linear Regression (fast) forecast completed successfully
2026-08-02 13:50:05,601 - inventory_backend.forecasting - INFO - Linear Regression (fast) forecast completed successfully
2026-08-02 13:50:05,604 - inventory_backend.forecasting - INFO - Linear Regression (fast) forecast completed successfully
2026-08-02 13:50:05,606 - inventory_backend.forecasting - INFO - Linear Regression (fast) forecast completed successfully
2026-08-02 13:50:05,609 - inventory_backend.forecasting - INFO - Linear Regression (fast) forecast completed successfully
2026-08-02 13:50:05,612 - inventory_backend.forecasting - INFO - Linear Regression (fast) forecast completed successfully
2026-08-02 13:50:05,614 - inventory_backend.forecasting - INFO - Linear Regression (fast) forecast completed successfully
2026-08-02 13:50:05,617 - inventory_backend.forecasting - INFO - Linear Regression (fast) forecast completed successfully
2026-08-02 13:50:05,619 - inventory_backend.forecasting - INFO - Linear Regression (fast) forecast completed successfully
2026-08-02 13:50:05,622 - inventory_backend.forecasting - INFO - Linear Regression (fast) forecast completed successfully
2026-08-02 13:50:05,624 - inventory_backend.forecasting - INFO - Linear Regression (fast) forecast completed successfully
2026-08-02 13:50:05,627 - inventory_backend.forecasting - INFO - Linear Regression (fast) forecast completed successfully
2026-08-02 13:50:05,630 - inventory_backend.forecasting - INFO - Linear Regression (fast) forecast completed successfully
2026-08-02 13:50:05,632 - inventory_backend.forecasting - INFO - Linear Regression (fast) forecast completed successfully
2026-08-02 13:50:05,635 - inventory_backend.forecasting - INFO - Linear Regression (fast) forecast completed successfully
2026-08-02 13:50:05,637 - inventory_backend.forecasting - INFO - Linear Regression (fast) forecast completed successfully
2026-08-02 13:50:05,640 - inventory_backend.forecasting - INFO - Linear Regression (fast) forecast completed successfully
2026-08-02 13:50:05,643 - inventory_backend.forecasting - INFO - Linear Regression (fast) forecast completed successfully
2026-08-02 13:50:05,645 - inventory_backend.forecasting - INFO - Linear Regression (fast) forecast completed successfully
2026-08-02 13:50:05,648 - inventory_backend.forecasting - INFO - Linear Regression (fast) forecast completed successfully
2026-08-02 13:50:05,650 - inventory_backend.forecasting - INFO - Linear Regression (fast) forecast completed successfully
2026-08-02 13:50:05,653 - inventory_backend.forecasting - INFO - Linear Regression (fast) forecast completed successfully
2026-08-02 13:50:05,656 - inventory_backend.forecasting - INFO - Linear Regression (fast) forecast completed successfully
2026-08-02 13:50:05,658 - inventory_backend.forecasting - INFO - Linear Regression (fast) forecast completed successfully
2026-08-02 13:50:05,661 - inventory_backend.forecasting - INFO - Linear Regression (fast) forecast completed successfully
2026-08-02 13:50:05,663 - inventory_backend.forecasting - INFO - Linear Regression (fast) forecast completed successfully
2026-08-02 13:50:05,666 - inventory_backend.forecasting - INFO - Linear Regression (fast) forecast completed successfully
2026-08-02 13:50:05,668 - inventory_backend.forecasting - INFO - Linear Regression (fast) forecast completed successfully
2026-08-02 13:50:05,671 - inventory_backend.forecasting - INFO - Linear Regression (fast) forecast completed successfully
2026-08-02 13:50:05,674 - inventory_backend.forecasting - INFO - Linear Regression (fast) forecast completed successfully
2026-08-02 13:50:05,676 - inventory_backend.forecasting - INFO - Linear Regression (fast) forecast completed successfully
2026-08-02 13:50:05,679 - inventory_backend.forecasting - INFO - Linear Regression (fast) forecast completed successfully
2026-08-02 13:50:05,681 - inventory_backend.forecasting - INFO - Linear Regression (fast) forecast completed successfully
2026-08-02 13:50:05,684 - inventory_backend.forecasting - INFO - Linear Regression (fast) forecast completed successfully
2026-08-02 13:50:05,686 - inventory_backend.forecasting - INFO - Linear Regression (fast) forecast completed successfully
2026-08-02 13:50:05,689 - inventory_backend.forecasting - INFO - Linear Regression (fast) forecast completed successfully
2026-08-02 13:50:05,691 - inventory_backend.forecasting - INFO - Linear Regression (fast) forecast completed successfully
2026-08-02 13:50:05,693 - inventory_backend.forecasting - INFO - Linear Regression (fast) forecast completed successfully
2026-08-02 13:50:05,696 - inventory_backend.forecasting - INFO - Linear Regression (fast) forecast completed successfully
2026-08-02 13:50:05,698 - inventory_backend.forecasting - INFO - Linear Regression (fast) forecast completed successfully
2026-08-02 13:50:05,701 - inventory_backend.forecasting - INFO - Linear Regression (fast) forecast completed successfully
2026-08-02 13:50:05,703 - inventory_backend.forecasting - INFO - Linear Regression (fast) forecast completed successfully
2026-08-02 13:50:05,706 - inventory_backend.forecasting - INFO - Linear Regression (fast) forecast completed successfully
2026-08-02 13:50:05,709 - inventory_backend.forecasting - INFO - Linear Regression (fast) forecast completed successfully
2026-08-02 13:50:05,711 - inventory_backend.forecasting - INFO - Linear Regression (fast) forecast completed successfully
2026-08-02 13:50:05,714 - inventory_backend.forecasting - INFO - Linear Regression (fast) forecast completed successfully
2026-08-02 13:50:05,716 - inventory_backend.forecasting - INFO - Linear Regression (fast) forecast completed successfully
2026-08-02 13:50:05,719 - inventory_backend.forecasting - INFO - Linear Regression (fast) forecast completed successfully
2026-08-02 13:50:05,722 - inventory_backend.forecasting - INFO - Linear Regression (fast) forecast completed successfully
2026-08-02 13:50:05,724 - inventory_backend.forecasting - INFO - Linear Regression (fast) forecast completed successfully
2026-08-02 13:50:05,727 - inventory_backend.forecasting - INFO - Linear Regression (fast) forecast completed successfully
2026-08-02 13:50:05,729 - inventory_backend.forecasting - INFO - Linear Regression (fast) forecast completed successfully
2026-08-02 13:50:05,731 - inventory_backend.forecasting - INFO - Linear Regression (fast) forecast completed successfully
2026-08-02 13:50:05,734 - inventory_backend.forecasting - INFO - Linear Regression (fast) forecast completed successfully
2026-08-02 13:50:05,736 - inventory_backend.forecasting - INFO - Linear Regression (fast) forecast completed successfully
2026-08-02 13:50:05,739 - inventory_backend.forecasting - INFO - Linear Regression (fast) forecast completed successfully
2026-08-02 13:50:05,741 - inventory_backend.forecasting - INFO - Linear Regression (fast) forecast completed successfully
2026-08-02 13:50:05,744 - inventory_backend.forecasting - INFO - Linear Regression (fast) forecast completed successfully
2026-08-02 13:50:05,746 - inventory_backend.forecasting - INFO - Linear Regression (fast) forecast completed successfully
2026-08-02 13:50:05,748 - inventory_backend.forecasting - INFO - Linear Regression (fast) forecast completed successfully
2026-08-02 13:50:05,751 - inventory_backend.forecasting - INFO - Linear Regression (fast) forecast completed successfully
2026-08-02 13:50:05,753 - inventory_backend.forecasting - INFO - Linear Regression (fast) forecast completed successfully
2026-08-02 13:50:05,756 - inventory_backend.forecasting - INFO - Linear Regression (fast) forecast completed successfully
2026-08-02 13:50:05,758 - inventory_backend.forecasting - INFO - Linear Regression (fast) forecast completed successfully
2026-08-02 13:50:05,760 - inventory_backend.forecasting - INFO - Linear Regression (fast) forecast completed successfully
2026-08-02 13:50:05,763 - inventory_backend.forecasting - INFO - Linear Regression (fast) forecast completed successfully
2026-08-02 13:50:05,765 - inventory_backend.forecasting - INFO - Linear Regression (fast) forecast completed successfully
2026-08-02 13:50:05,767 - inventory_backend.forecasting - INFO - Linear Regression (fast) forecast completed successfully
2026-08-02 13:50:05,770 - inventory_backend.forecasting - INFO - Linear Regression (fast) forecast completed successfully
2026-08-02 13:50:05,772 - inventory_backend.forecasting - INFO - Linear Regression (fast) forecast completed successfully
2026-08-02 13:50:05,774 - inventory_backend.forecasting - INFO - Linear Regression (fast) forecast completed successfully
2026-08-02 13:50:05,777 - inventory_backend.forecasting - INFO - Linear Regression (fast) forecast completed successfully
2026-08-02 13:50:05,779 - inventory_backend.forecasting - INFO - Linear Regression (fast) forecast completed successfully
2026-08-02 13:50:05,782 - inventory_backend.forecasting - INFO - Linear Regression (fast) forecast completed successfully
2026-08-02 13:50:05,785 - inventory_backend.forecasting - INFO - Linear Regression (fast) forecast completed successfully
2026-08-02 13:50:05,788 - inventory_backend.forecasting - INFO - Linear Regression (fast) forecast completed successfully
2026-08-02 13:50:05,790 - inventory_backend.forecasting - INFO - Linear Regression (fast) forecast completed successfully
2026-08-02 13:50:05,793 - inventory_backend.forecasting - INFO - Linear Regression (fast) forecast completed successfully
2026-08-02 13:50:05,795 - inventory_backend.forecasting - INFO - Linear Regression (fast) forecast completed successfully
2026-08-02 13:50:05,798 - inventory_backend.forecasting - INFO - Linear Regression (fast) forecast completed successfully
2026-08-02 13:50:05,801 - inventory_backend.forecasting - INFO - Linear Regression (fast) forecast completed successfully
2026-08-02 13:50:05,803 - inventory_backend.forecasting - INFO - Linear Regression (fast) forecast completed successfully
2026-08-02 13:50:05,804 - inventory_backend.prediction_engine - INFO - ML Pipeline execution finished. Generated 100 predictions.
2026-08-02 14:00:45,368 - inventory_backend.model_manager - INFO - Loaded pre-trained model and metadata from disk.
2026-08-02 14:00:45,368 - inventory_backend.fastapi_server - INFO - ✅ Pre-trained model loaded successfully (type=SVC, trained=2026-08-02T11:45:05.909048)
2026-08-03 19:02:15,747 - inventory_backend.model_manager - INFO - Loaded pre-trained model and metadata from disk.
2026-08-03 19:02:15,747 - inventory_backend.fastapi_server - INFO - ✅ Pre-trained model loaded successfully (type=SVC, trained=2026-08-02T11:45:05.909048)
2026-08-03 19:06:24,978 - inventory_backend.model_manager - INFO - Loaded pre-trained model and metadata from disk.
2026-08-03 19:06:24,978 - inventory_backend.fastapi_server - INFO - ✅ Pre-trained model loaded successfully (type=SVC, trained=2026-08-02T11:45:05.909048)
2026-08-03 19:08:39,418 - inventory_backend.model_manager - INFO - Loaded pre-trained model and metadata from disk.
2026-08-03 19:08:39,419 - inventory_backend.fastapi_server - INFO - ✅ Pre-trained model loaded successfully (type=SVC, trained=2026-08-02T11:45:05.909048)
2026-08-03 19:09:48,893 - inventory_backend.model_manager - INFO - Loaded pre-trained model and metadata from disk.
2026-08-03 19:09:48,893 - inventory_backend.fastapi_server - INFO - ✅ Pre-trained model loaded successfully (type=SVC, trained=2026-08-02T11:45:05.909048)
2026-08-03 19:10:07,151 - inventory_backend.model_manager - INFO - Loaded pre-trained model and metadata from disk.
2026-08-03 19:10:07,151 - inventory_backend.fastapi_server - INFO - ✅ Pre-trained model loaded successfully (type=SVC, trained=2026-08-02T11:45:05.909048)
2026-08-03 19:10:27,216 - inventory_backend.model_manager - INFO - Loaded pre-trained model and metadata from disk.
2026-08-03 19:10:27,216 - inventory_backend.fastapi_server - INFO - ✅ Pre-trained model loaded successfully (type=SVC, trained=2026-08-02T11:45:05.909048)
2026-08-03 19:14:26,706 - inventory_backend.model_manager - INFO - Loaded pre-trained model and metadata from disk.
2026-08-03 19:14:26,706 - inventory_backend.fastapi_server - INFO - ✅ Pre-trained model loaded successfully (type=SVC, trained=2026-08-02T11:45:05.909048)
2026-08-03 19:19:34,872 - inventory_backend.model_manager - INFO - Loaded pre-trained model and metadata from disk.
2026-08-03 19:19:34,872 - inventory_backend.model_manager - INFO - Loaded pre-trained model and metadata from disk.
2026-08-03 19:19:34,874 - inventory_backend.fastapi_server - INFO - ✅ Pre-trained model loaded successfully (type=SVC, trained=2026-08-02T11:45:05.909048)
2026-08-03 19:19:34,874 - inventory_backend.fastapi_server - INFO - ✅ Pre-trained model loaded successfully (type=SVC, trained=2026-08-02T11:45:05.909048)
2026-08-03 20:01:36,706 - inventory_backend.model_manager - INFO - Loaded pre-trained model and metadata from disk.
2026-08-03 20:01:36,706 - inventory_backend.model_manager - INFO - Loaded pre-trained model and metadata from disk.
2026-08-03 20:01:36,706 - inventory_backend.fastapi_server - INFO - ✅ Pre-trained model loaded successfully (type=SVC, trained=2026-08-02T11:45:05.909048)
2026-08-03 20:01:36,706 - inventory_backend.fastapi_server - INFO - ✅ Pre-trained model loaded successfully (type=SVC, trained=2026-08-02T11:45:05.909048)
2026-08-03 20:08:13,712 - inventory_backend.model_manager - INFO - Loaded pre-trained model and metadata from disk.
2026-08-03 20:08:13,712 - inventory_backend.model_manager - INFO - Loaded pre-trained model and metadata from disk.
2026-08-03 20:08:13,713 - inventory_backend.fastapi_server - INFO - ✅ Pre-trained model loaded successfully (type=SVC, trained=2026-08-02T11:45:05.909048)
2026-08-03 20:08:13,713 - inventory_backend.fastapi_server - INFO - ✅ Pre-trained model loaded successfully (type=SVC, trained=2026-08-02T11:45:05.909048)
2026-08-03 20:13:04,228 - inventory_backend.model_manager - INFO - Loaded pre-trained model and metadata from disk.
2026-08-03 20:13:04,228 - inventory_backend.model_manager - INFO - Loaded pre-trained model and metadata from disk.
2026-08-03 20:13:04,229 - inventory_backend.fastapi_server - INFO - ✅ Pre-trained model loaded successfully (type=SVC, trained=2026-08-02T11:45:05.909048)
2026-08-03 20:13:04,229 - inventory_backend.fastapi_server - INFO - ✅ Pre-trained model loaded successfully (type=SVC, trained=2026-08-02T11:45:05.909048)
2026-08-03 20:17:10,575 - inventory_backend.model_manager - INFO - Loaded pre-trained model and metadata from disk.
2026-08-03 20:17:10,575 - inventory_backend.model_manager - INFO - Loaded pre-trained model and metadata from disk.
2026-08-03 20:17:10,575 - inventory_backend.fastapi_server - INFO - ✅ Pre-trained model loaded successfully (type=SVC, trained=2026-08-02T11:45:05.909048)
2026-08-03 20:17:10,575 - inventory_backend.fastapi_server - INFO - ✅ Pre-trained model loaded successfully (type=SVC, trained=2026-08-02T11:45:05.909048)
2026-08-03 20:18:08,669 - inventory_backend.model_manager - INFO - Loaded pre-trained model and metadata from disk.
2026-08-03 20:18:08,669 - inventory_backend.model_manager - INFO - Loaded pre-trained model and metadata from disk.
2026-08-03 20:18:08,670 - inventory_backend.fastapi_server - INFO - ✅ Pre-trained model loaded successfully (type=SVC, trained=2026-08-02T11:45:05.909048)
2026-08-03 20:18:08,670 - inventory_backend.fastapi_server - INFO - ✅ Pre-trained model loaded successfully (type=SVC, trained=2026-08-02T11:45:05.909048)
2026-08-03 20:18:55,117 - inventory_backend.model_manager - INFO - Loaded pre-trained model and metadata from disk.
2026-08-03 20:18:55,117 - inventory_backend.model_manager - INFO - Loaded pre-trained model and metadata from disk.
2026-08-03 20:18:55,117 - inventory_backend.fastapi_server - INFO - ✅ Pre-trained model loaded successfully (type=SVC, trained=2026-08-02T11:45:05.909048)
2026-08-03 20:18:55,117 - inventory_backend.fastapi_server - INFO - ✅ Pre-trained model loaded successfully (type=SVC, trained=2026-08-02T11:45:05.909048)
2026-08-03 20:23:13,757 - inventory_backend.model_manager - INFO - Loaded pre-trained model and metadata from disk.
2026-08-03 20:23:13,757 - inventory_backend.model_manager - INFO - Loaded pre-trained model and metadata from disk.
2026-08-03 20:23:13,757 - inventory_backend.fastapi_server - INFO - ✅ Pre-trained model loaded successfully (type=SVC, trained=2026-08-02T11:45:05.909048)
2026-08-03 20:23:13,757 - inventory_backend.fastapi_server - INFO - ✅ Pre-trained model loaded successfully (type=SVC, trained=2026-08-02T11:45:05.909048)
2026-08-03 20:25:48,754 - inventory_backend.model_manager - INFO - Loaded pre-trained model and metadata from disk.
2026-08-03 20:25:48,754 - inventory_backend.model_manager - INFO - Loaded pre-trained model and metadata from disk.
2026-08-03 20:25:48,754 - inventory_backend.fastapi_server - INFO - ✅ Pre-trained model loaded successfully (type=SVC, trained=2026-08-02T11:45:05.909048)
2026-08-03 20:25:48,754 - inventory_backend.fastapi_server - INFO - ✅ Pre-trained model loaded successfully (type=SVC, trained=2026-08-02T11:45:05.909048)
2026-08-03 20:42:53,801 - inventory_backend.model_manager - INFO - Loaded pre-trained model and metadata from disk.
2026-08-03 20:42:53,801 - inventory_backend.model_manager - INFO - Loaded pre-trained model and metadata from disk.
2026-08-03 20:42:53,802 - inventory_backend.fastapi_server - INFO - ✅ Pre-trained model loaded successfully (type=SVC, trained=2026-08-02T11:45:05.909048)
2026-08-03 20:42:53,802 - inventory_backend.fastapi_server - INFO - ✅ Pre-trained model loaded successfully (type=SVC, trained=2026-08-02T11:45:05.909048)
2026-08-03 21:12:29,648 - inventory_backend.model_manager - INFO - Loaded pre-trained model and metadata from disk.
2026-08-03 21:12:29,648 - inventory_backend.model_manager - INFO - Loaded pre-trained model and metadata from disk.
2026-08-03 21:12:29,649 - inventory_backend.fastapi_server - INFO - ✅ Pre-trained model loaded successfully (type=SVC, trained=2026-08-02T11:45:05.909048)
2026-08-03 21:12:29,649 - inventory_backend.fastapi_server - INFO - ✅ Pre-trained model loaded successfully (type=SVC, trained=2026-08-02T11:45:05.909048)
2026-08-03 21:17:23,711 - inventory_backend.model_manager - INFO - Loaded pre-trained model and metadata from disk.
2026-08-03 21:17:23,711 - inventory_backend.model_manager - INFO - Loaded pre-trained model and metadata from disk.
2026-08-03 21:17:23,712 - inventory_backend.fastapi_server - INFO - ✅ Pre-trained model loaded successfully (type=SVC, trained=2026-08-02T11:45:05.909048)
2026-08-03 21:17:23,712 - inventory_backend.fastapi_server - INFO - ✅ Pre-trained model loaded successfully (type=SVC, trained=2026-08-02T11:45:05.909048)
2026-09-01 18:20:53,182 - inventory_backend.model_manager - INFO - Loaded pre-trained model and metadata from disk.
2026-09-01 18:20:53,182 - inventory_backend.fastapi_server - INFO - ✅ Pre-trained model loaded successfully (type=SVC, trained=2026-08-02T11:45:05.909048)
2026-09-01 18:22:21,477 - inventory_backend.fastapi_server - INFO - Saved 26836 rows to SQLite table 'dataset' (batch=0bec68a7)
2026-09-01 18:22:23,293 - inventory_backend.prediction_engine - INFO - Starting ML pipeline for 512 products...
2026-09-01 18:22:28,291 - inventory_backend.model_manager - INFO - Loaded pre-trained model and metadata from disk.
2026-09-01 18:22:28,291 - inventory_backend.model_manager - INFO - Retraining required: Data hash changed (saved=4c1c96c52cef07e38dce7844d0227eb9e86ebb05733c47fb219d29c9fa6f280f, new=c1e3271e1a37b2dab82628ad78ddd4deb7f9dd78085adf2f355509ed949046f4).
2026-09-01 18:22:32,239 - inventory_backend.classifier - INFO - LSVM Classifier trained successfully. Train Accuracy: 97.87%
2026-09-01 18:22:32,241 - inventory_backend.model_manager - INFO - Classifier and Scaler successfully saved to /Users/ghoriommukeshbai/Desktop/research paper/model/Inventra/backend/saved_models
2026-09-01 18:22:32,250 - inventory_backend.forecasting - INFO - Linear Regression (fast) forecast completed successfully
2026-09-01 18:22:32,254 - inventory_backend.forecasting - INFO - Linear Regression (fast) forecast completed successfully
2026-09-01 18:22:32,257 - inventory_backend.forecasting - INFO - Linear Regression (fast) forecast completed successfully
2026-09-01 18:22:32,260 - inventory_backend.forecasting - INFO - Linear Regression (fast) forecast completed successfully
2026-09-01 18:22:32,263 - inventory_backend.forecasting - INFO - Linear Regression (fast) forecast completed successfully
2026-09-01 18:22:32,266 - inventory_backend.forecasting - INFO - Linear Regression (fast) forecast completed successfully
2026-09-01 18:22:32,269 - inventory_backend.forecasting - INFO - Linear Regression (fast) forecast completed successfully
2026-09-01 18:22:32,272 - inventory_backend.forecasting - INFO - Linear Regression (fast) forecast completed successfully
2026-09-01 18:22:32,275 - inventory_backend.forecasting - INFO - Linear Regression (fast) forecast completed successfully
2026-09-01 18:22:32,278 - inventory_backend.forecasting - INFO - Linear Regression (fast) forecast completed successfully
2026-09-01 18:22:32,281 - inventory_backend.forecasting - INFO - Linear Regression (fast) forecast completed successfully
2026-09-01 18:22:32,284 - inventory_backend.forecasting - INFO - Linear Regression (fast) forecast completed successfully
2026-09-01 18:22:32,287 - inventory_backend.forecasting - INFO - Linear Regression (fast) forecast completed successfully
2026-09-01 18:22:32,290 - inventory_backend.forecasting - INFO - Linear Regression (fast) forecast completed successfully
2026-09-01 18:22:32,293 - inventory_backend.forecasting - INFO - Linear Regression (fast) forecast completed successfully
2026-09-01 18:22:32,296 - inventory_backend.forecasting - INFO - Linear Regression (fast) forecast completed successfully
2026-09-01 18:22:32,299 - inventory_backend.forecasting - INFO - Linear Regression (fast) forecast completed successfully
2026-09-01 18:22:32,302 - inventory_backend.forecasting - INFO - Linear Regression (fast) forecast completed successfully
2026-09-01 18:22:32,305 - inventory_backend.forecasting - INFO - Linear Regression (fast) forecast completed successfully
2026-09-01 18:22:32,309 - inventory_backend.forecasting - INFO - Linear Regression (fast) forecast completed successfully
2026-09-01 18:22:32,312 - inventory_backend.forecasting - INFO - Linear Regression (fast) forecast completed successfully
2026-09-01 18:22:32,315 - inventory_backend.forecasting - INFO - Linear Regression (fast) forecast completed successfully
2026-09-01 18:22:32,318 - inventory_backend.forecasting - INFO - Linear Regression (fast) forecast completed successfully
2026-09-01 18:22:32,321 - inventory_backend.forecasting - INFO - Linear Regression (fast) forecast completed successfully
2026-09-01 18:22:32,324 - inventory_backend.forecasting - INFO - Linear Regression (fast) forecast completed successfully
2026-09-01 18:22:32,327 - inventory_backend.forecasting - INFO - Linear Regression (fast) forecast completed successfully
2026-09-01 18:22:32,330 - inventory_backend.forecasting - INFO - Linear Regression (fast) forecast completed successfully
2026-09-01 18:22:32,333 - inventory_backend.forecasting - INFO - Linear Regression (fast) forecast completed successfully
2026-09-01 18:22:32,336 - inventory_backend.forecasting - INFO - Linear Regression (fast) forecast completed successfully
2026-09-01 18:22:32,339 - inventory_backend.forecasting - INFO - Linear Regression (fast) forecast completed successfully
2026-09-01 18:22:32,343 - inventory_backend.forecasting - INFO - Linear Regression (fast) forecast completed successfully
2026-09-01 18:22:32,346 - inventory_backend.forecasting - INFO - Linear Regression (fast) forecast completed successfully
2026-09-01 18:22:32,349 - inventory_backend.forecasting - INFO - Linear Regression (fast) forecast completed successfully
2026-09-01 18:22:32,352 - inventory_backend.forecasting - INFO - Linear Regression (fast) forecast completed successfully
2026-09-01 18:22:32,355 - inventory_backend.forecasting - INFO - Linear Regression (fast) forecast completed successfully
2026-09-01 18:22:32,358 - inventory_backend.forecasting - INFO - Linear Regression (fast) forecast completed successfully
2026-09-01 18:22:32,361 - inventory_backend.forecasting - INFO - Linear Regression (fast) forecast completed successfully
2026-09-01 18:22:32,364 - inventory_backend.forecasting - INFO - Linear Regression (fast) forecast completed successfully
2026-09-01 18:22:32,367 - inventory_backend.forecasting - INFO - Linear Regression (fast) forecast completed successfully
2026-09-01 18:22:32,370 - inventory_backend.forecasting - INFO - Linear Regression (fast) forecast completed successfully
2026-09-01 18:22:32,373 - inventory_backend.forecasting - INFO - Linear Regression (fast) forecast completed successfully
2026-09-01 18:22:32,376 - inventory_backend.forecasting - INFO - Linear Regression (fast) forecast completed successfully
2026-09-01 18:22:32,379 - inventory_backend.forecasting - INFO - Linear Regression (fast) forecast completed successfully
2026-09-01 18:22:32,382 - inventory_backend.forecasting - INFO - Linear Regression (fast) forecast completed successfully
2026-09-01 18:22:32,385 - inventory_backend.forecasting - INFO - Linear Regression (fast) forecast completed successfully
2026-09-01 18:22:32,388 - inventory_backend.forecasting - INFO - Linear Regression (fast) forecast completed successfully
2026-09-01 18:22:32,391 - inventory_backend.forecasting - INFO - Linear Regression (fast) forecast completed successfully
2026-09-01 18:22:32,394 - inventory_backend.forecasting - INFO - Linear Regression (fast) forecast completed successfully
2026-09-01 18:22:32,397 - inventory_backend.forecasting - INFO - Linear Regression (fast) forecast completed successfully
2026-09-01 18:22:32,401 - inventory_backend.forecasting - INFO - Linear Regression (fast) forecast completed successfully
2026-09-01 18:22:32,404 - inventory_backend.forecasting - INFO - Linear Regression (fast) forecast completed successfully
2026-09-01 18:22:32,406 - inventory_backend.forecasting - INFO - Linear Regression (fast) forecast completed successfully
2026-09-01 18:22:32,410 - inventory_backend.forecasting - INFO - Linear Regression (fast) forecast completed successfully
2026-09-01 18:22:32,413 - inventory_backend.forecasting - INFO - Linear Regression (fast) forecast completed successfully
2026-09-01 18:22:32,416 - inventory_backend.forecasting - INFO - Linear Regression (fast) forecast completed successfully
2026-09-01 18:22:32,419 - inventory_backend.forecasting - INFO - Linear Regression (fast) forecast completed successfully
2026-09-01 18:22:32,422 - inventory_backend.forecasting - INFO - Linear Regression (fast) forecast completed successfully
2026-09-01 18:22:32,425 - inventory_backend.forecasting - INFO - Linear Regression (fast) forecast completed successfully
2026-09-01 18:22:32,428 - inventory_backend.forecasting - INFO - Linear Regression (fast) forecast completed successfully
2026-09-01 18:22:32,432 - inventory_backend.forecasting - INFO - Linear Regression (fast) forecast completed successfully
2026-09-01 18:22:32,435 - inventory_backend.forecasting - INFO - Linear Regression (fast) forecast completed successfully
2026-09-01 18:22:32,438 - inventory_backend.forecasting - INFO - Linear Regression (fast) forecast completed successfully
2026-09-01 18:22:32,441 - inventory_backend.forecasting - INFO - Linear Regression (fast) forecast completed successfully
2026-09-01 18:22:32,444 - inventory_backend.forecasting - INFO - Linear Regression (fast) forecast completed successfully
2026-09-01 18:22:32,448 - inventory_backend.forecasting - INFO - Linear Regression (fast) forecast completed successfully
2026-09-01 18:22:32,451 - inventory_backend.forecasting - INFO - Linear Regression (fast) forecast completed successfully
2026-09-01 18:22:32,454 - inventory_backend.forecasting - INFO - Linear Regression (fast) forecast completed successfully
2026-09-01 18:22:32,457 - inventory_backend.forecasting - INFO - Linear Regression (fast) forecast completed successfully
2026-09-01 18:22:32,461 - inventory_backend.forecasting - INFO - Linear Regression (fast) forecast completed successfully
2026-09-01 18:22:32,464 - inventory_backend.forecasting - INFO - Linear Regression (fast) forecast completed successfully
2026-09-01 18:22:32,467 - inventory_backend.forecasting - INFO - Linear Regression (fast) forecast completed successfully
2026-09-01 18:22:32,470 - inventory_backend.forecasting - INFO - Linear Regression (fast) forecast completed successfully
2026-09-01 18:22:32,473 - inventory_backend.forecasting - INFO - Linear Regression (fast) forecast completed successfully
2026-09-01 18:22:32,476 - inventory_backend.forecasting - INFO - Linear Regression (fast) forecast completed successfully
2026-09-01 18:22:32,479 - inventory_backend.forecasting - INFO - Linear Regression (fast) forecast completed successfully
2026-09-01 18:22:32,482 - inventory_backend.forecasting - INFO - Linear Regression (fast) forecast completed successfully
2026-09-01 18:22:32,485 - inventory_backend.forecasting - INFO - Linear Regression (fast) forecast completed successfully
2026-09-01 18:22:32,488 - inventory_backend.forecasting - INFO - Linear Regression (fast) forecast completed successfully
2026-09-01 18:22:32,491 - inventory_backend.forecasting - INFO - Linear Regression (fast) forecast completed successfully
2026-09-01 18:22:32,495 - inventory_backend.forecasting - INFO - Linear Regression (fast) forecast completed successfully
2026-09-01 18:22:32,498 - inventory_backend.forecasting - INFO - Linear Regression (fast) forecast completed successfully
2026-09-01 18:22:32,501 - inventory_backend.forecasting - INFO - Linear Regression (fast) forecast completed successfully
2026-09-01 18:22:32,504 - inventory_backend.forecasting - INFO - Linear Regression (fast) forecast completed successfully
2026-09-01 18:22:32,507 - inventory_backend.forecasting - INFO - Linear Regression (fast) forecast completed successfully
2026-09-01 18:22:32,510 - inventory_backend.forecasting - INFO - Linear Regression (fast) forecast completed successfully
2026-09-01 18:22:32,513 - inventory_backend.forecasting - INFO - Linear Regression (fast) forecast completed successfully
2026-09-01 18:22:32,516 - inventory_backend.forecasting - INFO - Linear Regression (fast) forecast completed successfully
2026-09-01 18:22:32,519 - inventory_backend.forecasting - INFO - Linear Regression (fast) forecast completed successfully
2026-09-01 18:22:32,522 - inventory_backend.forecasting - INFO - Linear Regression (fast) forecast completed successfully
2026-09-01 18:22:32,525 - inventory_backend.forecasting - INFO - Linear Regression (fast) forecast completed successfully
2026-09-01 18:22:32,528 - inventory_backend.forecasting - INFO - Linear Regression (fast) forecast completed successfully
2026-09-01 18:22:32,531 - inventory_backend.forecasting - INFO - Linear Regression (fast) forecast completed successfully
2026-09-01 18:22:32,534 - inventory_backend.forecasting - INFO - Linear Regression (fast) forecast completed successfully
2026-09-01 18:22:32,537 - inventory_backend.forecasting - INFO - Linear Regression (fast) forecast completed successfully
2026-09-01 18:22:32,540 - inventory_backend.forecasting - INFO - Linear Regression (fast) forecast completed successfully
2026-09-01 18:22:32,543 - inventory_backend.forecasting - INFO - Linear Regression (fast) forecast completed successfully
2026-09-01 18:22:32,546 - inventory_backend.forecasting - INFO - Linear Regression (fast) forecast completed successfully
2026-09-01 18:22:32,549 - inventory_backend.forecasting - INFO - Linear Regression (fast) forecast completed successfully
2026-09-01 18:22:32,552 - inventory_backend.forecasting - INFO - Linear Regression (fast) forecast completed successfully
2026-09-01 18:22:32,554 - inventory_backend.forecasting - INFO - Linear Regression (fast) forecast completed successfully
2026-09-01 18:22:32,557 - inventory_backend.forecasting - INFO - Linear Regression (fast) forecast completed successfully
2026-09-01 18:22:32,561 - inventory_backend.forecasting - INFO - Linear Regression (fast) forecast completed successfully
2026-09-01 18:22:32,564 - inventory_backend.forecasting - INFO - Linear Regression (fast) forecast completed successfully
2026-09-01 18:22:32,567 - inventory_backend.forecasting - INFO - Linear Regression (fast) forecast completed successfully
2026-09-01 18:22:32,570 - inventory_backend.forecasting - INFO - Linear Regression (fast) forecast completed successfully
2026-09-01 18:22:32,573 - inventory_backend.forecasting - INFO - Linear Regression (fast) forecast completed successfully
2026-09-01 18:22:32,576 - inventory_backend.forecasting - INFO - Linear Regression (fast) forecast completed successfully
2026-09-01 18:22:32,585 - inventory_backend.forecasting - INFO - Linear Regression (fast) forecast completed successfully
2026-09-01 18:22:32,593 - inventory_backend.forecasting - INFO - Linear Regression (fast) forecast completed successfully
2026-09-01 18:22:32,605 - inventory_backend.forecasting - INFO - Linear Regression (fast) forecast completed successfully
2026-09-01 18:22:32,611 - inventory_backend.forecasting - INFO - Linear Regression (fast) forecast completed successfully
2026-09-01 18:22:32,615 - inventory_backend.forecasting - INFO - Linear Regression (fast) forecast completed successfully
2026-09-01 18:22:32,619 - inventory_backend.forecasting - INFO - Linear Regression (fast) forecast completed successfully
2026-09-01 18:22:32,622 - inventory_backend.forecasting - INFO - Linear Regression (fast) forecast completed successfully
2026-09-01 18:22:32,625 - inventory_backend.forecasting - INFO - Linear Regression (fast) forecast completed successfully
2026-09-01 18:22:32,628 - inventory_backend.forecasting - INFO - Linear Regression (fast) forecast completed successfully
2026-09-01 18:22:32,631 - inventory_backend.forecasting - INFO - Linear Regression (fast) forecast completed successfully
2026-09-01 18:22:32,634 - inventory_backend.forecasting - INFO - Linear Regression (fast) forecast completed successfully
2026-09-01 18:22:32,637 - inventory_backend.forecasting - INFO - Linear Regression (fast) forecast completed successfully
2026-09-01 18:22:32,640 - inventory_backend.forecasting - INFO - Linear Regression (fast) forecast completed successfully
2026-09-01 18:22:32,643 - inventory_backend.forecasting - INFO - Linear Regression (fast) forecast completed successfully
2026-09-01 18:22:32,646 - inventory_backend.forecasting - INFO - Linear Regression (fast) forecast completed successfully
2026-09-01 18:22:32,650 - inventory_backend.forecasting - INFO - Linear Regression (fast) forecast completed successfully
2026-09-01 18:22:32,653 - inventory_backend.forecasting - INFO - Linear Regression (fast) forecast completed successfully
2026-09-01 18:22:32,656 - inventory_backend.forecasting - INFO - Linear Regression (fast) forecast completed successfully
2026-09-01 18:22:32,659 - inventory_backend.forecasting - INFO - Linear Regression (fast) forecast completed successfully
2026-09-01 18:22:32,662 - inventory_backend.forecasting - INFO - Linear Regression (fast) forecast completed successfully
2026-09-01 18:22:32,665 - inventory_backend.forecasting - INFO - Linear Regression (fast) forecast completed successfully
2026-09-01 18:22:32,668 - inventory_backend.forecasting - INFO - Linear Regression (fast) forecast completed successfully
2026-09-01 18:22:32,671 - inventory_backend.forecasting - INFO - Linear Regression (fast) forecast completed successfully
2026-09-01 18:22:32,674 - inventory_backend.forecasting - INFO - Linear Regression (fast) forecast completed successfully
2026-09-01 18:22:32,677 - inventory_backend.forecasting - INFO - Linear Regression (fast) forecast completed successfully
2026-09-01 18:22:32,680 - inventory_backend.forecasting - INFO - Linear Regression (fast) forecast completed successfully
2026-09-01 18:22:32,684 - inventory_backend.forecasting - INFO - Linear Regression (fast) forecast completed successfully
2026-09-01 18:22:32,687 - inventory_backend.forecasting - INFO - Linear Regression (fast) forecast completed successfully
2026-09-01 18:22:32,691 - inventory_backend.forecasting - INFO - Linear Regression (fast) forecast completed successfully
2026-09-01 18:22:32,695 - inventory_backend.forecasting - INFO - Linear Regression (fast) forecast completed successfully
2026-09-01 18:22:32,698 - inventory_backend.forecasting - INFO - Linear Regression (fast) forecast completed successfully
2026-09-01 18:22:32,702 - inventory_backend.forecasting - INFO - Linear Regression (fast) forecast completed successfully
2026-09-01 18:22:32,705 - inventory_backend.forecasting - INFO - Linear Regression (fast) forecast completed successfully
2026-09-01 18:22:32,709 - inventory_backend.forecasting - INFO - Linear Regression (fast) forecast completed successfully
2026-09-01 18:22:32,712 - inventory_backend.forecasting - INFO - Linear Regression (fast) forecast completed successfully
2026-09-01 18:22:32,716 - inventory_backend.forecasting - INFO - Linear Regression (fast) forecast completed successfully
2026-09-01 18:22:32,719 - inventory_backend.forecasting - INFO - Linear Regression (fast) forecast completed successfully
2026-09-01 18:22:32,722 - inventory_backend.forecasting - INFO - Linear Regression (fast) forecast completed successfully
2026-09-01 18:22:32,725 - inventory_backend.forecasting - INFO - Linear Regression (fast) forecast completed successfully
2026-09-01 18:22:32,728 - inventory_backend.forecasting - INFO - Linear Regression (fast) forecast completed successfully
2026-09-01 18:22:32,731 - inventory_backend.forecasting - INFO - Linear Regression (fast) forecast completed successfully
2026-09-01 18:22:32,734 - inventory_backend.forecasting - INFO - Linear Regression (fast) forecast completed successfully
2026-09-01 18:22:32,737 - inventory_backend.forecasting - INFO - Linear Regression (fast) forecast completed successfully
2026-09-01 18:22:32,740 - inventory_backend.forecasting - INFO - Linear Regression (fast) forecast completed successfully
2026-09-01 18:22:32,743 - inventory_backend.forecasting - INFO - Linear Regression (fast) forecast completed successfully
2026-09-01 18:22:32,746 - inventory_backend.forecasting - INFO - Linear Regression (fast) forecast completed successfully
2026-09-01 18:22:32,749 - inventory_backend.forecasting - INFO - Linear Regression (fast) forecast completed successfully
2026-09-01 18:22:32,752 - inventory_backend.forecasting - INFO - Linear Regression (fast) forecast completed successfully
2026-09-01 18:22:32,755 - inventory_backend.forecasting - INFO - Linear Regression (fast) forecast completed successfully
2026-09-01 18:22:32,758 - inventory_backend.forecasting - INFO - Linear Regression (fast) forecast completed successfully
2026-09-01 18:22:32,761 - inventory_backend.forecasting - INFO - Linear Regression (fast) forecast completed successfully
2026-09-01 18:22:32,765 - inventory_backend.forecasting - INFO - Linear Regression (fast) forecast completed successfully
2026-09-01 18:22:32,768 - inventory_backend.forecasting - INFO - Linear Regression (fast) forecast completed successfully
2026-09-01 18:22:32,771 - inventory_backend.forecasting - INFO - Linear Regression (fast) forecast completed successfully
2026-09-01 18:22:32,774 - inventory_backend.forecasting - INFO - Linear Regression (fast) forecast completed successfully
2026-09-01 18:22:32,777 - inventory_backend.forecasting - INFO - Linear Regression (fast) forecast completed successfully
2026-09-01 18:22:32,780 - inventory_backend.forecasting - INFO - Linear Regression (fast) forecast completed successfully
2026-09-01 18:22:32,783 - inventory_backend.forecasting - INFO - Linear Regression (fast) forecast completed successfully
2026-09-01 18:22:32,786 - inventory_backend.forecasting - INFO - Linear Regression (fast) forecast completed successfully
2026-09-01 18:22:32,789 - inventory_backend.forecasting - INFO - Linear Regression (fast) forecast completed successfully
2026-09-01 18:22:32,792 - inventory_backend.forecasting - INFO - Linear Regression (fast) forecast completed successfully
2026-09-01 18:22:32,795 - inventory_backend.forecasting - INFO - Linear Regression (fast) forecast completed successfully
2026-09-01 18:22:32,798 - inventory_backend.forecasting - INFO - Linear Regression (fast) forecast completed successfully
2026-09-01 18:22:32,801 - inventory_backend.forecasting - INFO - Linear Regression (fast) forecast completed successfully
2026-09-01 18:22:32,805 - inventory_backend.forecasting - INFO - Linear Regression (fast) forecast completed successfully
2026-09-01 18:22:32,808 - inventory_backend.forecasting - INFO - Linear Regression (fast) forecast completed successfully
2026-09-01 18:22:32,811 - inventory_backend.forecasting - INFO - Linear Regression (fast) forecast completed successfully
2026-09-01 18:22:32,814 - inventory_backend.forecasting - INFO - Linear Regression (fast) forecast completed successfully
2026-09-01 18:22:32,817 - inventory_backend.forecasting - INFO - Linear Regression (fast) forecast completed successfully
2026-09-01 18:22:32,820 - inventory_backend.forecasting - INFO - Linear Regression (fast) forecast completed successfully
2026-09-01 18:22:32,823 - inventory_backend.forecasting - INFO - Linear Regression (fast) forecast completed successfully
2026-09-01 18:22:32,827 - inventory_backend.forecasting - INFO - Linear Regression (fast) forecast completed successfully
2026-09-01 18:22:32,830 - inventory_backend.forecasting - INFO - Linear Regression (fast) forecast completed successfully
2026-09-01 18:22:32,833 - inventory_backend.forecasting - INFO - Linear Regression (fast) forecast completed successfully
2026-09-01 18:22:32,836 - inventory_backend.forecasting - INFO - Linear Regression (fast) forecast completed successfully
2026-09-01 18:22:32,839 - inventory_backend.forecasting - INFO - Linear Regression (fast) forecast completed successfully
2026-09-01 18:22:32,842 - inventory_backend.forecasting - INFO - Linear Regression (fast) forecast completed successfully
2026-09-01 18:22:32,845 - inventory_backend.forecasting - INFO - Linear Regression (fast) forecast completed successfully
2026-09-01 18:22:32,848 - inventory_backend.forecasting - INFO - Linear Regression (fast) forecast completed successfully
2026-09-01 18:22:32,851 - inventory_backend.forecasting - INFO - Linear Regression (fast) forecast completed successfully
2026-09-01 18:22:32,854 - inventory_backend.forecasting - INFO - Linear Regression (fast) forecast completed successfully
2026-09-01 18:22:32,857 - inventory_backend.forecasting - INFO - Linear Regression (fast) forecast completed successfully
2026-09-01 18:22:32,860 - inventory_backend.forecasting - INFO - Linear Regression (fast) forecast completed successfully
2026-09-01 18:22:32,862 - inventory_backend.forecasting - INFO - Linear Regression (fast) forecast completed successfully
2026-09-01 18:22:32,865 - inventory_backend.forecasting - INFO - Linear Regression (fast) forecast completed successfully
2026-09-01 18:22:32,868 - inventory_backend.forecasting - INFO - Linear Regression (fast) forecast completed successfully
2026-09-01 18:22:32,871 - inventory_backend.forecasting - INFO - Linear Regression (fast) forecast completed successfully
2026-09-01 18:22:32,874 - inventory_backend.forecasting - INFO - Linear Regression (fast) forecast completed successfully
2026-09-01 18:22:32,877 - inventory_backend.forecasting - INFO - Linear Regression (fast) forecast completed successfully
2026-09-01 18:22:32,880 - inventory_backend.forecasting - INFO - Linear Regression (fast) forecast completed successfully
2026-09-01 18:22:32,883 - inventory_backend.forecasting - INFO - Linear Regression (fast) forecast completed successfully
2026-09-01 18:22:32,886 - inventory_backend.forecasting - INFO - Linear Regression (fast) forecast completed successfully
2026-09-01 18:22:32,889 - inventory_backend.forecasting - INFO - Linear Regression (fast) forecast completed successfully
2026-09-01 18:22:32,892 - inventory_backend.forecasting - INFO - Linear Regression (fast) forecast completed successfully
2026-09-01 18:22:32,895 - inventory_backend.forecasting - INFO - Linear Regression (fast) forecast completed successfully
2026-09-01 18:22:32,898 - inventory_backend.forecasting - INFO - Linear Regression (fast) forecast completed successfully
2026-09-01 18:22:32,901 - inventory_backend.forecasting - INFO - Linear Regression (fast) forecast completed successfully
2026-09-01 18:22:32,904 - inventory_backend.forecasting - INFO - Linear Regression (fast) forecast completed successfully
2026-09-01 18:22:32,907 - inventory_backend.forecasting - INFO - Linear Regression (fast) forecast completed successfully
2026-09-01 18:22:32,910 - inventory_backend.forecasting - INFO - Linear Regression (fast) forecast completed successfully
2026-09-01 18:22:32,913 - inventory_backend.forecasting - INFO - Linear Regression (fast) forecast completed successfully
2026-09-01 18:22:32,915 - inventory_backend.forecasting - INFO - Linear Regression (fast) forecast completed successfully
2026-09-01 18:22:32,918 - inventory_backend.forecasting - INFO - Linear Regression (fast) forecast completed successfully
2026-09-01 18:22:32,921 - inventory_backend.forecasting - INFO - Linear Regression (fast) forecast completed successfully
2026-09-01 18:22:32,924 - inventory_backend.forecasting - INFO - Linear Regression (fast) forecast completed successfully
2026-09-01 18:22:32,927 - inventory_backend.forecasting - INFO - Linear Regression (fast) forecast completed successfully
2026-09-01 18:22:32,930 - inventory_backend.forecasting - INFO - Linear Regression (fast) forecast completed successfully
2026-09-01 18:22:32,933 - inventory_backend.forecasting - INFO - Linear Regression (fast) forecast completed successfully
2026-09-01 18:22:32,936 - inventory_backend.forecasting - INFO - Linear Regression (fast) forecast completed successfully
2026-09-01 18:22:32,939 - inventory_backend.forecasting - INFO - Linear Regression (fast) forecast completed successfully
2026-09-01 18:22:32,942 - inventory_backend.forecasting - INFO - Linear Regression (fast) forecast completed successfully
2026-09-01 18:22:32,945 - inventory_backend.forecasting - INFO - Linear Regression (fast) forecast completed successfully
2026-09-01 18:22:32,948 - inventory_backend.forecasting - INFO - Linear Regression (fast) forecast completed successfully
2026-09-01 18:22:32,951 - inventory_backend.forecasting - INFO - Linear Regression (fast) forecast completed successfully
2026-09-01 18:22:32,953 - inventory_backend.forecasting - INFO - Linear Regression (fast) forecast completed successfully
2026-09-01 18:22:32,957 - inventory_backend.forecasting - INFO - Linear Regression (fast) forecast completed successfully
2026-09-01 18:22:32,960 - inventory_backend.forecasting - INFO - Linear Regression (fast) forecast completed successfully
2026-09-01 18:22:32,963 - inventory_backend.forecasting - INFO - Linear Regression (fast) forecast completed successfully
2026-09-01 18:22:32,966 - inventory_backend.forecasting - INFO - Linear Regression (fast) forecast completed successfully
2026-09-01 18:22:32,969 - inventory_backend.forecasting - INFO - Linear Regression (fast) forecast completed successfully
2026-09-01 18:22:32,973 - inventory_backend.forecasting - INFO - Linear Regression (fast) forecast completed successfully
2026-09-01 18:22:32,976 - inventory_backend.forecasting - INFO - Linear Regression (fast) forecast completed successfully
2026-09-01 18:22:32,979 - inventory_backend.forecasting - INFO - Linear Regression (fast) forecast completed successfully
2026-09-01 18:22:32,983 - inventory_backend.forecasting - INFO - Linear Regression (fast) forecast completed successfully
2026-09-01 18:22:32,985 - inventory_backend.forecasting - INFO - Linear Regression (fast) forecast completed successfully
2026-09-01 18:22:32,988 - inventory_backend.forecasting - INFO - Linear Regression (fast) forecast completed successfully
2026-09-01 18:22:32,991 - inventory_backend.forecasting - INFO - Linear Regression (fast) forecast completed successfully
2026-09-01 18:22:32,994 - inventory_backend.forecasting - INFO - Linear Regression (fast) forecast completed successfully
2026-09-01 18:22:32,997 - inventory_backend.forecasting - INFO - Linear Regression (fast) forecast completed successfully
2026-09-01 18:22:33,000 - inventory_backend.forecasting - INFO - Linear Regression (fast) forecast completed successfully
2026-09-01 18:22:33,003 - inventory_backend.forecasting - INFO - Linear Regression (fast) forecast completed successfully
2026-09-01 18:22:33,006 - inventory_backend.forecasting - INFO - Linear Regression (fast) forecast completed successfully
2026-09-01 18:22:33,009 - inventory_backend.forecasting - INFO - Linear Regression (fast) forecast completed successfully
2026-09-01 18:22:33,012 - inventory_backend.forecasting - INFO - Linear Regression (fast) forecast completed successfully
2026-09-01 18:22:33,015 - inventory_backend.forecasting - INFO - Linear Regression (fast) forecast completed successfully
2026-09-01 18:22:33,018 - inventory_backend.forecasting - INFO - Linear Regression (fast) forecast completed successfully
2026-09-01 18:22:33,021 - inventory_backend.forecasting - INFO - Linear Regression (fast) forecast completed successfully
2026-09-01 18:22:33,024 - inventory_backend.forecasting - INFO - Linear Regression (fast) forecast completed successfully
2026-09-01 18:22:33,027 - inventory_backend.forecasting - INFO - Linear Regression (fast) forecast completed successfully
2026-09-01 18:22:33,030 - inventory_backend.forecasting - INFO - Linear Regression (fast) forecast completed successfully
2026-09-01 18:22:33,033 - inventory_backend.forecasting - INFO - Linear Regression (fast) forecast completed successfully
2026-09-01 18:22:33,035 - inventory_backend.forecasting - INFO - Linear Regression (fast) forecast completed successfully
2026-09-01 18:22:33,038 - inventory_backend.forecasting - INFO - Linear Regression (fast) forecast completed successfully
2026-09-01 18:22:33,041 - inventory_backend.forecasting - INFO - Linear Regression (fast) forecast completed successfully
2026-09-01 18:22:33,044 - inventory_backend.forecasting - INFO - Linear Regression (fast) forecast completed successfully
2026-09-01 18:22:33,047 - inventory_backend.forecasting - INFO - Linear Regression (fast) forecast completed successfully
2026-09-01 18:22:33,050 - inventory_backend.forecasting - INFO - Linear Regression (fast) forecast completed successfully
2026-09-01 18:22:33,053 - inventory_backend.forecasting - INFO - Linear Regression (fast) forecast completed successfully
2026-09-01 18:22:33,056 - inventory_backend.forecasting - INFO - Linear Regression (fast) forecast completed successfully
2026-09-01 18:22:33,059 - inventory_backend.forecasting - INFO - Linear Regression (fast) forecast completed successfully
2026-09-01 18:22:33,063 - inventory_backend.forecasting - INFO - Linear Regression (fast) forecast completed successfully
2026-09-01 18:22:33,066 - inventory_backend.forecasting - INFO - Linear Regression (fast) forecast completed successfully
2026-09-01 18:22:33,069 - inventory_backend.forecasting - INFO - Linear Regression (fast) forecast completed successfully
2026-09-01 18:22:33,072 - inventory_backend.forecasting - INFO - Linear Regression (fast) forecast completed successfully
2026-09-01 18:22:33,075 - inventory_backend.forecasting - INFO - Linear Regression (fast) forecast completed successfully
2026-09-01 18:22:33,079 - inventory_backend.forecasting - INFO - Linear Regression (fast) forecast completed successfully
2026-09-01 18:22:33,088 - inventory_backend.forecasting - INFO - Linear Regression (fast) forecast completed successfully
2026-09-01 18:22:33,094 - inventory_backend.forecasting - INFO - Linear Regression (fast) forecast completed successfully
2026-09-01 18:22:33,097 - inventory_backend.forecasting - INFO - Linear Regression (fast) forecast completed successfully
2026-09-01 18:22:33,112 - inventory_backend.forecasting - INFO - Linear Regression (fast) forecast completed successfully
2026-09-01 18:22:33,116 - inventory_backend.forecasting - INFO - Linear Regression (fast) forecast completed successfully
2026-09-01 18:22:33,120 - inventory_backend.forecasting - INFO - Linear Regression (fast) forecast completed successfully
2026-09-01 18:22:33,123 - inventory_backend.forecasting - INFO - Linear Regression (fast) forecast completed successfully
2026-09-01 18:22:33,126 - inventory_backend.forecasting - INFO - Linear Regression (fast) forecast completed successfully
2026-09-01 18:22:33,130 - inventory_backend.forecasting - INFO - Linear Regression (fast) forecast completed successfully
2026-09-01 18:22:33,133 - inventory_backend.forecasting - INFO - Linear Regression (fast) forecast completed successfully
2026-09-01 18:22:33,136 - inventory_backend.forecasting - INFO - Linear Regression (fast) forecast completed successfully
2026-09-01 18:22:33,139 - inventory_backend.forecasting - INFO - Linear Regression (fast) forecast completed successfully
2026-09-01 18:22:33,142 - inventory_backend.forecasting - INFO - Linear Regression (fast) forecast completed successfully
2026-09-01 18:22:33,145 - inventory_backend.forecasting - INFO - Linear Regression (fast) forecast completed successfully
2026-09-01 18:22:33,148 - inventory_backend.forecasting - INFO - Linear Regression (fast) forecast completed successfully
2026-09-01 18:22:33,151 - inventory_backend.forecasting - INFO - Linear Regression (fast) forecast completed successfully
2026-09-01 18:22:33,154 - inventory_backend.forecasting - INFO - Linear Regression (fast) forecast completed successfully
2026-09-01 18:22:33,157 - inventory_backend.forecasting - INFO - Linear Regression (fast) forecast completed successfully
2026-09-01 18:22:33,160 - inventory_backend.forecasting - INFO - Linear Regression (fast) forecast completed successfully
2026-09-01 18:22:33,164 - inventory_backend.forecasting - INFO - Linear Regression (fast) forecast completed successfully
2026-09-01 18:22:33,168 - inventory_backend.forecasting - INFO - Linear Regression (fast) forecast completed successfully
2026-09-01 18:22:33,171 - inventory_backend.forecasting - INFO - Linear Regression (fast) forecast completed successfully
2026-09-01 18:22:33,174 - inventory_backend.forecasting - INFO - Linear Regression (fast) forecast completed successfully
2026-09-01 18:22:33,177 - inventory_backend.forecasting - INFO - Linear Regression (fast) forecast completed successfully
2026-09-01 18:22:33,180 - inventory_backend.forecasting - INFO - Linear Regression (fast) forecast completed successfully
2026-09-01 18:22:33,183 - inventory_backend.forecasting - INFO - Linear Regression (fast) forecast completed successfully
2026-09-01 18:22:33,186 - inventory_backend.forecasting - INFO - Linear Regression (fast) forecast completed successfully
2026-09-01 18:22:33,189 - inventory_backend.forecasting - INFO - Linear Regression (fast) forecast completed successfully
2026-09-01 18:22:33,192 - inventory_backend.forecasting - INFO - Linear Regression (fast) forecast completed successfully
2026-09-01 18:22:33,195 - inventory_backend.forecasting - INFO - Linear Regression (fast) forecast completed successfully
2026-09-01 18:22:33,198 - inventory_backend.forecasting - INFO - Linear Regression (fast) forecast completed successfully
2026-09-01 18:22:33,201 - inventory_backend.forecasting - INFO - Linear Regression (fast) forecast completed successfully
2026-09-01 18:22:33,204 - inventory_backend.forecasting - INFO - Linear Regression (fast) forecast completed successfully
2026-09-01 18:22:33,207 - inventory_backend.forecasting - INFO - Linear Regression (fast) forecast completed successfully
2026-09-01 18:22:33,210 - inventory_backend.forecasting - INFO - Linear Regression (fast) forecast completed successfully
2026-09-01 18:22:33,214 - inventory_backend.forecasting - INFO - Linear Regression (fast) forecast completed successfully
2026-09-01 18:22:33,217 - inventory_backend.forecasting - INFO - Linear Regression (fast) forecast completed successfully
2026-09-01 18:22:33,219 - inventory_backend.forecasting - INFO - Linear Regression (fast) forecast completed successfully
2026-09-01 18:22:33,222 - inventory_backend.forecasting - INFO - Linear Regression (fast) forecast completed successfully
2026-09-01 18:22:33,225 - inventory_backend.forecasting - INFO - Linear Regression (fast) forecast completed successfully
2026-09-01 18:22:33,228 - inventory_backend.forecasting - INFO - Linear Regression (fast) forecast completed successfully
2026-09-01 18:22:33,231 - inventory_backend.forecasting - INFO - Linear Regression (fast) forecast completed successfully
2026-09-01 18:22:33,234 - inventory_backend.forecasting - INFO - Linear Regression (fast) forecast completed successfully
2026-09-01 18:22:33,237 - inventory_backend.forecasting - INFO - Linear Regression (fast) forecast completed successfully
2026-09-01 18:22:33,240 - inventory_backend.forecasting - INFO - Linear Regression (fast) forecast completed successfully
2026-09-01 18:22:33,244 - inventory_backend.forecasting - INFO - Linear Regression (fast) forecast completed successfully
2026-09-01 18:22:33,247 - inventory_backend.forecasting - INFO - Linear Regression (fast) forecast completed successfully
2026-09-01 18:22:33,250 - inventory_backend.forecasting - INFO - Linear Regression (fast) forecast completed successfully
2026-09-01 18:22:33,253 - inventory_backend.forecasting - INFO - Linear Regression (fast) forecast completed successfully
2026-09-01 18:22:33,256 - inventory_backend.forecasting - INFO - Linear Regression (fast) forecast completed successfully
2026-09-01 18:22:33,260 - inventory_backend.forecasting - INFO - Linear Regression (fast) forecast completed successfully
2026-09-01 18:22:33,263 - inventory_backend.forecasting - INFO - Linear Regression (fast) forecast completed successfully
2026-09-01 18:22:33,266 - inventory_backend.forecasting - INFO - Linear Regression (fast) forecast completed successfully
2026-09-01 18:22:33,269 - inventory_backend.forecasting - INFO - Linear Regression (fast) forecast completed successfully
2026-09-01 18:22:33,271 - inventory_backend.forecasting - INFO - Linear Regression (fast) forecast completed successfully
2026-09-01 18:22:33,274 - inventory_backend.forecasting - INFO - Linear Regression (fast) forecast completed successfully
2026-09-01 18:22:33,277 - inventory_backend.forecasting - INFO - Linear Regression (fast) forecast completed successfully
2026-09-01 18:22:33,280 - inventory_backend.forecasting - INFO - Linear Regression (fast) forecast completed successfully
2026-09-01 18:22:33,283 - inventory_backend.forecasting - INFO - Linear Regression (fast) forecast completed successfully
2026-09-01 18:22:33,286 - inventory_backend.forecasting - INFO - Linear Regression (fast) forecast completed successfully
2026-09-01 18:22:33,289 - inventory_backend.forecasting - INFO - Linear Regression (fast) forecast completed successfully
2026-09-01 18:22:33,292 - inventory_backend.forecasting - INFO - Linear Regression (fast) forecast completed successfully
2026-09-01 18:22:33,295 - inventory_backend.forecasting - INFO - Linear Regression (fast) forecast completed successfully
2026-09-01 18:22:33,298 - inventory_backend.forecasting - INFO - Linear Regression (fast) forecast completed successfully
2026-09-01 18:22:33,301 - inventory_backend.forecasting - INFO - Linear Regression (fast) forecast completed successfully
2026-09-01 18:22:33,304 - inventory_backend.forecasting - INFO - Linear Regression (fast) forecast completed successfully
2026-09-01 18:22:33,307 - inventory_backend.forecasting - INFO - Linear Regression (fast) forecast completed successfully
2026-09-01 18:22:33,310 - inventory_backend.forecasting - INFO - Linear Regression (fast) forecast completed successfully
2026-09-01 18:22:33,312 - inventory_backend.forecasting - INFO - Linear Regression (fast) forecast completed successfully
2026-09-01 18:22:33,315 - inventory_backend.forecasting - INFO - Linear Regression (fast) forecast completed successfully
2026-09-01 18:22:33,318 - inventory_backend.forecasting - INFO - Linear Regression (fast) forecast completed successfully
2026-09-01 18:22:33,321 - inventory_backend.forecasting - INFO - Linear Regression (fast) forecast completed successfully
2026-09-01 18:22:33,324 - inventory_backend.forecasting - INFO - Linear Regression (fast) forecast completed successfully
2026-09-01 18:22:33,328 - inventory_backend.forecasting - INFO - Linear Regression (fast) forecast completed successfully
2026-09-01 18:22:33,331 - inventory_backend.forecasting - INFO - Linear Regression (fast) forecast completed successfully
2026-09-01 18:22:33,334 - inventory_backend.forecasting - INFO - Linear Regression (fast) forecast completed successfully
2026-09-01 18:22:33,336 - inventory_backend.forecasting - INFO - Linear Regression (fast) forecast completed successfully
2026-09-01 18:22:33,339 - inventory_backend.forecasting - INFO - Linear Regression (fast) forecast completed successfully
2026-09-01 18:22:33,342 - inventory_backend.forecasting - INFO - Linear Regression (fast) forecast completed successfully
2026-09-01 18:22:33,345 - inventory_backend.forecasting - INFO - Linear Regression (fast) forecast completed successfully
2026-09-01 18:22:33,348 - inventory_backend.forecasting - INFO - Linear Regression (fast) forecast completed successfully
2026-09-01 18:22:33,351 - inventory_backend.forecasting - INFO - Linear Regression (fast) forecast completed successfully
2026-09-01 18:22:33,354 - inventory_backend.forecasting - INFO - Linear Regression (fast) forecast completed successfully
2026-09-01 18:22:33,357 - inventory_backend.forecasting - INFO - Linear Regression (fast) forecast completed successfully
2026-09-01 18:22:33,360 - inventory_backend.forecasting - INFO - Linear Regression (fast) forecast completed successfully
2026-09-01 18:22:33,363 - inventory_backend.forecasting - INFO - Linear Regression (fast) forecast completed successfully
2026-09-01 18:22:33,366 - inventory_backend.forecasting - INFO - Linear Regression (fast) forecast completed successfully
2026-09-01 18:22:33,369 - inventory_backend.forecasting - INFO - Linear Regression (fast) forecast completed successfully
2026-09-01 18:22:33,372 - inventory_backend.forecasting - INFO - Linear Regression (fast) forecast completed successfully
2026-09-01 18:22:33,375 - inventory_backend.forecasting - INFO - Linear Regression (fast) forecast completed successfully
2026-09-01 18:22:33,378 - inventory_backend.forecasting - INFO - Linear Regression (fast) forecast completed successfully
2026-09-01 18:22:33,381 - inventory_backend.forecasting - INFO - Linear Regression (fast) forecast completed successfully
2026-09-01 18:22:33,383 - inventory_backend.forecasting - INFO - Linear Regression (fast) forecast completed successfully
2026-09-01 18:22:33,386 - inventory_backend.forecasting - INFO - Linear Regression (fast) forecast completed successfully
2026-09-01 18:22:33,389 - inventory_backend.forecasting - INFO - Linear Regression (fast) forecast completed successfully
2026-09-01 18:22:33,392 - inventory_backend.forecasting - INFO - Linear Regression (fast) forecast completed successfully
2026-09-01 18:22:33,395 - inventory_backend.forecasting - INFO - Linear Regression (fast) forecast completed successfully
2026-09-01 18:22:33,398 - inventory_backend.forecasting - INFO - Linear Regression (fast) forecast completed successfully
2026-09-01 18:22:33,401 - inventory_backend.forecasting - INFO - Linear Regression (fast) forecast completed successfully
2026-09-01 18:22:33,404 - inventory_backend.forecasting - INFO - Linear Regression (fast) forecast completed successfully
2026-09-01 18:22:33,407 - inventory_backend.forecasting - INFO - Linear Regression (fast) forecast completed successfully
2026-09-01 18:22:33,410 - inventory_backend.forecasting - INFO - Linear Regression (fast) forecast completed successfully
2026-09-01 18:22:33,413 - inventory_backend.forecasting - INFO - Linear Regression (fast) forecast completed successfully
2026-09-01 18:22:33,416 - inventory_backend.forecasting - INFO - Linear Regression (fast) forecast completed successfully
2026-09-01 18:22:33,419 - inventory_backend.forecasting - INFO - Linear Regression (fast) forecast completed successfully
2026-09-01 18:22:33,422 - inventory_backend.forecasting - INFO - Linear Regression (fast) forecast completed successfully
2026-09-01 18:22:33,425 - inventory_backend.forecasting - INFO - Linear Regression (fast) forecast completed successfully
2026-09-01 18:22:33,428 - inventory_backend.forecasting - INFO - Linear Regression (fast) forecast completed successfully
2026-09-01 18:22:33,431 - inventory_backend.forecasting - INFO - Linear Regression (fast) forecast completed successfully
2026-09-01 18:22:33,434 - inventory_backend.forecasting - INFO - Linear Regression (fast) forecast completed successfully
2026-09-01 18:22:33,437 - inventory_backend.forecasting - INFO - Linear Regression (fast) forecast completed successfully
2026-09-01 18:22:33,440 - inventory_backend.forecasting - INFO - Linear Regression (fast) forecast completed successfully
2026-09-01 18:22:33,443 - inventory_backend.forecasting - INFO - Linear Regression (fast) forecast completed successfully
2026-09-01 18:22:33,446 - inventory_backend.forecasting - INFO - Linear Regression (fast) forecast completed successfully
2026-09-01 18:22:33,448 - inventory_backend.forecasting - INFO - Linear Regression (fast) forecast completed successfully
2026-09-01 18:22:33,451 - inventory_backend.forecasting - INFO - Linear Regression (fast) forecast completed successfully
2026-09-01 18:22:33,454 - inventory_backend.forecasting - INFO - Linear Regression (fast) forecast completed successfully
2026-09-01 18:22:33,457 - inventory_backend.forecasting - INFO - Linear Regression (fast) forecast completed successfully
2026-09-01 18:22:33,460 - inventory_backend.forecasting - INFO - Linear Regression (fast) forecast completed successfully
2026-09-01 18:22:33,463 - inventory_backend.forecasting - INFO - Linear Regression (fast) forecast completed successfully
2026-09-01 18:22:33,466 - inventory_backend.forecasting - INFO - Linear Regression (fast) forecast completed successfully
2026-09-01 18:22:33,469 - inventory_backend.forecasting - INFO - Linear Regression (fast) forecast completed successfully
2026-09-01 18:22:33,472 - inventory_backend.forecasting - INFO - Linear Regression (fast) forecast completed successfully
2026-09-01 18:22:33,475 - inventory_backend.forecasting - INFO - Linear Regression (fast) forecast completed successfully
2026-09-01 18:22:33,478 - inventory_backend.forecasting - INFO - Linear Regression (fast) forecast completed successfully
2026-09-01 18:22:33,481 - inventory_backend.forecasting - INFO - Linear Regression (fast) forecast completed successfully
2026-09-01 18:22:33,484 - inventory_backend.forecasting - INFO - Linear Regression (fast) forecast completed successfully
2026-09-01 18:22:33,486 - inventory_backend.forecasting - INFO - Linear Regression (fast) forecast completed successfully
2026-09-01 18:22:33,489 - inventory_backend.forecasting - INFO - Linear Regression (fast) forecast completed successfully
2026-09-01 18:22:33,492 - inventory_backend.forecasting - INFO - Linear Regression (fast) forecast completed successfully
2026-09-01 18:22:33,495 - inventory_backend.forecasting - INFO - Linear Regression (fast) forecast completed successfully
2026-09-01 18:22:33,498 - inventory_backend.forecasting - INFO - Linear Regression (fast) forecast completed successfully
2026-09-01 18:22:33,501 - inventory_backend.forecasting - INFO - Linear Regression (fast) forecast completed successfully
2026-09-01 18:22:33,504 - inventory_backend.forecasting - INFO - Linear Regression (fast) forecast completed successfully
2026-09-01 18:22:33,507 - inventory_backend.forecasting - INFO - Linear Regression (fast) forecast completed successfully
2026-09-01 18:22:33,510 - inventory_backend.forecasting - INFO - Linear Regression (fast) forecast completed successfully
2026-09-01 18:22:33,513 - inventory_backend.forecasting - INFO - Linear Regression (fast) forecast completed successfully
2026-09-01 18:22:33,516 - inventory_backend.forecasting - INFO - Linear Regression (fast) forecast completed successfully
2026-09-01 18:22:33,519 - inventory_backend.forecasting - INFO - Linear Regression (fast) forecast completed successfully
2026-09-01 18:22:33,522 - inventory_backend.forecasting - INFO - Linear Regression (fast) forecast completed successfully
2026-09-01 18:22:33,525 - inventory_backend.forecasting - INFO - Linear Regression (fast) forecast completed successfully
2026-09-01 18:22:33,529 - inventory_backend.forecasting - INFO - Linear Regression (fast) forecast completed successfully
2026-09-01 18:22:33,532 - inventory_backend.forecasting - INFO - Linear Regression (fast) forecast completed successfully
2026-09-01 18:22:33,534 - inventory_backend.forecasting - INFO - Linear Regression (fast) forecast completed successfully
2026-09-01 18:22:33,537 - inventory_backend.forecasting - INFO - Linear Regression (fast) forecast completed successfully
2026-09-01 18:22:33,540 - inventory_backend.forecasting - INFO - Linear Regression (fast) forecast completed successfully
2026-09-01 18:22:33,543 - inventory_backend.forecasting - INFO - Linear Regression (fast) forecast completed successfully
2026-09-01 18:22:33,546 - inventory_backend.forecasting - INFO - Linear Regression (fast) forecast completed successfully
2026-09-01 18:22:33,549 - inventory_backend.forecasting - INFO - Linear Regression (fast) forecast completed successfully
2026-09-01 18:22:33,552 - inventory_backend.forecasting - INFO - Linear Regression (fast) forecast completed successfully
2026-09-01 18:22:33,555 - inventory_backend.forecasting - INFO - Linear Regression (fast) forecast completed successfully
2026-09-01 18:22:33,558 - inventory_backend.forecasting - INFO - Linear Regression (fast) forecast completed successfully
2026-09-01 18:22:33,562 - inventory_backend.forecasting - INFO - Linear Regression (fast) forecast completed successfully
2026-09-01 18:22:33,565 - inventory_backend.forecasting - INFO - Linear Regression (fast) forecast completed successfully
2026-09-01 18:22:33,568 - inventory_backend.forecasting - INFO - Linear Regression (fast) forecast completed successfully
2026-09-01 18:22:33,571 - inventory_backend.forecasting - INFO - Linear Regression (fast) forecast completed successfully
2026-09-01 18:22:33,573 - inventory_backend.forecasting - INFO - Linear Regression (fast) forecast completed successfully
2026-09-01 18:22:33,576 - inventory_backend.forecasting - INFO - Linear Regression (fast) forecast completed successfully
2026-09-01 18:22:33,579 - inventory_backend.forecasting - INFO - Linear Regression (fast) forecast completed successfully
2026-09-01 18:22:33,582 - inventory_backend.forecasting - INFO - Linear Regression (fast) forecast completed successfully
2026-09-01 18:22:33,585 - inventory_backend.forecasting - INFO - Linear Regression (fast) forecast completed successfully
2026-09-01 18:22:33,588 - inventory_backend.forecasting - INFO - Linear Regression (fast) forecast completed successfully
2026-09-01 18:22:33,591 - inventory_backend.forecasting - INFO - Linear Regression (fast) forecast completed successfully
2026-09-01 18:22:33,594 - inventory_backend.forecasting - INFO - Linear Regression (fast) forecast completed successfully
2026-09-01 18:22:33,597 - inventory_backend.forecasting - INFO - Linear Regression (fast) forecast completed successfully
2026-09-01 18:22:33,600 - inventory_backend.forecasting - INFO - Linear Regression (fast) forecast completed successfully
2026-09-01 18:22:33,603 - inventory_backend.forecasting - INFO - Linear Regression (fast) forecast completed successfully
2026-09-01 18:22:33,606 - inventory_backend.forecasting - INFO - Linear Regression (fast) forecast completed successfully
2026-09-01 18:22:33,609 - inventory_backend.forecasting - INFO - Linear Regression (fast) forecast completed successfully
2026-09-01 18:22:33,614 - inventory_backend.forecasting - INFO - Linear Regression (fast) forecast completed successfully
2026-09-01 18:22:33,622 - inventory_backend.forecasting - INFO - Linear Regression (fast) forecast completed successfully
2026-09-01 18:22:33,629 - inventory_backend.forecasting - INFO - Linear Regression (fast) forecast completed successfully
2026-09-01 18:22:33,643 - inventory_backend.forecasting - INFO - Linear Regression (fast) forecast completed successfully
2026-09-01 18:22:33,648 - inventory_backend.forecasting - INFO - Linear Regression (fast) forecast completed successfully
2026-09-01 18:22:33,651 - inventory_backend.forecasting - INFO - Linear Regression (fast) forecast completed successfully
2026-09-01 18:22:33,654 - inventory_backend.forecasting - INFO - Linear Regression (fast) forecast completed successfully
2026-09-01 18:22:33,658 - inventory_backend.forecasting - INFO - Linear Regression (fast) forecast completed successfully
2026-09-01 18:22:33,661 - inventory_backend.forecasting - INFO - Linear Regression (fast) forecast completed successfully
2026-09-01 18:22:33,664 - inventory_backend.forecasting - INFO - Linear Regression (fast) forecast completed successfully
2026-09-01 18:22:33,667 - inventory_backend.forecasting - INFO - Linear Regression (fast) forecast completed successfully
2026-09-01 18:22:33,670 - inventory_backend.forecasting - INFO - Linear Regression (fast) forecast completed successfully
2026-09-01 18:22:33,673 - inventory_backend.forecasting - INFO - Linear Regression (fast) forecast completed successfully
2026-09-01 18:22:33,676 - inventory_backend.forecasting - INFO - Linear Regression (fast) forecast completed successfully
2026-09-01 18:22:33,679 - inventory_backend.forecasting - INFO - Linear Regression (fast) forecast completed successfully
2026-09-01 18:22:33,682 - inventory_backend.forecasting - INFO - Linear Regression (fast) forecast completed successfully
2026-09-01 18:22:33,685 - inventory_backend.forecasting - INFO - Linear Regression (fast) forecast completed successfully
2026-09-01 18:22:33,689 - inventory_backend.forecasting - INFO - Linear Regression (fast) forecast completed successfully
2026-09-01 18:22:33,692 - inventory_backend.forecasting - INFO - Linear Regression (fast) forecast completed successfully
2026-09-01 18:22:33,695 - inventory_backend.forecasting - INFO - Linear Regression (fast) forecast completed successfully
2026-09-01 18:22:33,698 - inventory_backend.forecasting - INFO - Linear Regression (fast) forecast completed successfully
2026-09-01 18:22:33,701 - inventory_backend.forecasting - INFO - Linear Regression (fast) forecast completed successfully
2026-09-01 18:22:33,704 - inventory_backend.forecasting - INFO - Linear Regression (fast) forecast completed successfully
2026-09-01 18:22:33,707 - inventory_backend.forecasting - INFO - Linear Regression (fast) forecast completed successfully
2026-09-01 18:22:33,710 - inventory_backend.forecasting - INFO - Linear Regression (fast) forecast completed successfully
2026-09-01 18:22:33,713 - inventory_backend.forecasting - INFO - Linear Regression (fast) forecast completed successfully
2026-09-01 18:22:33,716 - inventory_backend.forecasting - INFO - Linear Regression (fast) forecast completed successfully
2026-09-01 18:22:33,719 - inventory_backend.forecasting - INFO - Linear Regression (fast) forecast completed successfully
2026-09-01 18:22:33,722 - inventory_backend.forecasting - INFO - Linear Regression (fast) forecast completed successfully
2026-09-01 18:22:33,725 - inventory_backend.forecasting - INFO - Linear Regression (fast) forecast completed successfully
2026-09-01 18:22:33,728 - inventory_backend.forecasting - INFO - Linear Regression (fast) forecast completed successfully
2026-09-01 18:22:33,732 - inventory_backend.forecasting - INFO - Linear Regression (fast) forecast completed successfully
2026-09-01 18:22:33,735 - inventory_backend.forecasting - INFO - Linear Regression (fast) forecast completed successfully
2026-09-01 18:22:33,738 - inventory_backend.forecasting - INFO - Linear Regression (fast) forecast completed successfully
2026-09-01 18:22:33,741 - inventory_backend.forecasting - INFO - Linear Regression (fast) forecast completed successfully
2026-09-01 18:22:33,744 - inventory_backend.forecasting - INFO - Linear Regression (fast) forecast completed successfully
2026-09-01 18:22:33,747 - inventory_backend.forecasting - INFO - Linear Regression (fast) forecast completed successfully
2026-09-01 18:22:33,750 - inventory_backend.forecasting - INFO - Linear Regression (fast) forecast completed successfully
2026-09-01 18:22:33,753 - inventory_backend.forecasting - INFO - Linear Regression (fast) forecast completed successfully
2026-09-01 18:22:33,755 - inventory_backend.forecasting - INFO - Linear Regression (fast) forecast completed successfully
2026-09-01 18:22:33,758 - inventory_backend.forecasting - INFO - Linear Regression (fast) forecast completed successfully
2026-09-01 18:22:33,762 - inventory_backend.forecasting - INFO - Linear Regression (fast) forecast completed successfully
2026-09-01 18:22:33,765 - inventory_backend.forecasting - INFO - Linear Regression (fast) forecast completed successfully
2026-09-01 18:22:33,768 - inventory_backend.forecasting - INFO - Linear Regression (fast) forecast completed successfully
2026-09-01 18:22:33,771 - inventory_backend.forecasting - INFO - Linear Regression (fast) forecast completed successfully
2026-09-01 18:22:33,774 - inventory_backend.forecasting - INFO - Linear Regression (fast) forecast completed successfully
2026-09-01 18:22:33,777 - inventory_backend.forecasting - INFO - Linear Regression (fast) forecast completed successfully
2026-09-01 18:22:33,779 - inventory_backend.forecasting - INFO - Linear Regression (fast) forecast completed successfully
2026-09-01 18:22:33,783 - inventory_backend.forecasting - INFO - Linear Regression (fast) forecast completed successfully
2026-09-01 18:22:33,786 - inventory_backend.forecasting - INFO - Linear Regression (fast) forecast completed successfully
2026-09-01 18:22:33,789 - inventory_backend.forecasting - INFO - Linear Regression (fast) forecast completed successfully
2026-09-01 18:22:33,793 - inventory_backend.forecasting - INFO - Linear Regression (fast) forecast completed successfully
2026-09-01 18:22:33,796 - inventory_backend.forecasting - INFO - Linear Regression (fast) forecast completed successfully
2026-09-01 18:22:33,799 - inventory_backend.forecasting - INFO - Linear Regression (fast) forecast completed successfully
2026-09-01 18:22:33,802 - inventory_backend.forecasting - INFO - Linear Regression (fast) forecast completed successfully
2026-09-01 18:22:33,805 - inventory_backend.forecasting - INFO - Linear Regression (fast) forecast completed successfully
2026-09-01 18:22:33,808 - inventory_backend.forecasting - INFO - Linear Regression (fast) forecast completed successfully
2026-09-01 18:22:33,811 - inventory_backend.forecasting - INFO - Linear Regression (fast) forecast completed successfully
2026-09-01 18:22:33,814 - inventory_backend.forecasting - INFO - Linear Regression (fast) forecast completed successfully
2026-09-01 18:22:33,817 - inventory_backend.forecasting - INFO - Linear Regression (fast) forecast completed successfully
2026-09-01 18:22:33,820 - inventory_backend.forecasting - INFO - Linear Regression (fast) forecast completed successfully
2026-09-01 18:22:33,823 - inventory_backend.forecasting - INFO - Linear Regression (fast) forecast completed successfully
2026-09-01 18:22:33,826 - inventory_backend.forecasting - INFO - Linear Regression (fast) forecast completed successfully
2026-09-01 18:22:33,829 - inventory_backend.forecasting - INFO - Linear Regression (fast) forecast completed successfully
2026-09-01 18:22:33,832 - inventory_backend.forecasting - INFO - Linear Regression (fast) forecast completed successfully
2026-09-01 18:22:33,835 - inventory_backend.forecasting - INFO - Linear Regression (fast) forecast completed successfully
2026-09-01 18:22:33,838 - inventory_backend.forecasting - INFO - Linear Regression (fast) forecast completed successfully
2026-09-01 18:22:33,841 - inventory_backend.forecasting - INFO - Linear Regression (fast) forecast completed successfully
2026-09-01 18:22:33,844 - inventory_backend.forecasting - INFO - Linear Regression (fast) forecast completed successfully
2026-09-01 18:22:33,847 - inventory_backend.forecasting - INFO - Linear Regression (fast) forecast completed successfully
2026-09-01 18:22:33,850 - inventory_backend.forecasting - INFO - Linear Regression (fast) forecast completed successfully
2026-09-01 18:22:33,853 - inventory_backend.forecasting - INFO - Linear Regression (fast) forecast completed successfully
2026-09-01 18:22:33,856 - inventory_backend.forecasting - INFO - Linear Regression (fast) forecast completed successfully
2026-09-01 18:22:33,859 - inventory_backend.forecasting - INFO - Linear Regression (fast) forecast completed successfully
2026-09-01 18:22:33,862 - inventory_backend.forecasting - INFO - Linear Regression (fast) forecast completed successfully
2026-09-01 18:22:33,865 - inventory_backend.forecasting - INFO - Linear Regression (fast) forecast completed successfully
2026-09-01 18:22:33,868 - inventory_backend.forecasting - INFO - Linear Regression (fast) forecast completed successfully
2026-09-01 18:22:33,871 - inventory_backend.forecasting - INFO - Linear Regression (fast) forecast completed successfully
2026-09-01 18:22:33,874 - inventory_backend.forecasting - INFO - Linear Regression (fast) forecast completed successfully
2026-09-01 18:22:33,877 - inventory_backend.forecasting - INFO - Linear Regression (fast) forecast completed successfully
2026-09-01 18:22:33,878 - inventory_backend.prediction_engine - INFO - ML Pipeline execution finished. Generated 512 predictions.
2026-09-01 19:01:47,651 - inventory_backend.model_manager - INFO - Loaded pre-trained model and metadata from disk.
2026-09-01 19:01:47,651 - inventory_backend.fastapi_server - INFO - ✅ Pre-trained model loaded successfully (type=SVC, trained=2026-09-01T18:22:32.241420)
2026-09-01 19:02:03,122 - inventory_backend.model_manager - INFO - Loaded pre-trained model and metadata from disk.
2026-09-01 19:02:03,122 - inventory_backend.fastapi_server - INFO - ✅ Pre-trained model loaded successfully (type=SVC, trained=2026-09-01T18:22:32.241420)
2026-09-01 19:02:47,343 - inventory_backend.fastapi_server - INFO - Saved 26836 rows to SQLite table 'dataset' (batch=d118481a)
2026-09-01 19:02:49,165 - inventory_backend.prediction_engine - INFO - Starting ML pipeline for 512 products...
2026-09-01 19:02:54,179 - inventory_backend.model_manager - INFO - Loaded pre-trained model and metadata from disk.
2026-09-01 19:02:54,179 - inventory_backend.model_manager - INFO - Skipping retraining: Data hash is unchanged, loaded cached model.
2026-09-01 19:02:54,179 - inventory_backend.model_manager - INFO - Loaded pre-trained model and metadata from disk.
2026-09-01 19:02:54,195 - inventory_backend.forecasting - INFO - Linear Regression (fast) forecast completed successfully
2026-09-01 19:02:54,200 - inventory_backend.forecasting - INFO - Linear Regression (fast) forecast completed successfully
2026-09-01 19:02:54,203 - inventory_backend.forecasting - INFO - Linear Regression (fast) forecast completed successfully
2026-09-01 19:02:54,206 - inventory_backend.forecasting - INFO - Linear Regression (fast) forecast completed successfully
2026-09-01 19:02:54,209 - inventory_backend.forecasting - INFO - Linear Regression (fast) forecast completed successfully
2026-09-01 19:02:54,212 - inventory_backend.forecasting - INFO - Linear Regression (fast) forecast completed successfully
2026-09-01 19:02:54,215 - inventory_backend.forecasting - INFO - Linear Regression (fast) forecast completed successfully
2026-09-01 19:02:54,218 - inventory_backend.forecasting - INFO - Linear Regression (fast) forecast completed successfully
2026-09-01 19:02:54,221 - inventory_backend.forecasting - INFO - Linear Regression (fast) forecast completed successfully
2026-09-01 19:02:54,224 - inventory_backend.forecasting - INFO - Linear Regression (fast) forecast completed successfully
2026-09-01 19:02:54,226 - inventory_backend.forecasting - INFO - Linear Regression (fast) forecast completed successfully
2026-09-01 19:02:54,229 - inventory_backend.forecasting - INFO - Linear Regression (fast) forecast completed successfully
2026-09-01 19:02:54,232 - inventory_backend.forecasting - INFO - Linear Regression (fast) forecast completed successfully
2026-09-01 19:02:54,235 - inventory_backend.forecasting - INFO - Linear Regression (fast) forecast completed successfully
2026-09-01 19:02:54,238 - inventory_backend.forecasting - INFO - Linear Regression (fast) forecast completed successfully
2026-09-01 19:02:54,241 - inventory_backend.forecasting - INFO - Linear Regression (fast) forecast completed successfully
2026-09-01 19:02:54,244 - inventory_backend.forecasting - INFO - Linear Regression (fast) forecast completed successfully
2026-09-01 19:02:54,247 - inventory_backend.forecasting - INFO - Linear Regression (fast) forecast completed successfully
2026-09-01 19:02:54,249 - inventory_backend.forecasting - INFO - Linear Regression (fast) forecast completed successfully
2026-09-01 19:02:54,252 - inventory_backend.forecasting - INFO - Linear Regression (fast) forecast completed successfully
2026-09-01 19:02:54,255 - inventory_backend.forecasting - INFO - Linear Regression (fast) forecast completed successfully
2026-09-01 19:02:54,258 - inventory_backend.forecasting - INFO - Linear Regression (fast) forecast completed successfully
2026-09-01 19:02:54,261 - inventory_backend.forecasting - INFO - Linear Regression (fast) forecast completed successfully
2026-09-01 19:02:54,264 - inventory_backend.forecasting - INFO - Linear Regression (fast) forecast completed successfully
2026-09-01 19:02:54,267 - inventory_backend.forecasting - INFO - Linear Regression (fast) forecast completed successfully
2026-09-01 19:02:54,269 - inventory_backend.forecasting - INFO - Linear Regression (fast) forecast completed successfully
2026-09-01 19:02:54,272 - inventory_backend.forecasting - INFO - Linear Regression (fast) forecast completed successfully
2026-09-01 19:02:54,275 - inventory_backend.forecasting - INFO - Linear Regression (fast) forecast completed successfully
2026-09-01 19:02:54,278 - inventory_backend.forecasting - INFO - Linear Regression (fast) forecast completed successfully
2026-09-01 19:02:54,281 - inventory_backend.forecasting - INFO - Linear Regression (fast) forecast completed successfully
2026-09-01 19:02:54,284 - inventory_backend.forecasting - INFO - Linear Regression (fast) forecast completed successfully
2026-09-01 19:02:54,287 - inventory_backend.forecasting - INFO - Linear Regression (fast) forecast completed successfully
2026-09-01 19:02:54,290 - inventory_backend.forecasting - INFO - Linear Regression (fast) forecast completed successfully
2026-09-01 19:02:54,292 - inventory_backend.forecasting - INFO - Linear Regression (fast) forecast completed successfully
2026-09-01 19:02:54,295 - inventory_backend.forecasting - INFO - Linear Regression (fast) forecast completed successfully
2026-09-01 19:02:54,298 - inventory_backend.forecasting - INFO - Linear Regression (fast) forecast completed successfully
2026-09-01 19:02:54,301 - inventory_backend.forecasting - INFO - Linear Regression (fast) forecast completed successfully
2026-09-01 19:02:54,304 - inventory_backend.forecasting - INFO - Linear Regression (fast) forecast completed successfully
2026-09-01 19:02:54,307 - inventory_backend.forecasting - INFO - Linear Regression (fast) forecast completed successfully
2026-09-01 19:02:54,310 - inventory_backend.forecasting - INFO - Linear Regression (fast) forecast completed successfully
2026-09-01 19:02:54,313 - inventory_backend.forecasting - INFO - Linear Regression (fast) forecast completed successfully
2026-09-01 19:02:54,315 - inventory_backend.forecasting - INFO - Linear Regression (fast) forecast completed successfully
2026-09-01 19:02:54,318 - inventory_backend.forecasting - INFO - Linear Regression (fast) forecast completed successfully
2026-09-01 19:02:54,321 - inventory_backend.forecasting - INFO - Linear Regression (fast) forecast completed successfully
2026-09-01 19:02:54,324 - inventory_backend.forecasting - INFO - Linear Regression (fast) forecast completed successfully
2026-09-01 19:02:54,327 - inventory_backend.forecasting - INFO - Linear Regression (fast) forecast completed successfully
2026-09-01 19:02:54,330 - inventory_backend.forecasting - INFO - Linear Regression (fast) forecast completed successfully
2026-09-01 19:02:54,333 - inventory_backend.forecasting - INFO - Linear Regression (fast) forecast completed successfully
2026-09-01 19:02:54,336 - inventory_backend.forecasting - INFO - Linear Regression (fast) forecast completed successfully
2026-09-01 19:02:54,338 - inventory_backend.forecasting - INFO - Linear Regression (fast) forecast completed successfully
2026-09-01 19:02:54,341 - inventory_backend.forecasting - INFO - Linear Regression (fast) forecast completed successfully
2026-09-01 19:02:54,344 - inventory_backend.forecasting - INFO - Linear Regression (fast) forecast completed successfully
2026-09-01 19:02:54,347 - inventory_backend.forecasting - INFO - Linear Regression (fast) forecast completed successfully
2026-09-01 19:02:54,350 - inventory_backend.forecasting - INFO - Linear Regression (fast) forecast completed successfully
2026-09-01 19:02:54,353 - inventory_backend.forecasting - INFO - Linear Regression (fast) forecast completed successfully
2026-09-01 19:02:54,356 - inventory_backend.forecasting - INFO - Linear Regression (fast) forecast completed successfully
2026-09-01 19:02:54,358 - inventory_backend.forecasting - INFO - Linear Regression (fast) forecast completed successfully
2026-09-01 19:02:54,361 - inventory_backend.forecasting - INFO - Linear Regression (fast) forecast completed successfully
2026-09-01 19:02:54,364 - inventory_backend.forecasting - INFO - Linear Regression (fast) forecast completed successfully
2026-09-01 19:02:54,367 - inventory_backend.forecasting - INFO - Linear Regression (fast) forecast completed successfully
2026-09-01 19:02:54,370 - inventory_backend.forecasting - INFO - Linear Regression (fast) forecast completed successfully
2026-09-01 19:02:54,373 - inventory_backend.forecasting - INFO - Linear Regression (fast) forecast completed successfully
2026-09-01 19:02:54,376 - inventory_backend.forecasting - INFO - Linear Regression (fast) forecast completed successfully
2026-09-01 19:02:54,378 - inventory_backend.forecasting - INFO - Linear Regression (fast) forecast completed successfully
2026-09-01 19:02:54,381 - inventory_backend.forecasting - INFO - Linear Regression (fast) forecast completed successfully
2026-09-01 19:02:54,384 - inventory_backend.forecasting - INFO - Linear Regression (fast) forecast completed successfully
2026-09-01 19:02:54,387 - inventory_backend.forecasting - INFO - Linear Regression (fast) forecast completed successfully
2026-09-01 19:02:54,390 - inventory_backend.forecasting - INFO - Linear Regression (fast) forecast completed successfully
2026-09-01 19:02:54,393 - inventory_backend.forecasting - INFO - Linear Regression (fast) forecast completed successfully
2026-09-01 19:02:54,395 - inventory_backend.forecasting - INFO - Linear Regression (fast) forecast completed successfully
2026-09-01 19:02:54,398 - inventory_backend.forecasting - INFO - Linear Regression (fast) forecast completed successfully
2026-09-01 19:02:54,401 - inventory_backend.forecasting - INFO - Linear Regression (fast) forecast completed successfully
2026-09-01 19:02:54,404 - inventory_backend.forecasting - INFO - Linear Regression (fast) forecast completed successfully
2026-09-01 19:02:54,407 - inventory_backend.forecasting - INFO - Linear Regression (fast) forecast completed successfully
2026-09-01 19:02:54,410 - inventory_backend.forecasting - INFO - Linear Regression (fast) forecast completed successfully
2026-09-01 19:02:54,412 - inventory_backend.forecasting - INFO - Linear Regression (fast) forecast completed successfully
2026-09-01 19:02:54,415 - inventory_backend.forecasting - INFO - Linear Regression (fast) forecast completed successfully
2026-09-01 19:02:54,418 - inventory_backend.forecasting - INFO - Linear Regression (fast) forecast completed successfully
2026-09-01 19:02:54,421 - inventory_backend.forecasting - INFO - Linear Regression (fast) forecast completed successfully
2026-09-01 19:02:54,424 - inventory_backend.forecasting - INFO - Linear Regression (fast) forecast completed successfully
2026-09-01 19:02:54,427 - inventory_backend.forecasting - INFO - Linear Regression (fast) forecast completed successfully
2026-09-01 19:02:54,430 - inventory_backend.forecasting - INFO - Linear Regression (fast) forecast completed successfully
2026-09-01 19:02:54,432 - inventory_backend.forecasting - INFO - Linear Regression (fast) forecast completed successfully
2026-09-01 19:02:54,435 - inventory_backend.forecasting - INFO - Linear Regression (fast) forecast completed successfully
2026-09-01 19:02:54,438 - inventory_backend.forecasting - INFO - Linear Regression (fast) forecast completed successfully
2026-09-01 19:02:54,441 - inventory_backend.forecasting - INFO - Linear Regression (fast) forecast completed successfully
2026-09-01 19:02:54,444 - inventory_backend.forecasting - INFO - Linear Regression (fast) forecast completed successfully
2026-09-01 19:02:54,447 - inventory_backend.forecasting - INFO - Linear Regression (fast) forecast completed successfully
2026-09-01 19:02:54,449 - inventory_backend.forecasting - INFO - Linear Regression (fast) forecast completed successfully
2026-09-01 19:02:54,452 - inventory_backend.forecasting - INFO - Linear Regression (fast) forecast completed successfully
2026-09-01 19:02:54,455 - inventory_backend.forecasting - INFO - Linear Regression (fast) forecast completed successfully
2026-09-01 19:02:54,458 - inventory_backend.forecasting - INFO - Linear Regression (fast) forecast completed successfully
2026-09-01 19:02:54,461 - inventory_backend.forecasting - INFO - Linear Regression (fast) forecast completed successfully
2026-09-01 19:02:54,464 - inventory_backend.forecasting - INFO - Linear Regression (fast) forecast completed successfully
2026-09-01 19:02:54,466 - inventory_backend.forecasting - INFO - Linear Regression (fast) forecast completed successfully
2026-09-01 19:02:54,469 - inventory_backend.forecasting - INFO - Linear Regression (fast) forecast completed successfully
2026-09-01 19:02:54,472 - inventory_backend.forecasting - INFO - Linear Regression (fast) forecast completed successfully
2026-09-01 19:02:54,475 - inventory_backend.forecasting - INFO - Linear Regression (fast) forecast completed successfully
2026-09-01 19:02:54,478 - inventory_backend.forecasting - INFO - Linear Regression (fast) forecast completed successfully
2026-09-01 19:02:54,481 - inventory_backend.forecasting - INFO - Linear Regression (fast) forecast completed successfully
2026-09-01 19:02:54,484 - inventory_backend.forecasting - INFO - Linear Regression (fast) forecast completed successfully
2026-09-01 19:02:54,486 - inventory_backend.forecasting - INFO - Linear Regression (fast) forecast completed successfully
2026-09-01 19:02:54,489 - inventory_backend.forecasting - INFO - Linear Regression (fast) forecast completed successfully
2026-09-01 19:02:54,492 - inventory_backend.forecasting - INFO - Linear Regression (fast) forecast completed successfully
2026-09-01 19:02:54,495 - inventory_backend.forecasting - INFO - Linear Regression (fast) forecast completed successfully
2026-09-01 19:02:54,498 - inventory_backend.forecasting - INFO - Linear Regression (fast) forecast completed successfully
2026-09-01 19:02:54,501 - inventory_backend.forecasting - INFO - Linear Regression (fast) forecast completed successfully
2026-09-01 19:02:54,503 - inventory_backend.forecasting - INFO - Linear Regression (fast) forecast completed successfully
2026-09-01 19:02:54,506 - inventory_backend.forecasting - INFO - Linear Regression (fast) forecast completed successfully
2026-09-01 19:02:54,509 - inventory_backend.forecasting - INFO - Linear Regression (fast) forecast completed successfully
2026-09-01 19:02:54,512 - inventory_backend.forecasting - INFO - Linear Regression (fast) forecast completed successfully
2026-09-01 19:02:54,515 - inventory_backend.forecasting - INFO - Linear Regression (fast) forecast completed successfully
2026-09-01 19:02:54,518 - inventory_backend.forecasting - INFO - Linear Regression (fast) forecast completed successfully
2026-09-01 19:02:54,521 - inventory_backend.forecasting - INFO - Linear Regression (fast) forecast completed successfully
2026-09-01 19:02:54,523 - inventory_backend.forecasting - INFO - Linear Regression (fast) forecast completed successfully
2026-09-01 19:02:54,526 - inventory_backend.forecasting - INFO - Linear Regression (fast) forecast completed successfully
2026-09-01 19:02:54,529 - inventory_backend.forecasting - INFO - Linear Regression (fast) forecast completed successfully
2026-09-01 19:02:54,532 - inventory_backend.forecasting - INFO - Linear Regression (fast) forecast completed successfully
2026-09-01 19:02:54,535 - inventory_backend.forecasting - INFO - Linear Regression (fast) forecast completed successfully
2026-09-01 19:02:54,538 - inventory_backend.forecasting - INFO - Linear Regression (fast) forecast completed successfully
2026-09-01 19:02:54,540 - inventory_backend.forecasting - INFO - Linear Regression (fast) forecast completed successfully
2026-09-01 19:02:54,543 - inventory_backend.forecasting - INFO - Linear Regression (fast) forecast completed successfully
2026-09-01 19:02:54,546 - inventory_backend.forecasting - INFO - Linear Regression (fast) forecast completed successfully
2026-09-01 19:02:54,549 - inventory_backend.forecasting - INFO - Linear Regression (fast) forecast completed successfully
2026-09-01 19:02:54,552 - inventory_backend.forecasting - INFO - Linear Regression (fast) forecast completed successfully
2026-09-01 19:02:54,555 - inventory_backend.forecasting - INFO - Linear Regression (fast) forecast completed successfully
2026-09-01 19:02:54,558 - inventory_backend.forecasting - INFO - Linear Regression (fast) forecast completed successfully
2026-09-01 19:02:54,560 - inventory_backend.forecasting - INFO - Linear Regression (fast) forecast completed successfully
2026-09-01 19:02:54,563 - inventory_backend.forecasting - INFO - Linear Regression (fast) forecast completed successfully
2026-09-01 19:02:54,566 - inventory_backend.forecasting - INFO - Linear Regression (fast) forecast completed successfully
2026-09-01 19:02:54,569 - inventory_backend.forecasting - INFO - Linear Regression (fast) forecast completed successfully
2026-09-01 19:02:54,572 - inventory_backend.forecasting - INFO - Linear Regression (fast) forecast completed successfully
2026-09-01 19:02:54,575 - inventory_backend.forecasting - INFO - Linear Regression (fast) forecast completed successfully
2026-09-01 19:02:54,578 - inventory_backend.forecasting - INFO - Linear Regression (fast) forecast completed successfully
2026-09-01 19:02:54,580 - inventory_backend.forecasting - INFO - Linear Regression (fast) forecast completed successfully
2026-09-01 19:02:54,583 - inventory_backend.forecasting - INFO - Linear Regression (fast) forecast completed successfully
2026-09-01 19:02:54,586 - inventory_backend.forecasting - INFO - Linear Regression (fast) forecast completed successfully
2026-09-01 19:02:54,589 - inventory_backend.forecasting - INFO - Linear Regression (fast) forecast completed successfully
2026-09-01 19:02:54,592 - inventory_backend.forecasting - INFO - Linear Regression (fast) forecast completed successfully
2026-09-01 19:02:54,595 - inventory_backend.forecasting - INFO - Linear Regression (fast) forecast completed successfully
2026-09-01 19:02:54,598 - inventory_backend.forecasting - INFO - Linear Regression (fast) forecast completed successfully
2026-09-01 19:02:54,601 - inventory_backend.forecasting - INFO - Linear Regression (fast) forecast completed successfully
2026-09-01 19:02:54,604 - inventory_backend.forecasting - INFO - Linear Regression (fast) forecast completed successfully
2026-09-01 19:02:54,607 - inventory_backend.forecasting - INFO - Linear Regression (fast) forecast completed successfully
2026-09-01 19:02:54,610 - inventory_backend.forecasting - INFO - Linear Regression (fast) forecast completed successfully
2026-09-01 19:02:54,613 - inventory_backend.forecasting - INFO - Linear Regression (fast) forecast completed successfully
2026-09-01 19:02:54,616 - inventory_backend.forecasting - INFO - Linear Regression (fast) forecast completed successfully
2026-09-01 19:02:54,619 - inventory_backend.forecasting - INFO - Linear Regression (fast) forecast completed successfully
2026-09-01 19:02:54,622 - inventory_backend.forecasting - INFO - Linear Regression (fast) forecast completed successfully
2026-09-01 19:02:54,625 - inventory_backend.forecasting - INFO - Linear Regression (fast) forecast completed successfully
2026-09-01 19:02:54,628 - inventory_backend.forecasting - INFO - Linear Regression (fast) forecast completed successfully
2026-09-01 19:02:54,630 - inventory_backend.forecasting - INFO - Linear Regression (fast) forecast completed successfully
2026-09-01 19:02:54,633 - inventory_backend.forecasting - INFO - Linear Regression (fast) forecast completed successfully
2026-09-01 19:02:54,636 - inventory_backend.forecasting - INFO - Linear Regression (fast) forecast completed successfully
2026-09-01 19:02:54,639 - inventory_backend.forecasting - INFO - Linear Regression (fast) forecast completed successfully
2026-09-01 19:02:54,642 - inventory_backend.forecasting - INFO - Linear Regression (fast) forecast completed successfully
2026-09-01 19:02:54,645 - inventory_backend.forecasting - INFO - Linear Regression (fast) forecast completed successfully
2026-09-01 19:02:54,648 - inventory_backend.forecasting - INFO - Linear Regression (fast) forecast completed successfully
2026-09-01 19:02:54,651 - inventory_backend.forecasting - INFO - Linear Regression (fast) forecast completed successfully
2026-09-01 19:02:54,653 - inventory_backend.forecasting - INFO - Linear Regression (fast) forecast completed successfully
2026-09-01 19:02:54,656 - inventory_backend.forecasting - INFO - Linear Regression (fast) forecast completed successfully
2026-09-01 19:02:54,659 - inventory_backend.forecasting - INFO - Linear Regression (fast) forecast completed successfully
2026-09-01 19:02:54,662 - inventory_backend.forecasting - INFO - Linear Regression (fast) forecast completed successfully
2026-09-01 19:02:54,665 - inventory_backend.forecasting - INFO - Linear Regression (fast) forecast completed successfully
2026-09-01 19:02:54,668 - inventory_backend.forecasting - INFO - Linear Regression (fast) forecast completed successfully
2026-09-01 19:02:54,670 - inventory_backend.forecasting - INFO - Linear Regression (fast) forecast completed successfully
2026-09-01 19:02:54,673 - inventory_backend.forecasting - INFO - Linear Regression (fast) forecast completed successfully
2026-09-01 19:02:54,676 - inventory_backend.forecasting - INFO - Linear Regression (fast) forecast completed successfully
2026-09-01 19:02:54,679 - inventory_backend.forecasting - INFO - Linear Regression (fast) forecast completed successfully
2026-09-01 19:02:54,682 - inventory_backend.forecasting - INFO - Linear Regression (fast) forecast completed successfully
2026-09-01 19:02:54,685 - inventory_backend.forecasting - INFO - Linear Regression (fast) forecast completed successfully
2026-09-01 19:02:54,688 - inventory_backend.forecasting - INFO - Linear Regression (fast) forecast completed successfully
2026-09-01 19:02:54,691 - inventory_backend.forecasting - INFO - Linear Regression (fast) forecast completed successfully
2026-09-01 19:02:54,693 - inventory_backend.forecasting - INFO - Linear Regression (fast) forecast completed successfully
2026-09-01 19:02:54,696 - inventory_backend.forecasting - INFO - Linear Regression (fast) forecast completed successfully
2026-09-01 19:02:54,699 - inventory_backend.forecasting - INFO - Linear Regression (fast) forecast completed successfully
2026-09-01 19:02:54,702 - inventory_backend.forecasting - INFO - Linear Regression (fast) forecast completed successfully
2026-09-01 19:02:54,705 - inventory_backend.forecasting - INFO - Linear Regression (fast) forecast completed successfully
2026-09-01 19:02:54,708 - inventory_backend.forecasting - INFO - Linear Regression (fast) forecast completed successfully
2026-09-01 19:02:54,710 - inventory_backend.forecasting - INFO - Linear Regression (fast) forecast completed successfully
2026-09-01 19:02:54,713 - inventory_backend.forecasting - INFO - Linear Regression (fast) forecast completed successfully
2026-09-01 19:02:54,716 - inventory_backend.forecasting - INFO - Linear Regression (fast) forecast completed successfully
2026-09-01 19:02:54,719 - inventory_backend.forecasting - INFO - Linear Regression (fast) forecast completed successfully
2026-09-01 19:02:54,722 - inventory_backend.forecasting - INFO - Linear Regression (fast) forecast completed successfully
2026-09-01 19:02:54,725 - inventory_backend.forecasting - INFO - Linear Regression (fast) forecast completed successfully
2026-09-01 19:02:54,728 - inventory_backend.forecasting - INFO - Linear Regression (fast) forecast completed successfully
2026-09-01 19:02:54,731 - inventory_backend.forecasting - INFO - Linear Regression (fast) forecast completed successfully
2026-09-01 19:02:54,733 - inventory_backend.forecasting - INFO - Linear Regression (fast) forecast completed successfully
2026-09-01 19:02:54,736 - inventory_backend.forecasting - INFO - Linear Regression (fast) forecast completed successfully
2026-09-01 19:02:54,739 - inventory_backend.forecasting - INFO - Linear Regression (fast) forecast completed successfully
2026-09-01 19:02:54,742 - inventory_backend.forecasting - INFO - Linear Regression (fast) forecast completed successfully
2026-09-01 19:02:54,745 - inventory_backend.forecasting - INFO - Linear Regression (fast) forecast completed successfully
2026-09-01 19:02:54,748 - inventory_backend.forecasting - INFO - Linear Regression (fast) forecast completed successfully
2026-09-01 19:02:54,751 - inventory_backend.forecasting - INFO - Linear Regression (fast) forecast completed successfully
2026-09-01 19:02:54,754 - inventory_backend.forecasting - INFO - Linear Regression (fast) forecast completed successfully
2026-09-01 19:02:54,757 - inventory_backend.forecasting - INFO - Linear Regression (fast) forecast completed successfully
2026-09-01 19:02:54,759 - inventory_backend.forecasting - INFO - Linear Regression (fast) forecast completed successfully
2026-09-01 19:02:54,762 - inventory_backend.forecasting - INFO - Linear Regression (fast) forecast completed successfully
2026-09-01 19:02:54,765 - inventory_backend.forecasting - INFO - Linear Regression (fast) forecast completed successfully
2026-09-01 19:02:54,768 - inventory_backend.forecasting - INFO - Linear Regression (fast) forecast completed successfully
2026-09-01 19:02:54,771 - inventory_backend.forecasting - INFO - Linear Regression (fast) forecast completed successfully
2026-09-01 19:02:54,774 - inventory_backend.forecasting - INFO - Linear Regression (fast) forecast completed successfully
2026-09-01 19:02:54,776 - inventory_backend.forecasting - INFO - Linear Regression (fast) forecast completed successfully
2026-09-01 19:02:54,779 - inventory_backend.forecasting - INFO - Linear Regression (fast) forecast completed successfully
2026-09-01 19:02:54,782 - inventory_backend.forecasting - INFO - Linear Regression (fast) forecast completed successfully
2026-09-01 19:02:54,785 - inventory_backend.forecasting - INFO - Linear Regression (fast) forecast completed successfully
2026-09-01 19:02:54,788 - inventory_backend.forecasting - INFO - Linear Regression (fast) forecast completed successfully
2026-09-01 19:02:54,791 - inventory_backend.forecasting - INFO - Linear Regression (fast) forecast completed successfully
2026-09-01 19:02:54,793 - inventory_backend.forecasting - INFO - Linear Regression (fast) forecast completed successfully
2026-09-01 19:02:54,796 - inventory_backend.forecasting - INFO - Linear Regression (fast) forecast completed successfully
2026-09-01 19:02:54,799 - inventory_backend.forecasting - INFO - Linear Regression (fast) forecast completed successfully
2026-09-01 19:02:54,802 - inventory_backend.forecasting - INFO - Linear Regression (fast) forecast completed successfully
2026-09-01 19:02:54,805 - inventory_backend.forecasting - INFO - Linear Regression (fast) forecast completed successfully
2026-09-01 19:02:54,808 - inventory_backend.forecasting - INFO - Linear Regression (fast) forecast completed successfully
2026-09-01 19:02:54,811 - inventory_backend.forecasting - INFO - Linear Regression (fast) forecast completed successfully
2026-09-01 19:02:54,813 - inventory_backend.forecasting - INFO - Linear Regression (fast) forecast completed successfully
2026-09-01 19:02:54,816 - inventory_backend.forecasting - INFO - Linear Regression (fast) forecast completed successfully
2026-09-01 19:02:54,819 - inventory_backend.forecasting - INFO - Linear Regression (fast) forecast completed successfully
2026-09-01 19:02:54,822 - inventory_backend.forecasting - INFO - Linear Regression (fast) forecast completed successfully
2026-09-01 19:02:54,825 - inventory_backend.forecasting - INFO - Linear Regression (fast) forecast completed successfully
2026-09-01 19:02:54,828 - inventory_backend.forecasting - INFO - Linear Regression (fast) forecast completed successfully
2026-09-01 19:02:54,831 - inventory_backend.forecasting - INFO - Linear Regression (fast) forecast completed successfully
2026-09-01 19:02:54,833 - inventory_backend.forecasting - INFO - Linear Regression (fast) forecast completed successfully
2026-09-01 19:02:54,836 - inventory_backend.forecasting - INFO - Linear Regression (fast) forecast completed successfully
2026-09-01 19:02:54,839 - inventory_backend.forecasting - INFO - Linear Regression (fast) forecast completed successfully
2026-09-01 19:02:54,842 - inventory_backend.forecasting - INFO - Linear Regression (fast) forecast completed successfully
2026-09-01 19:02:54,845 - inventory_backend.forecasting - INFO - Linear Regression (fast) forecast completed successfully
2026-09-01 19:02:54,848 - inventory_backend.forecasting - INFO - Linear Regression (fast) forecast completed successfully
2026-09-01 19:02:54,850 - inventory_backend.forecasting - INFO - Linear Regression (fast) forecast completed successfully
2026-09-01 19:02:54,853 - inventory_backend.forecasting - INFO - Linear Regression (fast) forecast completed successfully
2026-09-01 19:02:54,856 - inventory_backend.forecasting - INFO - Linear Regression (fast) forecast completed successfully
2026-09-01 19:02:54,859 - inventory_backend.forecasting - INFO - Linear Regression (fast) forecast completed successfully
2026-09-01 19:02:54,862 - inventory_backend.forecasting - INFO - Linear Regression (fast) forecast completed successfully
2026-09-01 19:02:54,865 - inventory_backend.forecasting - INFO - Linear Regression (fast) forecast completed successfully
2026-09-01 19:02:54,867 - inventory_backend.forecasting - INFO - Linear Regression (fast) forecast completed successfully
2026-09-01 19:02:54,870 - inventory_backend.forecasting - INFO - Linear Regression (fast) forecast completed successfully
2026-09-01 19:02:54,873 - inventory_backend.forecasting - INFO - Linear Regression (fast) forecast completed successfully
2026-09-01 19:02:54,876 - inventory_backend.forecasting - INFO - Linear Regression (fast) forecast completed successfully
2026-09-01 19:02:54,879 - inventory_backend.forecasting - INFO - Linear Regression (fast) forecast completed successfully
2026-09-01 19:02:54,882 - inventory_backend.forecasting - INFO - Linear Regression (fast) forecast completed successfully
2026-09-01 19:02:54,884 - inventory_backend.forecasting - INFO - Linear Regression (fast) forecast completed successfully
2026-09-01 19:02:54,887 - inventory_backend.forecasting - INFO - Linear Regression (fast) forecast completed successfully
2026-09-01 19:02:54,890 - inventory_backend.forecasting - INFO - Linear Regression (fast) forecast completed successfully
2026-09-01 19:02:54,893 - inventory_backend.forecasting - INFO - Linear Regression (fast) forecast completed successfully
2026-09-01 19:02:54,896 - inventory_backend.forecasting - INFO - Linear Regression (fast) forecast completed successfully
2026-09-01 19:02:54,899 - inventory_backend.forecasting - INFO - Linear Regression (fast) forecast completed successfully
2026-09-01 19:02:54,902 - inventory_backend.forecasting - INFO - Linear Regression (fast) forecast completed successfully
2026-09-01 19:02:54,904 - inventory_backend.forecasting - INFO - Linear Regression (fast) forecast completed successfully
2026-09-01 19:02:54,908 - inventory_backend.forecasting - INFO - Linear Regression (fast) forecast completed successfully
2026-09-01 19:02:54,911 - inventory_backend.forecasting - INFO - Linear Regression (fast) forecast completed successfully
2026-09-01 19:02:54,914 - inventory_backend.forecasting - INFO - Linear Regression (fast) forecast completed successfully
2026-09-01 19:02:54,916 - inventory_backend.forecasting - INFO - Linear Regression (fast) forecast completed successfully
2026-09-01 19:02:54,919 - inventory_backend.forecasting - INFO - Linear Regression (fast) forecast completed successfully
2026-09-01 19:02:54,922 - inventory_backend.forecasting - INFO - Linear Regression (fast) forecast completed successfully
2026-09-01 19:02:54,925 - inventory_backend.forecasting - INFO - Linear Regression (fast) forecast completed successfully
2026-09-01 19:02:54,928 - inventory_backend.forecasting - INFO - Linear Regression (fast) forecast completed successfully
2026-09-01 19:02:54,931 - inventory_backend.forecasting - INFO - Linear Regression (fast) forecast completed successfully
2026-09-01 19:02:54,934 - inventory_backend.forecasting - INFO - Linear Regression (fast) forecast completed successfully
2026-09-01 19:02:54,937 - inventory_backend.forecasting - INFO - Linear Regression (fast) forecast completed successfully
2026-09-01 19:02:54,940 - inventory_backend.forecasting - INFO - Linear Regression (fast) forecast completed successfully
2026-09-01 19:02:54,943 - inventory_backend.forecasting - INFO - Linear Regression (fast) forecast completed successfully
2026-09-01 19:02:54,946 - inventory_backend.forecasting - INFO - Linear Regression (fast) forecast completed successfully
2026-09-01 19:02:54,950 - inventory_backend.forecasting - INFO - Linear Regression (fast) forecast completed successfully
2026-09-01 19:02:54,955 - inventory_backend.forecasting - INFO - Linear Regression (fast) forecast completed successfully
2026-09-01 19:02:54,958 - inventory_backend.forecasting - INFO - Linear Regression (fast) forecast completed successfully
2026-09-01 19:02:54,961 - inventory_backend.forecasting - INFO - Linear Regression (fast) forecast completed successfully
2026-09-01 19:02:54,964 - inventory_backend.forecasting - INFO - Linear Regression (fast) forecast completed successfully
2026-09-01 19:02:54,967 - inventory_backend.forecasting - INFO - Linear Regression (fast) forecast completed successfully
2026-09-01 19:02:54,970 - inventory_backend.forecasting - INFO - Linear Regression (fast) forecast completed successfully
2026-09-01 19:02:54,973 - inventory_backend.forecasting - INFO - Linear Regression (fast) forecast completed successfully
2026-09-01 19:02:54,976 - inventory_backend.forecasting - INFO - Linear Regression (fast) forecast completed successfully
2026-09-01 19:02:54,978 - inventory_backend.forecasting - INFO - Linear Regression (fast) forecast completed successfully
2026-09-01 19:02:54,981 - inventory_backend.forecasting - INFO - Linear Regression (fast) forecast completed successfully
2026-09-01 19:02:54,984 - inventory_backend.forecasting - INFO - Linear Regression (fast) forecast completed successfully
2026-09-01 19:02:54,987 - inventory_backend.forecasting - INFO - Linear Regression (fast) forecast completed successfully
2026-09-01 19:02:54,990 - inventory_backend.forecasting - INFO - Linear Regression (fast) forecast completed successfully
2026-09-01 19:02:54,993 - inventory_backend.forecasting - INFO - Linear Regression (fast) forecast completed successfully
2026-09-01 19:02:54,995 - inventory_backend.forecasting - INFO - Linear Regression (fast) forecast completed successfully
2026-09-01 19:02:54,998 - inventory_backend.forecasting - INFO - Linear Regression (fast) forecast completed successfully
2026-09-01 19:02:55,001 - inventory_backend.forecasting - INFO - Linear Regression (fast) forecast completed successfully
2026-09-01 19:02:55,004 - inventory_backend.forecasting - INFO - Linear Regression (fast) forecast completed successfully
2026-09-01 19:02:55,007 - inventory_backend.forecasting - INFO - Linear Regression (fast) forecast completed successfully
2026-09-01 19:02:55,009 - inventory_backend.forecasting - INFO - Linear Regression (fast) forecast completed successfully
2026-09-01 19:02:55,012 - inventory_backend.forecasting - INFO - Linear Regression (fast) forecast completed successfully
2026-09-01 19:02:55,015 - inventory_backend.forecasting - INFO - Linear Regression (fast) forecast completed successfully
2026-09-01 19:02:55,018 - inventory_backend.forecasting - INFO - Linear Regression (fast) forecast completed successfully
2026-09-01 19:02:55,020 - inventory_backend.forecasting - INFO - Linear Regression (fast) forecast completed successfully
2026-09-01 19:02:55,023 - inventory_backend.forecasting - INFO - Linear Regression (fast) forecast completed successfully
2026-09-01 19:02:55,026 - inventory_backend.forecasting - INFO - Linear Regression (fast) forecast completed successfully
2026-09-01 19:02:55,029 - inventory_backend.forecasting - INFO - Linear Regression (fast) forecast completed successfully
2026-09-01 19:02:55,032 - inventory_backend.forecasting - INFO - Linear Regression (fast) forecast completed successfully
2026-09-01 19:02:55,035 - inventory_backend.forecasting - INFO - Linear Regression (fast) forecast completed successfully
2026-09-01 19:02:55,038 - inventory_backend.forecasting - INFO - Linear Regression (fast) forecast completed successfully
2026-09-01 19:02:55,041 - inventory_backend.forecasting - INFO - Linear Regression (fast) forecast completed successfully
2026-09-01 19:02:55,044 - inventory_backend.forecasting - INFO - Linear Regression (fast) forecast completed successfully
2026-09-01 19:02:55,047 - inventory_backend.forecasting - INFO - Linear Regression (fast) forecast completed successfully
2026-09-01 19:02:55,049 - inventory_backend.forecasting - INFO - Linear Regression (fast) forecast completed successfully
2026-09-01 19:02:55,052 - inventory_backend.forecasting - INFO - Linear Regression (fast) forecast completed successfully
2026-09-01 19:02:55,055 - inventory_backend.forecasting - INFO - Linear Regression (fast) forecast completed successfully
2026-09-01 19:02:55,058 - inventory_backend.forecasting - INFO - Linear Regression (fast) forecast completed successfully
2026-09-01 19:02:55,061 - inventory_backend.forecasting - INFO - Linear Regression (fast) forecast completed successfully
2026-09-01 19:02:55,064 - inventory_backend.forecasting - INFO - Linear Regression (fast) forecast completed successfully
2026-09-01 19:02:55,066 - inventory_backend.forecasting - INFO - Linear Regression (fast) forecast completed successfully
2026-09-01 19:02:55,069 - inventory_backend.forecasting - INFO - Linear Regression (fast) forecast completed successfully
2026-09-01 19:02:55,072 - inventory_backend.forecasting - INFO - Linear Regression (fast) forecast completed successfully
2026-09-01 19:02:55,075 - inventory_backend.forecasting - INFO - Linear Regression (fast) forecast completed successfully
2026-09-01 19:02:55,078 - inventory_backend.forecasting - INFO - Linear Regression (fast) forecast completed successfully
2026-09-01 19:02:55,080 - inventory_backend.forecasting - INFO - Linear Regression (fast) forecast completed successfully
2026-09-01 19:02:55,083 - inventory_backend.forecasting - INFO - Linear Regression (fast) forecast completed successfully
2026-09-01 19:02:55,086 - inventory_backend.forecasting - INFO - Linear Regression (fast) forecast completed successfully
2026-09-01 19:02:55,089 - inventory_backend.forecasting - INFO - Linear Regression (fast) forecast completed successfully
2026-09-01 19:02:55,092 - inventory_backend.forecasting - INFO - Linear Regression (fast) forecast completed successfully
2026-09-01 19:02:55,094 - inventory_backend.forecasting - INFO - Linear Regression (fast) forecast completed successfully
2026-09-01 19:02:55,097 - inventory_backend.forecasting - INFO - Linear Regression (fast) forecast completed successfully
2026-09-01 19:02:55,100 - inventory_backend.forecasting - INFO - Linear Regression (fast) forecast completed successfully
2026-09-01 19:02:55,103 - inventory_backend.forecasting - INFO - Linear Regression (fast) forecast completed successfully
2026-09-01 19:02:55,106 - inventory_backend.forecasting - INFO - Linear Regression (fast) forecast completed successfully
2026-09-01 19:02:55,108 - inventory_backend.forecasting - INFO - Linear Regression (fast) forecast completed successfully
2026-09-01 19:02:55,111 - inventory_backend.forecasting - INFO - Linear Regression (fast) forecast completed successfully
2026-09-01 19:02:55,114 - inventory_backend.forecasting - INFO - Linear Regression (fast) forecast completed successfully
2026-09-01 19:02:55,117 - inventory_backend.forecasting - INFO - Linear Regression (fast) forecast completed successfully
2026-09-01 19:02:55,119 - inventory_backend.forecasting - INFO - Linear Regression (fast) forecast completed successfully
2026-09-01 19:02:55,122 - inventory_backend.forecasting - INFO - Linear Regression (fast) forecast completed successfully
2026-09-01 19:02:55,125 - inventory_backend.forecasting - INFO - Linear Regression (fast) forecast completed successfully
2026-09-01 19:02:55,128 - inventory_backend.forecasting - INFO - Linear Regression (fast) forecast completed successfully
2026-09-01 19:02:55,131 - inventory_backend.forecasting - INFO - Linear Regression (fast) forecast completed successfully
2026-09-01 19:02:55,133 - inventory_backend.forecasting - INFO - Linear Regression (fast) forecast completed successfully
2026-09-01 19:02:55,136 - inventory_backend.forecasting - INFO - Linear Regression (fast) forecast completed successfully
2026-09-01 19:02:55,139 - inventory_backend.forecasting - INFO - Linear Regression (fast) forecast completed successfully
2026-09-01 19:02:55,142 - inventory_backend.forecasting - INFO - Linear Regression (fast) forecast completed successfully
2026-09-01 19:02:55,145 - inventory_backend.forecasting - INFO - Linear Regression (fast) forecast completed successfully
2026-09-01 19:02:55,147 - inventory_backend.forecasting - INFO - Linear Regression (fast) forecast completed successfully
2026-09-01 19:02:55,150 - inventory_backend.forecasting - INFO - Linear Regression (fast) forecast completed successfully
2026-09-01 19:02:55,153 - inventory_backend.forecasting - INFO - Linear Regression (fast) forecast completed successfully
2026-09-01 19:02:55,156 - inventory_backend.forecasting - INFO - Linear Regression (fast) forecast completed successfully
2026-09-01 19:02:55,159 - inventory_backend.forecasting - INFO - Linear Regression (fast) forecast completed successfully
2026-09-01 19:02:55,161 - inventory_backend.forecasting - INFO - Linear Regression (fast) forecast completed successfully
2026-09-01 19:02:55,164 - inventory_backend.forecasting - INFO - Linear Regression (fast) forecast completed successfully
2026-09-01 19:02:55,167 - inventory_backend.forecasting - INFO - Linear Regression (fast) forecast completed successfully
2026-09-01 19:02:55,170 - inventory_backend.forecasting - INFO - Linear Regression (fast) forecast completed successfully
2026-09-01 19:02:55,172 - inventory_backend.forecasting - INFO - Linear Regression (fast) forecast completed successfully
2026-09-01 19:02:55,175 - inventory_backend.forecasting - INFO - Linear Regression (fast) forecast completed successfully
2026-09-01 19:02:55,178 - inventory_backend.forecasting - INFO - Linear Regression (fast) forecast completed successfully
2026-09-01 19:02:55,181 - inventory_backend.forecasting - INFO - Linear Regression (fast) forecast completed successfully
2026-09-01 19:02:55,184 - inventory_backend.forecasting - INFO - Linear Regression (fast) forecast completed successfully
2026-09-01 19:02:55,186 - inventory_backend.forecasting - INFO - Linear Regression (fast) forecast completed successfully
2026-09-01 19:02:55,189 - inventory_backend.forecasting - INFO - Linear Regression (fast) forecast completed successfully
2026-09-01 19:02:55,192 - inventory_backend.forecasting - INFO - Linear Regression (fast) forecast completed successfully
2026-09-01 19:02:55,195 - inventory_backend.forecasting - INFO - Linear Regression (fast) forecast completed successfully
2026-09-01 19:02:55,197 - inventory_backend.forecasting - INFO - Linear Regression (fast) forecast completed successfully
2026-09-01 19:02:55,201 - inventory_backend.forecasting - INFO - Linear Regression (fast) forecast completed successfully
2026-09-01 19:02:55,204 - inventory_backend.forecasting - INFO - Linear Regression (fast) forecast completed successfully
2026-09-01 19:02:55,207 - inventory_backend.forecasting - INFO - Linear Regression (fast) forecast completed successfully
2026-09-01 19:02:55,210 - inventory_backend.forecasting - INFO - Linear Regression (fast) forecast completed successfully
2026-09-01 19:02:55,212 - inventory_backend.forecasting - INFO - Linear Regression (fast) forecast completed successfully
2026-09-01 19:02:55,215 - inventory_backend.forecasting - INFO - Linear Regression (fast) forecast completed successfully
2026-09-01 19:02:55,218 - inventory_backend.forecasting - INFO - Linear Regression (fast) forecast completed successfully
2026-09-01 19:02:55,221 - inventory_backend.forecasting - INFO - Linear Regression (fast) forecast completed successfully
2026-09-01 19:02:55,224 - inventory_backend.forecasting - INFO - Linear Regression (fast) forecast completed successfully
2026-09-01 19:02:55,227 - inventory_backend.forecasting - INFO - Linear Regression (fast) forecast completed successfully
2026-09-01 19:02:55,230 - inventory_backend.forecasting - INFO - Linear Regression (fast) forecast completed successfully
2026-09-01 19:02:55,233 - inventory_backend.forecasting - INFO - Linear Regression (fast) forecast completed successfully
2026-09-01 19:02:55,236 - inventory_backend.forecasting - INFO - Linear Regression (fast) forecast completed successfully
2026-09-01 19:02:55,238 - inventory_backend.forecasting - INFO - Linear Regression (fast) forecast completed successfully
2026-09-01 19:02:55,241 - inventory_backend.forecasting - INFO - Linear Regression (fast) forecast completed successfully
2026-09-01 19:02:55,244 - inventory_backend.forecasting - INFO - Linear Regression (fast) forecast completed successfully
2026-09-01 19:02:55,247 - inventory_backend.forecasting - INFO - Linear Regression (fast) forecast completed successfully
2026-09-01 19:02:55,250 - inventory_backend.forecasting - INFO - Linear Regression (fast) forecast completed successfully
2026-09-01 19:02:55,253 - inventory_backend.forecasting - INFO - Linear Regression (fast) forecast completed successfully
2026-09-01 19:02:55,256 - inventory_backend.forecasting - INFO - Linear Regression (fast) forecast completed successfully
2026-09-01 19:02:55,258 - inventory_backend.forecasting - INFO - Linear Regression (fast) forecast completed successfully
2026-09-01 19:02:55,261 - inventory_backend.forecasting - INFO - Linear Regression (fast) forecast completed successfully
2026-09-01 19:02:55,264 - inventory_backend.forecasting - INFO - Linear Regression (fast) forecast completed successfully
2026-09-01 19:02:55,267 - inventory_backend.forecasting - INFO - Linear Regression (fast) forecast completed successfully
2026-09-01 19:02:55,270 - inventory_backend.forecasting - INFO - Linear Regression (fast) forecast completed successfully
2026-09-01 19:02:55,273 - inventory_backend.forecasting - INFO - Linear Regression (fast) forecast completed successfully
2026-09-01 19:02:55,275 - inventory_backend.forecasting - INFO - Linear Regression (fast) forecast completed successfully
2026-09-01 19:02:55,278 - inventory_backend.forecasting - INFO - Linear Regression (fast) forecast completed successfully
2026-09-01 19:02:55,281 - inventory_backend.forecasting - INFO - Linear Regression (fast) forecast completed successfully
2026-09-01 19:02:55,284 - inventory_backend.forecasting - INFO - Linear Regression (fast) forecast completed successfully
2026-09-01 19:02:55,287 - inventory_backend.forecasting - INFO - Linear Regression (fast) forecast completed successfully
2026-09-01 19:02:55,290 - inventory_backend.forecasting - INFO - Linear Regression (fast) forecast completed successfully
2026-09-01 19:02:55,292 - inventory_backend.forecasting - INFO - Linear Regression (fast) forecast completed successfully
2026-09-01 19:02:55,295 - inventory_backend.forecasting - INFO - Linear Regression (fast) forecast completed successfully
2026-09-01 19:02:55,298 - inventory_backend.forecasting - INFO - Linear Regression (fast) forecast completed successfully
2026-09-01 19:02:55,301 - inventory_backend.forecasting - INFO - Linear Regression (fast) forecast completed successfully
2026-09-01 19:02:55,304 - inventory_backend.forecasting - INFO - Linear Regression (fast) forecast completed successfully
2026-09-01 19:02:55,307 - inventory_backend.forecasting - INFO - Linear Regression (fast) forecast completed successfully
2026-09-01 19:02:55,310 - inventory_backend.forecasting - INFO - Linear Regression (fast) forecast completed successfully
2026-09-01 19:02:55,315 - inventory_backend.forecasting - INFO - Linear Regression (fast) forecast completed successfully
2026-09-01 19:02:55,322 - inventory_backend.forecasting - INFO - Linear Regression (fast) forecast completed successfully
2026-09-01 19:02:55,327 - inventory_backend.forecasting - INFO - Linear Regression (fast) forecast completed successfully
2026-09-01 19:02:55,330 - inventory_backend.forecasting - INFO - Linear Regression (fast) forecast completed successfully
2026-09-01 19:02:55,333 - inventory_backend.forecasting - INFO - Linear Regression (fast) forecast completed successfully
2026-09-01 19:02:55,336 - inventory_backend.forecasting - INFO - Linear Regression (fast) forecast completed successfully
2026-09-01 19:02:55,339 - inventory_backend.forecasting - INFO - Linear Regression (fast) forecast completed successfully
2026-09-01 19:02:55,342 - inventory_backend.forecasting - INFO - Linear Regression (fast) forecast completed successfully
2026-09-01 19:02:55,345 - inventory_backend.forecasting - INFO - Linear Regression (fast) forecast completed successfully
2026-09-01 19:02:55,347 - inventory_backend.forecasting - INFO - Linear Regression (fast) forecast completed successfully
2026-09-01 19:02:55,350 - inventory_backend.forecasting - INFO - Linear Regression (fast) forecast completed successfully
2026-09-01 19:02:55,353 - inventory_backend.forecasting - INFO - Linear Regression (fast) forecast completed successfully
2026-09-01 19:02:55,356 - inventory_backend.forecasting - INFO - Linear Regression (fast) forecast completed successfully
2026-09-01 19:02:55,359 - inventory_backend.forecasting - INFO - Linear Regression (fast) forecast completed successfully
2026-09-01 19:02:55,362 - inventory_backend.forecasting - INFO - Linear Regression (fast) forecast completed successfully
2026-09-01 19:02:55,365 - inventory_backend.forecasting - INFO - Linear Regression (fast) forecast completed successfully
2026-09-01 19:02:55,368 - inventory_backend.forecasting - INFO - Linear Regression (fast) forecast completed successfully
2026-09-01 19:02:55,370 - inventory_backend.forecasting - INFO - Linear Regression (fast) forecast completed successfully
2026-09-01 19:02:55,373 - inventory_backend.forecasting - INFO - Linear Regression (fast) forecast completed successfully
2026-09-01 19:02:55,376 - inventory_backend.forecasting - INFO - Linear Regression (fast) forecast completed successfully
2026-09-01 19:02:55,379 - inventory_backend.forecasting - INFO - Linear Regression (fast) forecast completed successfully
2026-09-01 19:02:55,382 - inventory_backend.forecasting - INFO - Linear Regression (fast) forecast completed successfully
2026-09-01 19:02:55,385 - inventory_backend.forecasting - INFO - Linear Regression (fast) forecast completed successfully
2026-09-01 19:02:55,388 - inventory_backend.forecasting - INFO - Linear Regression (fast) forecast completed successfully
2026-09-01 19:02:55,390 - inventory_backend.forecasting - INFO - Linear Regression (fast) forecast completed successfully
2026-09-01 19:02:55,393 - inventory_backend.forecasting - INFO - Linear Regression (fast) forecast completed successfully
2026-09-01 19:02:55,396 - inventory_backend.forecasting - INFO - Linear Regression (fast) forecast completed successfully
2026-09-01 19:02:55,399 - inventory_backend.forecasting - INFO - Linear Regression (fast) forecast completed successfully
2026-09-01 19:02:55,402 - inventory_backend.forecasting - INFO - Linear Regression (fast) forecast completed successfully
2026-09-01 19:02:55,405 - inventory_backend.forecasting - INFO - Linear Regression (fast) forecast completed successfully
2026-09-01 19:02:55,408 - inventory_backend.forecasting - INFO - Linear Regression (fast) forecast completed successfully
2026-09-01 19:02:55,410 - inventory_backend.forecasting - INFO - Linear Regression (fast) forecast completed successfully
2026-09-01 19:02:55,413 - inventory_backend.forecasting - INFO - Linear Regression (fast) forecast completed successfully
2026-09-01 19:02:55,416 - inventory_backend.forecasting - INFO - Linear Regression (fast) forecast completed successfully
2026-09-01 19:02:55,419 - inventory_backend.forecasting - INFO - Linear Regression (fast) forecast completed successfully
2026-09-01 19:02:55,422 - inventory_backend.forecasting - INFO - Linear Regression (fast) forecast completed successfully
2026-09-01 19:02:55,425 - inventory_backend.forecasting - INFO - Linear Regression (fast) forecast completed successfully
2026-09-01 19:02:55,427 - inventory_backend.forecasting - INFO - Linear Regression (fast) forecast completed successfully
2026-09-01 19:02:55,430 - inventory_backend.forecasting - INFO - Linear Regression (fast) forecast completed successfully
2026-09-01 19:02:55,433 - inventory_backend.forecasting - INFO - Linear Regression (fast) forecast completed successfully
2026-09-01 19:02:55,436 - inventory_backend.forecasting - INFO - Linear Regression (fast) forecast completed successfully
2026-09-01 19:02:55,439 - inventory_backend.forecasting - INFO - Linear Regression (fast) forecast completed successfully
2026-09-01 19:02:55,442 - inventory_backend.forecasting - INFO - Linear Regression (fast) forecast completed successfully
2026-09-01 19:02:55,444 - inventory_backend.forecasting - INFO - Linear Regression (fast) forecast completed successfully
2026-09-01 19:02:55,447 - inventory_backend.forecasting - INFO - Linear Regression (fast) forecast completed successfully
2026-09-01 19:02:55,450 - inventory_backend.forecasting - INFO - Linear Regression (fast) forecast completed successfully
2026-09-01 19:02:55,453 - inventory_backend.forecasting - INFO - Linear Regression (fast) forecast completed successfully
2026-09-01 19:02:55,456 - inventory_backend.forecasting - INFO - Linear Regression (fast) forecast completed successfully
2026-09-01 19:02:55,459 - inventory_backend.forecasting - INFO - Linear Regression (fast) forecast completed successfully
2026-09-01 19:02:55,461 - inventory_backend.forecasting - INFO - Linear Regression (fast) forecast completed successfully
2026-09-01 19:02:55,464 - inventory_backend.forecasting - INFO - Linear Regression (fast) forecast completed successfully
2026-09-01 19:02:55,467 - inventory_backend.forecasting - INFO - Linear Regression (fast) forecast completed successfully
2026-09-01 19:02:55,470 - inventory_backend.forecasting - INFO - Linear Regression (fast) forecast completed successfully
2026-09-01 19:02:55,473 - inventory_backend.forecasting - INFO - Linear Regression (fast) forecast completed successfully
2026-09-01 19:02:55,476 - inventory_backend.forecasting - INFO - Linear Regression (fast) forecast completed successfully
2026-09-01 19:02:55,479 - inventory_backend.forecasting - INFO - Linear Regression (fast) forecast completed successfully
2026-09-01 19:02:55,481 - inventory_backend.forecasting - INFO - Linear Regression (fast) forecast completed successfully
2026-09-01 19:02:55,484 - inventory_backend.forecasting - INFO - Linear Regression (fast) forecast completed successfully
2026-09-01 19:02:55,487 - inventory_backend.forecasting - INFO - Linear Regression (fast) forecast completed successfully
2026-09-01 19:02:55,490 - inventory_backend.forecasting - INFO - Linear Regression (fast) forecast completed successfully
2026-09-01 19:02:55,493 - inventory_backend.forecasting - INFO - Linear Regression (fast) forecast completed successfully
2026-09-01 19:02:55,496 - inventory_backend.forecasting - INFO - Linear Regression (fast) forecast completed successfully
2026-09-01 19:02:55,498 - inventory_backend.forecasting - INFO - Linear Regression (fast) forecast completed successfully
2026-09-01 19:02:55,501 - inventory_backend.forecasting - INFO - Linear Regression (fast) forecast completed successfully
2026-09-01 19:02:55,504 - inventory_backend.forecasting - INFO - Linear Regression (fast) forecast completed successfully
2026-09-01 19:02:55,507 - inventory_backend.forecasting - INFO - Linear Regression (fast) forecast completed successfully
2026-09-01 19:02:55,510 - inventory_backend.forecasting - INFO - Linear Regression (fast) forecast completed successfully
2026-09-01 19:02:55,513 - inventory_backend.forecasting - INFO - Linear Regression (fast) forecast completed successfully
2026-09-01 19:02:55,515 - inventory_backend.forecasting - INFO - Linear Regression (fast) forecast completed successfully
2026-09-01 19:02:55,518 - inventory_backend.forecasting - INFO - Linear Regression (fast) forecast completed successfully
2026-09-01 19:02:55,521 - inventory_backend.forecasting - INFO - Linear Regression (fast) forecast completed successfully
2026-09-01 19:02:55,524 - inventory_backend.forecasting - INFO - Linear Regression (fast) forecast completed successfully
2026-09-01 19:02:55,527 - inventory_backend.forecasting - INFO - Linear Regression (fast) forecast completed successfully
2026-09-01 19:02:55,530 - inventory_backend.forecasting - INFO - Linear Regression (fast) forecast completed successfully
2026-09-01 19:02:55,533 - inventory_backend.forecasting - INFO - Linear Regression (fast) forecast completed successfully
2026-09-01 19:02:55,535 - inventory_backend.forecasting - INFO - Linear Regression (fast) forecast completed successfully
2026-09-01 19:02:55,538 - inventory_backend.forecasting - INFO - Linear Regression (fast) forecast completed successfully
2026-09-01 19:02:55,541 - inventory_backend.forecasting - INFO - Linear Regression (fast) forecast completed successfully
2026-09-01 19:02:55,544 - inventory_backend.forecasting - INFO - Linear Regression (fast) forecast completed successfully
2026-09-01 19:02:55,547 - inventory_backend.forecasting - INFO - Linear Regression (fast) forecast completed successfully
2026-09-01 19:02:55,550 - inventory_backend.forecasting - INFO - Linear Regression (fast) forecast completed successfully
2026-09-01 19:02:55,552 - inventory_backend.forecasting - INFO - Linear Regression (fast) forecast completed successfully
2026-09-01 19:02:55,555 - inventory_backend.forecasting - INFO - Linear Regression (fast) forecast completed successfully
2026-09-01 19:02:55,558 - inventory_backend.forecasting - INFO - Linear Regression (fast) forecast completed successfully
2026-09-01 19:02:55,561 - inventory_backend.forecasting - INFO - Linear Regression (fast) forecast completed successfully
2026-09-01 19:02:55,564 - inventory_backend.forecasting - INFO - Linear Regression (fast) forecast completed successfully
2026-09-01 19:02:55,567 - inventory_backend.forecasting - INFO - Linear Regression (fast) forecast completed successfully
2026-09-01 19:02:55,569 - inventory_backend.forecasting - INFO - Linear Regression (fast) forecast completed successfully
2026-09-01 19:02:55,572 - inventory_backend.forecasting - INFO - Linear Regression (fast) forecast completed successfully
2026-09-01 19:02:55,575 - inventory_backend.forecasting - INFO - Linear Regression (fast) forecast completed successfully
2026-09-01 19:02:55,578 - inventory_backend.forecasting - INFO - Linear Regression (fast) forecast completed successfully
2026-09-01 19:02:55,581 - inventory_backend.forecasting - INFO - Linear Regression (fast) forecast completed successfully
2026-09-01 19:02:55,584 - inventory_backend.forecasting - INFO - Linear Regression (fast) forecast completed successfully
2026-09-01 19:02:55,587 - inventory_backend.forecasting - INFO - Linear Regression (fast) forecast completed successfully
2026-09-01 19:02:55,589 - inventory_backend.forecasting - INFO - Linear Regression (fast) forecast completed successfully
2026-09-01 19:02:55,592 - inventory_backend.forecasting - INFO - Linear Regression (fast) forecast completed successfully
2026-09-01 19:02:55,595 - inventory_backend.forecasting - INFO - Linear Regression (fast) forecast completed successfully
2026-09-01 19:02:55,598 - inventory_backend.forecasting - INFO - Linear Regression (fast) forecast completed successfully
2026-09-01 19:02:55,601 - inventory_backend.forecasting - INFO - Linear Regression (fast) forecast completed successfully
2026-09-01 19:02:55,604 - inventory_backend.forecasting - INFO - Linear Regression (fast) forecast completed successfully
2026-09-01 19:02:55,607 - inventory_backend.forecasting - INFO - Linear Regression (fast) forecast completed successfully
2026-09-01 19:02:55,610 - inventory_backend.forecasting - INFO - Linear Regression (fast) forecast completed successfully
2026-09-01 19:02:55,613 - inventory_backend.forecasting - INFO - Linear Regression (fast) forecast completed successfully
2026-09-01 19:02:55,616 - inventory_backend.forecasting - INFO - Linear Regression (fast) forecast completed successfully
2026-09-01 19:02:55,618 - inventory_backend.forecasting - INFO - Linear Regression (fast) forecast completed successfully
2026-09-01 19:02:55,621 - inventory_backend.forecasting - INFO - Linear Regression (fast) forecast completed successfully
2026-09-01 19:02:55,624 - inventory_backend.forecasting - INFO - Linear Regression (fast) forecast completed successfully
2026-09-01 19:02:55,627 - inventory_backend.forecasting - INFO - Linear Regression (fast) forecast completed successfully
2026-09-01 19:02:55,630 - inventory_backend.forecasting - INFO - Linear Regression (fast) forecast completed successfully
2026-09-01 19:02:55,633 - inventory_backend.forecasting - INFO - Linear Regression (fast) forecast completed successfully
2026-09-01 19:02:55,635 - inventory_backend.forecasting - INFO - Linear Regression (fast) forecast completed successfully
2026-09-01 19:02:55,638 - inventory_backend.forecasting - INFO - Linear Regression (fast) forecast completed successfully
2026-09-01 19:02:55,641 - inventory_backend.forecasting - INFO - Linear Regression (fast) forecast completed successfully
2026-09-01 19:02:55,644 - inventory_backend.forecasting - INFO - Linear Regression (fast) forecast completed successfully
2026-09-01 19:02:55,647 - inventory_backend.forecasting - INFO - Linear Regression (fast) forecast completed successfully
2026-09-01 19:02:55,649 - inventory_backend.forecasting - INFO - Linear Regression (fast) forecast completed successfully
2026-09-01 19:02:55,652 - inventory_backend.forecasting - INFO - Linear Regression (fast) forecast completed successfully
2026-09-01 19:02:55,655 - inventory_backend.forecasting - INFO - Linear Regression (fast) forecast completed successfully
2026-09-01 19:02:55,658 - inventory_backend.forecasting - INFO - Linear Regression (fast) forecast completed successfully
2026-09-01 19:02:55,660 - inventory_backend.forecasting - INFO - Linear Regression (fast) forecast completed successfully
2026-09-01 19:02:55,663 - inventory_backend.forecasting - INFO - Linear Regression (fast) forecast completed successfully
2026-09-01 19:02:55,666 - inventory_backend.forecasting - INFO - Linear Regression (fast) forecast completed successfully
2026-09-01 19:02:55,669 - inventory_backend.forecasting - INFO - Linear Regression (fast) forecast completed successfully
2026-09-01 19:02:55,670 - inventory_backend.prediction_engine - INFO - ML Pipeline execution finished. Generated 512 predictions.
